-- --------------------------------------------------------
-- Host:                         127.0.0.1
-- Server version:               10.1.16-MariaDB - mariadb.org binary distribution
-- Server OS:                    Win32
-- HeidiSQL Version:             9.3.0.4984
-- --------------------------------------------------------

/*!40101 SET @OLD_CHARACTER_SET_CLIENT=@@CHARACTER_SET_CLIENT */;
/*!40101 SET NAMES utf8mb4 */;
/*!40014 SET @OLD_FOREIGN_KEY_CHECKS=@@FOREIGN_KEY_CHECKS, FOREIGN_KEY_CHECKS=0 */;
/*!40101 SET @OLD_SQL_MODE=@@SQL_MODE, SQL_MODE='NO_AUTO_VALUE_ON_ZERO' */;

-- Dumping structure for table occassions_pro_db.activations
CREATE TABLE IF NOT EXISTS `activations` (
  `id` int(10) unsigned NOT NULL AUTO_INCREMENT,
  `user_id` int(10) unsigned NOT NULL,
  `code` varchar(255) COLLATE utf8_unicode_ci NOT NULL,
  `completed` tinyint(1) NOT NULL DEFAULT '0',
  `completed_at` timestamp NULL DEFAULT NULL,
  `created_at` timestamp NULL DEFAULT NULL,
  `updated_at` timestamp NULL DEFAULT NULL,
  PRIMARY KEY (`id`)
) ENGINE=InnoDB AUTO_INCREMENT=33 DEFAULT CHARSET=utf8 COLLATE=utf8_unicode_ci;

-- Dumping data for table occassions_pro_db.activations: ~31 rows (approximately)
/*!40000 ALTER TABLE `activations` DISABLE KEYS */;
INSERT INTO `activations` (`id`, `user_id`, `code`, `completed`, `completed_at`, `created_at`, `updated_at`) VALUES
	(1, 1, 'uKvxHU0gyNgdKM5eYbaB34TjP8LHwopD', 1, '2017-05-10 16:09:17', '2017-05-10 16:09:17', '2017-05-10 16:09:17'),
	(2, 2, 'YuXkhafcAnufUGbhHJsFNs9qJDdH026z', 1, '2017-05-10 16:09:17', '2017-05-10 16:09:17', '2017-05-10 16:09:17'),
	(3, 3, 'pAHI9Cevzu90KNMDtFjJ9G2jPdJA3why', 1, '2017-05-10 16:09:18', '2017-05-10 16:09:17', '2017-05-10 16:09:18'),
	(4, 4, 'Bqx26MZzGfLNm2ltz9Zg3mcWMyDICX6v', 1, '2017-05-10 16:09:18', '2017-05-10 16:09:18', '2017-05-10 16:09:18'),
	(5, 5, 'vERwgG3Jtw1LQILAU4UNVF5asnnrrqTD', 1, '2017-05-10 16:09:18', '2017-05-10 16:09:18', '2017-05-10 16:09:18'),
	(6, 6, '2v7Kd4nICEC1agYOXTC4zP1Vgm6VecCR', 1, '2017-05-10 16:09:19', '2017-05-10 16:09:18', '2017-05-10 16:09:19'),
	(7, 7, 'NMVdO6i68sWY4XnBzF3Dwg0klj6JSNs8', 1, '2017-05-10 16:09:19', '2017-05-10 16:09:19', '2017-05-10 16:09:19'),
	(8, 8, 'X426r2ktaESbT9Co7cJjxQUsvZsGmBNo', 1, NULL, '2017-05-10 16:09:22', '2017-05-10 16:09:22'),
	(9, 9, 'UZN1UFKPsoNljWPJoPzzx8ae60VveUUX', 1, NULL, '2017-05-10 16:09:22', '2017-05-10 16:09:22'),
	(10, 10, 'qrNlp5QuMAGcW1WBaXYECtl45gAkbvbl', 1, NULL, '2017-05-10 16:09:23', '2017-05-10 16:09:23'),
	(11, 11, 'FppAUSTfwbLIXdHNqVTz0WX4dWQQ9feX', 1, NULL, '2017-05-10 16:09:23', '2017-05-10 16:09:24'),
	(12, 12, 'T18Nh6Ekj09igmVHtcXEgWYtdo5XC8m5', 1, NULL, '2017-05-10 16:09:24', '2017-05-10 16:09:24'),
	(13, 13, '7Nm7znzf1DKq5eU44weTwV6bqQTSKrlf', 1, NULL, '2017-05-10 16:09:24', '2017-05-10 16:09:24'),
	(14, 14, 'QUkelFCGlItCynv1aqlYZ4Q0aWT4yZkh', 1, NULL, '2017-05-10 16:09:24', '2017-05-10 16:09:24'),
	(15, 15, 'bydlIzFi1ij7eb1wllCFTiJLPAOyfcgM', 1, NULL, '2017-05-10 16:09:25', '2017-05-10 16:09:25'),
	(16, 16, 'bolj0gMCYr9uXbupRbxHQHK5FIFum8KO', 1, NULL, '2017-05-10 16:09:25', '2017-05-10 16:09:25'),
	(17, 17, 'FqesFK6IgmbjeKIsnwX1HOD9EiOgVODa', 1, NULL, '2017-05-10 16:09:25', '2017-05-10 16:09:25'),
	(18, 18, 'Y9T6bSFIsZnbnfNkIdDykwDxTaN78STV', 1, NULL, '2017-05-10 16:09:26', '2017-05-10 16:09:26'),
	(19, 19, 'Wbbdz9xaELZ4IXWbGbsToxMnmgqFs7YA', 1, NULL, '2017-05-10 16:09:26', '2017-05-10 16:09:26'),
	(20, 20, 'KNbgZPfKTLvpZrxISa3qgvPcoJKwUREw', 1, NULL, '2017-05-10 16:09:27', '2017-05-10 16:09:27'),
	(21, 21, '6K2tq92PT77SYpu6Ulq9VZxNsaidmKpF', 1, NULL, '2017-05-10 16:09:27', '2017-05-10 16:09:27'),
	(22, 22, 'FLBuRqORbTapPm0P9bqsB4i93DlQTnsz', 1, NULL, '2017-05-10 16:09:28', '2017-05-10 16:09:28'),
	(23, 23, 'AbAFOiU0tKaoBlLVp9ipVU4R9h5QRcXl', 1, NULL, '2017-05-10 16:09:28', '2017-05-10 16:09:28'),
	(24, 24, 'c2zG628fi1G09xCIPTvxjIKFwxedLde0', 1, NULL, '2017-05-10 16:09:28', '2017-05-10 16:09:28'),
	(25, 25, 'ttrIpTwHjlYwHtpKzvTeOz0iXHLxNAKH', 1, NULL, '2017-05-10 16:09:29', '2017-05-10 16:09:29'),
	(26, 26, 'ewo8ROyQ1YTRjsFghBTDWOuuiw4uCYk3', 1, NULL, '2017-05-10 16:09:29', '2017-05-10 16:09:29'),
	(27, 27, 'gUHSPGHVbfAyASbF5HO86Kt4SvcPVFOz', 1, NULL, '2017-05-10 16:09:30', '2017-05-10 16:09:30'),
	(28, 28, 'U6hafxzaqm3NCdBfP6mzsYQzKBznbFwE', 1, '2017-05-12 17:02:50', '2017-05-12 17:02:50', '2017-05-12 17:02:50'),
	(29, 29, 'XMuqc39u5AWVF5X6YDuPq0i1en6fBXgO', 1, '2017-05-15 15:54:57', '2017-05-15 15:54:57', '2017-05-15 15:54:57'),
	(30, 30, 'I7m4opCOuDyYg9CiWyaiUfmQywJ5ccAl', 1, '2017-05-15 15:55:32', '2017-05-15 15:55:32', '2017-05-15 15:55:32'),
	(31, 31, 'u8y41WVmFRwZ57AcCiE92X1j9GssMJW7', 1, '2017-05-15 16:09:38', '2017-05-15 16:09:37', '2017-05-15 16:09:38'),
	(32, 32, '7ULusKNCeCi2rT32hD5KiGTfiPv4Paf5', 1, '2017-05-15 16:12:05', '2017-05-15 16:12:05', '2017-05-15 16:12:05');
/*!40000 ALTER TABLE `activations` ENABLE KEYS */;


-- Dumping structure for table occassions_pro_db.blog_posts
CREATE TABLE IF NOT EXISTS `blog_posts` (
  `id` int(10) unsigned NOT NULL AUTO_INCREMENT,
  `uuid` char(36) COLLATE utf8_unicode_ci NOT NULL,
  `title` varchar(255) COLLATE utf8_unicode_ci NOT NULL,
  `slug` varchar(255) COLLATE utf8_unicode_ci NOT NULL,
  `featured_image` varchar(255) COLLATE utf8_unicode_ci DEFAULT NULL,
  `content` text COLLATE utf8_unicode_ci,
  `status` enum('0','1','2') COLLATE utf8_unicode_ci NOT NULL,
  `created_by` int(11) NOT NULL,
  `deleted_at` timestamp NULL DEFAULT NULL,
  `created_at` timestamp NULL DEFAULT NULL,
  `updated_at` timestamp NULL DEFAULT NULL,
  `uid` varchar(255) COLLATE utf8_unicode_ci NOT NULL,
  PRIMARY KEY (`id`),
  UNIQUE KEY `blog_posts_slug_unique` (`slug`)
) ENGINE=InnoDB AUTO_INCREMENT=34 DEFAULT CHARSET=utf8 COLLATE=utf8_unicode_ci;

-- Dumping data for table occassions_pro_db.blog_posts: ~27 rows (approximately)
/*!40000 ALTER TABLE `blog_posts` DISABLE KEYS */;
INSERT INTO `blog_posts` (`id`, `uuid`, `title`, `slug`, `featured_image`, `content`, `status`, `created_by`, `deleted_at`, `created_at`, `updated_at`, `uid`) VALUES
	(1, '6e6a2544-b9ec-34dd-a41a-9412d9f8f13b', 'Zealand or Australia?\' (and she tried to get through the door, staring.', 'est-dolore-ut-hic-quia-quos-quam-et', '/storage/uploads/blog-posts/2.jpg', 'Modi quia quos et asperiores quia. Distinctio deleniti quis quia omnis non itaque. Excepturi rerum atque numquam id. Autem voluptatibus autem nihil vero ipsum voluptatibus.', '1', 1, NULL, '2017-05-10 16:09:30', '2017-05-10 16:09:30', ''),
	(2, '426bc9f9-9e83-3c11-96cc-1f2bbac9c702', 'Duchess,\' she said to the voice of the court with a growl, And concluded.', 'maiores-modi-tempora-molestiae', '/storage/uploads/blog-posts/2.jpg', 'Nihil non aut quis quaerat doloremque praesentium consequatur. Aspernatur ea nesciunt nihil eum nihil. Enim accusantium aut totam.', '1', 1, NULL, '2017-05-10 16:09:30', '2017-05-10 16:09:30', ''),
	(3, '6322fb47-2c8d-352f-9925-582bdb6a20be', 'So she set off at once to eat her up in such a puzzled expression that.', 'asperiores-in-ratione-ex-nesciunt-est', '/storage/uploads/blog-posts/2.jpg', 'Itaque assumenda voluptatibus aut soluta debitis. Minima aspernatur officia ut culpa qui laudantium iure.', '1', 1, NULL, '2017-05-10 16:09:30', '2017-05-10 16:09:30', ''),
	(4, 'f8c40d4d-b9f0-3099-9847-3b87a8ea132a', 'Gryphon, and, taking Alice by the whole party look so grave and anxious.).', 'sequi-quae-perspiciatis-voluptas-quae-deleniti-eum-omnis', '/storage/uploads/blog-posts/2.jpg', 'Reprehenderit id repellat unde error et nulla. Qui facilis reiciendis voluptas accusamus. Minima molestiae in impedit alias ea ullam. Excepturi et deserunt tempora sed.', '1', 1, NULL, '2017-05-10 16:09:30', '2017-05-10 16:09:30', ''),
	(5, '940d35dc-64fd-3d28-9698-6298cfcb028d', 'I wonder?\' Alice guessed who it was, and, as the White Rabbit hurried.', 'reprehenderit-dicta-sint-vel-doloribus-iure', '/storage/uploads/blog-posts/2.jpg', 'Sunt ut perspiciatis aspernatur adipisci. Non consequatur aspernatur dolor. Repellendus praesentium laboriosam et. Nulla nobis autem repellendus in nostrum.', '1', 1, NULL, '2017-05-10 16:09:30', '2017-05-10 16:09:30', ''),
	(7, 'f99225d2-0d9a-3e31-b906-f0afb4dc5e8d', 'I know?\' said Alice, a little recovered from the Queen to play croquet.\'.', 'deserunt-maiores-est-ipsa-in-fuga', '/storage/uploads/blog-posts/2.jpg', 'Dolores maxime nobis porro earum ad quo deserunt. Quam facilis ea voluptas dolor facilis voluptates neque vel. Alias eaque ducimus commodi sit molestiae.', '1', 1, NULL, '2017-05-10 16:09:31', '2017-05-10 16:09:31', ''),
	(8, '77970d6b-6d35-3ae8-9d9b-dd8b809f2cb3', 'Alice started to her very earnestly, \'Now, Dinah, tell me who YOU are,.', 'sed-omnis-aut-officia', '/storage/uploads/blog-posts/2.jpg', 'Fugit voluptatem nam veniam sed harum quia quo. Ut odit debitis velit dolores tempore. Doloribus nulla voluptatem facilis dolorum veritatis est fuga tempora. Aspernatur debitis voluptatum excepturi.', '1', 1, NULL, '2017-05-10 16:09:31', '2017-05-10 16:09:31', ''),
	(9, 'e2f56c03-fe78-327e-bba2-dfda5327de64', 'Gryphon as if he wasn\'t one?\' Alice asked. \'We called him Tortoise.', 'modi-consequatur-illum-itaque-fuga-quas', '/storage/uploads/blog-posts/2.jpg', 'Sint qui amet temporibus ipsa consequatur repellat fuga. Quod nam et rerum tenetur. Quia voluptatem officiis nisi temporibus aliquid dolore quos.', '1', 1, NULL, '2017-05-10 16:09:31', '2017-05-10 16:09:31', ''),
	(10, '108e1eaf-1aeb-38ff-a2b2-6bc07559241c', 'She went in search of her childhood: and how she was shrinking rapidly;.', 'fuga-libero-quaerat-quia-voluptatibus-quisquam-reiciendis', '/storage/uploads/blog-posts/2.jpg', 'Facere ipsa saepe et tempore voluptate. Ad eligendi perferendis fuga vero architecto excepturi. Aliquid totam commodi saepe velit ea sequi. Est delectus facere omnis fugit sit nulla.', '1', 1, NULL, '2017-05-10 16:09:31', '2017-05-10 16:09:31', ''),
	(11, '576c9892-9fb7-3073-80e0-70d18eb5c147', 'YET,\' she said aloud. \'I shall be late!\' (when she thought it must be.', 'eaque-et-pariatur-in-cum-soluta-ut', '/storage/uploads/blog-posts/2.jpg', 'Quod dolore fuga enim provident cupiditate. Et dicta aut et. Quis voluptatibus earum accusamus perspiciatis assumenda dolores blanditiis. Vero mollitia qui rem sit recusandae alias voluptas.', '1', 1, NULL, '2017-05-10 16:09:31', '2017-05-10 16:09:31', ''),
	(12, '8f1eb0a9-bd67-373e-ab96-dd6915946115', 'Hatter. \'Stolen!\' the King exclaimed, turning to Alice, \'Have you seen.', 'officiis-hic-et-aperiam-ipsam-molestiae-et', '/storage/uploads/blog-posts/2.jpg', 'Et eaque omnis maxime dolor modi vel aut. Quia itaque rerum delectus aut. Quaerat aliquid dolorem aperiam praesentium omnis.', '1', 1, NULL, '2017-05-10 16:09:31', '2017-05-10 16:09:31', ''),
	(13, 'eacf57d8-2711-3a38-beac-d6ecc1319590', 'What made you so awfully clever?\' \'I have answered three questions, and.', 'culpa-tempore-dolore-ut-vitae-in', '/storage/uploads/blog-posts/2.jpg', 'Nulla quis et esse consequuntur. Repellat illo dicta enim pariatur sed inventore. Dolor at harum cumque distinctio.', '1', 1, NULL, '2017-05-10 16:09:31', '2017-05-10 16:09:31', ''),
	(14, '984b67a1-cb21-3152-aec4-ee2e916a1fea', 'WILL do next! If they had settled down again, the cook tulip-roots.', 'sunt-rerum-fugiat-et', '/storage/uploads/blog-posts/2.jpg', 'Optio qui sequi doloribus laborum. Et ut porro quasi ex omnis a.', '1', 1, NULL, '2017-05-10 16:09:31', '2017-05-10 16:09:31', ''),
	(15, '61157755-1409-3b40-805f-457db5d402c8', 'Pigeon; \'but if they do, why then they\'re a kind of authority over Alice..', 'consequatur-voluptatibus-quisquam-dicta-maiores', '/storage/uploads/blog-posts/2.jpg', 'Beatae deleniti dolor nostrum et. Asperiores dolor voluptatem sed rerum ea. Quo est quia dolores ut nostrum voluptatem ut. Distinctio quia repellat et minima aliquam nulla voluptatum.', '1', 1, NULL, '2017-05-10 16:09:31', '2017-05-10 16:09:31', ''),
	(16, '6dcbf40b-e22a-36b3-be62-090b1ceed88d', 'Seaography: then Drawling--the Drawling-master was an old woman--but.', 'eos-quae-autem-aliquid-nostrum-nemo', '/storage/uploads/blog-posts/2.jpg', 'Qui quibusdam quis eaque sequi quae nulla. Sed molestias iure qui voluptatibus perspiciatis illum sit enim.', '1', 1, NULL, '2017-05-10 16:09:31', '2017-05-10 16:09:31', ''),
	(17, '40627', 'Alice, \'to pretend to be no chance of her sister, who was beginning to.', 'alice-to-pretend-to-be-no-chance-of-her-sister-who-was-beginning-to', '/storage/uploads/blog-posts/30f0f2c9dc62eee2091f689502fbb3af.jpeg', '<p>Qui ullam impedit numquam. Cum cupiditate sit accusantium minus saepe possimus iusto. Ex dolorem excepturi minus commodi sed id. Similique qui est doloribus quia et. asdasdasdasdasd</p>\r\n', '0', 1, NULL, '2017-05-10 16:09:32', '2017-05-15 16:28:28', ''),
	(18, '0a3f986c-7644-396f-a2e7-7f0777495ebf', 'Alice, whose thoughts were still running on the trumpet, and then turned.', 'minus-possimus-itaque-vitae-officia-ut-sit-illum-repellat', '/storage/uploads/blog-posts/2.jpg', 'Dolorem error commodi et aut assumenda quos eos. Laudantium eos est exercitationem beatae quod. Beatae nihil ut aut unde quo fugit ipsum. Aut suscipit quasi id nisi totam praesentium.', '1', 1, NULL, '2017-05-10 16:09:32', '2017-05-10 16:09:32', ''),
	(19, 'f5dac434-3990-3b17-99d7-06e688189c40', 'I think?\' he said to Alice; and Alice rather unwillingly took the hookah.', 'eveniet-beatae-est-et-enim-totam-ducimus', '/storage/uploads/blog-posts/2.jpg', 'Et consequuntur sit enim quidem. In cumque eligendi fugit molestiae nemo assumenda sed. Expedita ut necessitatibus deleniti impedit ad.', '1', 1, NULL, '2017-05-10 16:09:32', '2017-05-10 16:09:32', ''),
	(20, '2bb09907-b303-3269-b62d-42bf247ae0f6', 'White Rabbit, jumping up and saying, \'Thank you, it\'s a very fine day!\'.', 'repellat-molestias-aut-pariatur', '/storage/uploads/blog-posts/2.jpg', 'Ut magni quasi et esse veniam recusandae fugiat. Et et error porro temporibus voluptas officia possimus. Placeat qui pariatur dolores laudantium praesentium.', '1', 1, NULL, '2017-05-10 16:09:32', '2017-05-10 16:09:32', ''),
	(21, '20350766-3513-3d9b-a762-0d7fc8094f9e', 'Who in the pool, and the Dormouse said--\' the Hatter continued, \'in this.', 'fuga-accusamus-earum-eos-voluptas-tenetur-eum-eligendi', '/storage/uploads/blog-posts/2.jpg', 'Porro vel aut harum cumque odit et et. Explicabo dolorum eveniet possimus non vel velit ipsam. Porro consequatur ab eaque voluptatum dolorem. Assumenda quisquam et et nihil et dolor assumenda.', '1', 1, NULL, '2017-05-10 16:09:32', '2017-05-10 16:09:32', ''),
	(22, '4bbeafc8-eddf-355c-9adc-00263bf0e86d', 'Soup of the trees had a pencil that squeaked. This of course, to begin.', 'sint-at-fuga-officiis-et-expedita-inventore', '/storage/uploads/blog-posts/2.jpg', 'Harum placeat et debitis laborum est enim. Esse debitis incidunt adipisci sequi consectetur vero a.', '1', 1, NULL, '2017-05-10 16:09:32', '2017-05-10 16:09:32', ''),
	(23, 'e50d55d6-d888-3f2b-833f-82f8ddd69e9b', 'How puzzling all these strange Adventures of hers that you couldn\'t cut.', 'recusandae-quisquam-consequatur-sapiente-ad-asperiores-minima-et-molestiae', '/storage/uploads/blog-posts/2.jpg', 'Voluptatem illum harum dolore sed eos autem. Maiores sit dolores voluptates. Excepturi sunt ipsum praesentium modi et.', '1', 1, NULL, '2017-05-10 16:09:32', '2017-05-10 16:09:32', ''),
	(24, '8ca9d047-b4ce-304b-bbf6-029d292a5b0f', 'COULD he turn them out with his head!"\' \'How dreadfully savage!\'.', 'deserunt-et-eaque-autem-enim-voluptate-et-atque-ea', '/storage/uploads/blog-posts/2.jpg', 'Ut perferendis vitae enim quia eaque rem. Iusto vero quia et sint fugiat temporibus ad sit. Consequatur aliquam dolor sunt qui fugiat.', '1', 1, NULL, '2017-05-10 16:09:32', '2017-05-10 16:09:32', ''),
	(25, '4575c72c-dfc7-3803-b9df-fb856611c8cb', 'Alice called after it; and while she was terribly frightened all the.', 'cumque-mollitia-quas-aperiam-tempore-ad', '/storage/uploads/blog-posts/2.jpg', 'Perferendis iure incidunt optio qui ea impedit. Earum sunt commodi beatae. Sed quos rem accusantium suscipit numquam. Officia exercitationem temporibus maxime eius non quod commodi.', '1', 1, NULL, '2017-05-10 16:09:32', '2017-05-10 16:09:32', ''),
	(26, '77235', 'New Port', 'new-port', '/storage/uploads/blog-posts/126054152bceac3218a684a541196c99.jpeg', '<p>New Port</p>\r\n', '1', 6, NULL, '2017-05-15 16:48:44', '2017-05-15 16:48:44', ''),
	(29, '54458', '', '', NULL, '', '1', 6, NULL, '2017-05-15 16:59:06', '2017-05-15 16:59:06', ''),
	(33, '4521', 'asdasdasdasdasd', 'asdasdasdasdasd', NULL, '<p>dasd</p>\r\n', '1', 6, NULL, '2017-05-15 17:00:11', '2017-05-15 17:00:11', '');
/*!40000 ALTER TABLE `blog_posts` ENABLE KEYS */;


-- Dumping structure for table occassions_pro_db.events_bids
CREATE TABLE IF NOT EXISTS `events_bids` (
  `id` int(10) unsigned NOT NULL AUTO_INCREMENT,
  `details` text COLLATE utf8_unicode_ci NOT NULL,
  `created_by` int(11) NOT NULL,
  `event_id` int(11) NOT NULL,
  `status` enum('0','1','2','3') COLLATE utf8_unicode_ci NOT NULL,
  `deleted_at` timestamp NULL DEFAULT NULL,
  `created_at` timestamp NULL DEFAULT NULL,
  `updated_at` timestamp NULL DEFAULT NULL,
  `uid` varchar(255) COLLATE utf8_unicode_ci DEFAULT NULL,
  PRIMARY KEY (`id`)
) ENGINE=InnoDB AUTO_INCREMENT=60 DEFAULT CHARSET=utf8 COLLATE=utf8_unicode_ci;

-- Dumping data for table occassions_pro_db.events_bids: ~16 rows (approximately)
/*!40000 ALTER TABLE `events_bids` DISABLE KEYS */;
INSERT INTO `events_bids` (`id`, `details`, `created_by`, `event_id`, `status`, `deleted_at`, `created_at`, `updated_at`, `uid`) VALUES
	(1, 'A aliquid quidem possimus sed qui eum odio eveniet. Tempora libero officiis reiciendis tempore magni aut. Autem quo magni quia vel dignissimos. Vel neque occaecati occaecati facilis facere velit.', 2, 5, '0', NULL, '2017-05-10 16:09:59', '2017-05-10 16:10:01', ''),
	(2, 'Quo laboriosam et sed nihil inventore dignissimos. Perspiciatis eum enim sit quisquam sed quisquam. Cum reiciendis eum eveniet laborum. Iste eligendi itaque omnis et nam.', 10, 5, '0', NULL, '2017-05-10 16:09:59', '2017-05-10 16:10:01', ''),
	(3, 'Fugiat id possimus ut quo in sit. Minima voluptatem sunt et ad eveniet. Nihil voluptate voluptas est iusto.', 3, 2, '2', NULL, '2017-05-10 16:09:59', '2017-05-15 10:00:22', ''),
	(4, 'Excepturi perferendis fugit possimus quis odio consectetur. Est aut quod et enim. Natus quia sed sunt enim. Et quasi quia culpa odio aut.', 5, 6, '0', NULL, '2017-05-10 16:09:59', '2017-05-10 16:10:01', ''),
	(5, 'Nobis saepe in laudantium occaecati occaecati repudiandae id autem. Accusantium nisi illum illum. Iure amet non molestiae quis rerum qui et.', 10, 10, '0', NULL, '2017-05-10 16:09:59', '2017-05-10 16:10:01', ''),
	(6, 'Omnis accusamus blanditiis cumque rerum qui alias et. Voluptas incidunt ut occaecati velit est et.', 3, 19, '0', NULL, '2017-05-10 16:09:59', '2017-05-10 16:10:01', ''),
	(7, 'Ratione quod optio sunt consequatur. Quaerat distinctio quia omnis officiis. Suscipit ab veritatis consequatur est nesciunt veniam ducimus.', 10, 20, '0', NULL, '2017-05-10 16:09:59', '2017-05-10 16:10:01', ''),
	(8, 'Cumque sapiente omnis dolores dolore facere ut. Dolore aliquid culpa quas nemo consequatur omnis et. Pariatur officiis architecto voluptas asperiores dolore optio.', 10, 20, '0', NULL, '2017-05-10 16:09:59', '2017-05-10 16:10:01', ''),
	(9, 'Delectus libero omnis et. Deserunt aut suscipit architecto deleniti iusto. Ea earum possimus qui est non iste deserunt. Aut eius sequi dignissimos atque vel.', 4, 9, '0', NULL, '2017-05-10 16:10:00', '2017-05-10 16:10:01', ''),
	(10, 'Similique aliquam blanditiis nobis. Omnis ea nihil aliquid consequatur et quis odit. Ea alias ullam minima enim et ipsam. Officia facilis veniam eaque eum consequatur velit ipsum dolorem.', 7, 20, '0', NULL, '2017-05-10 16:10:00', '2017-05-10 16:10:01', ''),
	(11, 'Et laudantium necessitatibus aut aliquam fugit. Nihil molestiae id tenetur consequatur. Molestiae illo fugiat quia quidem eos cumque.', 5, 10, '0', NULL, '2017-05-10 16:10:00', '2017-05-10 16:10:01', ''),
	(12, 'Ex velit voluptatem aperiam numquam. Reprehenderit deserunt vitae impedit doloremque tempora totam. Voluptas consequatur nihil doloribus impedit molestiae ipsum dicta est.', 10, 2, '3', NULL, '2017-05-10 16:10:00', '2017-05-15 09:35:40', ''),
	(13, 'Maxime aut voluptate et dolore asperiores. Veniam tempora repellat praesentium deleniti consequatur esse nobis.', 8, 12, '0', NULL, '2017-05-10 16:10:00', '2017-05-10 16:10:01', ''),
	(14, 'Rem corporis corporis accusantium illum veniam consequuntur. Sint ab quidem harum velit et. Est voluptatibus maiores repellat voluptatum quisquam et quia est.', 3, 20, '0', NULL, '2017-05-10 16:10:00', '2017-05-10 16:10:01', ''),
	(15, 'Ad amet aut beatae quo et sed labore. Magni tempore voluptatem quos rerum et dolores qui. Voluptas corporis perspiciatis aut hic sed. Nisi perspiciatis est perferendis eligendi.', 2, 3, '0', NULL, '2017-05-10 16:10:00', '2017-05-10 16:10:01', ''),
	(16, 'Iure soluta ut est in qui et et. Et aspernatur accusamus ipsam. Dignissimos sapiente et excepturi distinctio in et.', 3, 5, '0', NULL, '2017-05-10 16:10:00', '2017-05-10 16:10:02', ''),
	(17, 'Consequatur velit culpa non repudiandae nam officia. Fugit deserunt aliquam vero. Voluptas optio recusandae iusto at voluptas. Nostrum ut aut et qui.', 2, 8, '0', NULL, '2017-05-10 16:10:00', '2017-05-10 16:10:02', ''),
	(18, 'Quae omnis aut et accusantium. Perferendis quos voluptas ab doloremque nihil consectetur. Quia ut sit ratione.', 7, 10, '0', NULL, '2017-05-10 16:10:00', '2017-05-10 16:10:02', ''),
	(19, 'Sunt voluptatem suscipit commodi et animi eligendi quidem. Asperiores ut soluta deleniti voluptas illum voluptates optio. Itaque aut est quod ipsam. Qui voluptatibus quod pariatur assumenda.', 6, 16, '0', NULL, '2017-05-10 16:10:00', '2017-05-10 16:10:02', ''),
	(20, 'Earum quaerat accusamus sapiente maxime voluptas deleniti rem. Repellendus numquam accusantium atque non cum. Nulla aspernatur saepe et et aliquam.', 2, 9, '0', NULL, '2017-05-10 16:10:00', '2017-05-10 16:10:02', ''),
	(21, 'Quo incidunt tempora dolore est natus. Commodi eum quam perspiciatis et. Nam quam est voluptate sed enim rem eligendi. Et recusandae maiores placeat sit non possimus voluptas ab.', 1, 17, '0', NULL, '2017-05-10 16:10:00', '2017-05-10 16:10:02', ''),
	(22, 'Delectus aliquam voluptates omnis aspernatur dolores. Quis a inventore consequuntur quam tenetur fuga et.', 10, 8, '0', NULL, '2017-05-10 16:10:00', '2017-05-10 16:10:02', ''),
	(23, 'Neque eveniet debitis voluptatem est ut sit. Ut aut sunt aliquam dolorem. Aut ut reprehenderit itaque ullam eum eos porro. Ipsum autem quia cum voluptatum.', 10, 18, '0', NULL, '2017-05-10 16:10:00', '2017-05-10 16:10:02', ''),
	(24, 'Saepe quos laudantium fugit qui sit qui aliquam. Nostrum rerum consequuntur aut commodi sint omnis est. Eveniet itaque quis eum at at.', 6, 14, '0', NULL, '2017-05-10 16:10:00', '2017-05-10 16:10:02', ''),
	(25, 'Aut quas sapiente sed est sed velit. Ut qui distinctio sunt reprehenderit aut. Rem sit omnis porro earum et deleniti.', 4, 8, '0', NULL, '2017-05-10 16:10:00', '2017-05-10 16:10:02', ''),
	(26, 'HEY BABY :D:D:D', 28, 1, '3', NULL, '2017-05-12 17:16:48', '2017-05-20 20:42:55', ''),
	(27, 'HEY BABY :D:D:D', 28, 1, '3', NULL, '2017-05-12 17:16:54', '2017-05-20 20:42:55', ''),
	(28, 'HEY BABY :D:D:D', 28, 1, '3', NULL, '2017-05-12 17:17:21', '2017-05-20 20:42:55', ''),
	(29, 'HEY BABY :D:D:D', 28, 1, '3', NULL, '2017-05-12 17:18:11', '2017-05-20 20:42:55', ''),
	(30, 'HEY BABY :D:D:D', 28, 13, '2', NULL, '2017-05-12 17:18:11', '2017-05-13 05:28:04', ''),
	(31, 'Hi there !', 28, 2, '3', NULL, '2017-05-13 17:32:28', '2017-05-15 09:35:40', ''),
	(32, 'THIS IS A TEST YOW!', 28, 18, '0', NULL, '2017-05-20 20:41:46', '2017-05-20 20:41:46', ''),
	(33, 'sdasd', 28, 43, '1', NULL, '2017-05-28 07:19:26', '2017-05-28 07:22:45', 'ZxVm6NovRy4lrMPdzjEp'),
	(34, 'HEY !!!', 25, 11, '2', NULL, '2017-05-28 12:39:13', '2017-05-28 12:39:13', 'Oxwmq15BJM5J2gnAyd3V'),
	(35, 'asd', 25, 42, '2', NULL, '2017-05-28 13:16:07', '2017-05-28 13:16:07', 'Ep3OBbo4JdY86DNY9Zng'),
	(36, 'asdasdas', 25, 41, '2', NULL, '2017-05-28 13:16:16', '2017-05-28 13:16:16', 'N1YyL2WVJwql7jQnveA3'),
	(37, 'asdasd', 28, 42, '0', NULL, '2017-06-03 18:55:11', '2017-06-03 18:55:11', NULL),
	(38, 'asdasd', 28, 42, '0', NULL, '2017-06-03 18:55:20', '2017-06-03 18:55:20', NULL),
	(39, 'asdasd', 28, 42, '0', NULL, '2017-06-03 18:57:19', '2017-06-03 18:57:19', NULL),
	(40, 'asdasd', 28, 42, '0', NULL, '2017-06-03 18:58:22', '2017-06-03 18:58:22', NULL),
	(41, 'asdasd', 28, 42, '0', NULL, '2017-06-03 19:01:25', '2017-06-03 19:01:25', NULL),
	(42, '', 0, 0, '', NULL, '2017-06-03 19:02:28', '2017-06-03 19:02:28', NULL),
	(43, 'asdasd', 28, 42, '0', NULL, '2017-06-03 19:04:02', '2017-06-03 19:04:02', 'dq3oxBnD8A6lpOvX19Qy'),
	(44, 'asdasd', 28, 42, '0', NULL, '2017-06-03 19:04:17', '2017-06-03 19:04:17', 'GodmVwM3RjLQ85naxPeW'),
	(45, 'asdasdasdasd', 28, 42, '0', NULL, '2017-06-03 19:05:43', '2017-06-03 19:05:43', 'OodD1WQ9J6BBJn6ZmGAx'),
	(46, 'asdasd', 28, 40, '0', NULL, '2017-06-03 19:07:26', '2017-06-03 19:07:26', 'BexgvMD4Jax4RP0n6zdr'),
	(47, 'asdasd', 28, 41, '0', NULL, '2017-06-03 19:18:18', '2017-06-03 19:18:18', 'E5Wva9Q7R3D7JG1rjY6K'),
	(48, 'asdasdasdad', 28, 39, '0', NULL, '2017-06-03 19:18:31', '2017-06-03 19:18:31', 'Eew49rLVRNaPlaP57zvd'),
	(49, 'asdasdasd', 28, 37, '0', NULL, '2017-06-03 19:18:36', '2017-06-03 19:18:36', 'G1N7dQZMR5BWJ6pKnz5X'),
	(58, 'asdasd', 28, 47, '0', NULL, '2017-06-04 07:01:19', '2017-06-04 07:01:19', 'rZyd45pLlWoEl7kXzVv3'),
	(59, 'asdasd', 28, 47, '0', NULL, '2017-06-04 07:01:34', '2017-06-04 07:01:34', '0p1QYeN989ZqlLoAEbPa');
/*!40000 ALTER TABLE `events_bids` ENABLE KEYS */;


-- Dumping structure for table occassions_pro_db.event_posts
CREATE TABLE IF NOT EXISTS `event_posts` (
  `id` int(10) unsigned NOT NULL AUTO_INCREMENT,
  `title` varchar(255) COLLATE utf8_unicode_ci NOT NULL,
  `slug` varchar(255) COLLATE utf8_unicode_ci NOT NULL,
  `description` text COLLATE utf8_unicode_ci NOT NULL,
  `event_type_id` int(11) NOT NULL,
  `email` varchar(255) COLLATE utf8_unicode_ci NOT NULL,
  `contact_number` varchar(255) COLLATE utf8_unicode_ci NOT NULL,
  `date` datetime NOT NULL,
  `location` varchar(255) COLLATE utf8_unicode_ci NOT NULL,
  `budget` varchar(255) COLLATE utf8_unicode_ci NOT NULL,
  `status` enum('0','1','2') COLLATE utf8_unicode_ci NOT NULL,
  `created_by` int(11) NOT NULL,
  `deleted_at` timestamp NULL DEFAULT NULL,
  `created_at` timestamp NULL DEFAULT NULL,
  `updated_at` timestamp NULL DEFAULT NULL,
  `confirmed_at` datetime DEFAULT NULL,
  `latitude` varchar(50) COLLATE utf8_unicode_ci DEFAULT NULL,
  `longitude` varchar(50) COLLATE utf8_unicode_ci DEFAULT NULL,
  `uid` varchar(255) COLLATE utf8_unicode_ci DEFAULT NULL,
  PRIMARY KEY (`id`)
) ENGINE=InnoDB AUTO_INCREMENT=48 DEFAULT CHARSET=utf8 COLLATE=utf8_unicode_ci;

-- Dumping data for table occassions_pro_db.event_posts: ~43 rows (approximately)
/*!40000 ALTER TABLE `event_posts` DISABLE KEYS */;
INSERT INTO `event_posts` (`id`, `title`, `slug`, `description`, `event_type_id`, `email`, `contact_number`, `date`, `location`, `budget`, `status`, `created_by`, `deleted_at`, `created_at`, `updated_at`, `confirmed_at`, `latitude`, `longitude`, `uid`) VALUES
	(1, 'Dinah my dear! I shall ever see such a tiny golden key, and when she got.', 'qui-qui-iure-dolorem', 'Blanditiis aspernatur voluptatem et autem eos suscipit. Impedit reiciendis sit minus neque totam non.', 1, 'katarina.tremblay@example.org', '+1.534.913.2926', '1979-08-15 18:57:57', 'Guyshire', '5985', '2', 8, NULL, '2017-05-10 16:09:32', '2017-05-12 17:08:46', '2017-05-12 17:08:46', NULL, NULL, ''),
	(2, 'Mock Turtle; \'but it seems to like her, down here, that I should say what.', 'voluptatibus-iste-et-excepturi-minus-nobis', 'Est et dolores aut omnis. Autem omnis ipsam similique alias ducimus nisi neque. Iusto distinctio accusantium omnis error tenetur alias. Eum consectetur eum laudantium ea.', 1, 'tremaine02@example.com', '+1.334.467.1354', '1990-12-22 07:14:56', 'Zitashire', '3042', '2', 8, NULL, '2017-05-10 16:09:32', '2017-05-10 16:09:34', NULL, NULL, NULL, ''),
	(3, 'Bill! I wouldn\'t be in before the end of the house of the March Hare: she.', 'omnis-eum-totam-molestiae-magni-pariatur-ea-harum', 'Sit aut illo fugiat. Nobis ex ea autem ut reprehenderit ut. Eum quos aut fugit molestiae aliquam natus.', 1, 'abe.ebert@example.net', '(723) 802-3686', '2011-01-02 23:42:03', 'Hickleside', '2233', '2', 8, NULL, '2017-05-10 16:09:32', '2017-05-10 16:09:34', NULL, NULL, NULL, ''),
	(4, 'Queen will hear you! You see, she came up to them to sell,\' the Hatter.', 'ratione-voluptas-aliquid-nobis-eius-voluptatem', 'Cum ut nulla neque praesentium veniam eum culpa praesentium. Fugit quos ut totam fugit error. Vel vel ut facilis nobis.', 1, 'donavon.hammes@example.net', '(374) 945-4147', '2007-10-08 06:09:42', 'Marcelinaborough', '5256', '2', 8, NULL, '2017-05-10 16:09:32', '2017-05-10 16:09:34', NULL, NULL, NULL, ''),
	(5, 'Some of the cakes, and was just beginning to grow up any more questions.', 'nulla-mollitia-labore-est-dolores-voluptas', 'Odit aut quis voluptate rerum architecto. Ratione et quas rem deleniti. Laborum possimus sed sequi soluta. Neque omnis qui quidem harum suscipit.', 1, 'isipes@example.net', '326-695-6571', '2004-03-24 05:38:02', 'South Jedidiahstad', '2840', '2', 8, NULL, '2017-05-10 16:09:33', '2017-05-10 16:09:34', NULL, NULL, NULL, ''),
	(6, 'But she did not like the three gardeners, but she could have told you.', 'cum-ipsum-commodi-omnis-voluptatibus', 'Ut officia velit eaque blanditiis commodi et. Fuga ducimus esse sequi iste labore nihil ipsum. Voluptate neque possimus nihil quam.', 1, 'vonrueden.kenneth@example.com', '591.545.4087', '2002-09-17 06:08:12', 'Olafstad', '3503', '2', 8, NULL, '2017-05-10 16:09:33', '2017-05-10 16:09:34', NULL, NULL, NULL, ''),
	(7, 'Alice, and she thought it had a large one, but the Mouse only shook its.', 'sint-animi-optio-aut-eum-exercitationem-nobis', 'Quo et aut ex tempore deserunt enim. In iure et voluptas dicta nisi ipsam nulla. Provident quod laboriosam rerum voluptatem.', 1, 'marjolaine80@example.net', '724-251-4103 x6454', '1988-05-27 17:05:03', 'South Aubree', '4002', '2', 8, NULL, '2017-05-10 16:09:33', '2017-05-10 16:09:34', NULL, NULL, NULL, ''),
	(8, 'Dormouse. \'Don\'t talk nonsense,\' said Alice very humbly: \'you had got to.', 'maxime-porro-eveniet-ducimus-in-iure-ea', 'At aperiam quisquam neque consequatur vero. Voluptatem occaecati in quaerat porro itaque quasi. Nesciunt tempore cum qui repudiandae ratione dolorem minus accusantium.', 1, 'stracke.oswaldo@example.com', '+1-607-414-6149', '1977-06-28 11:14:49', 'Gleasonfort', '5147', '2', 8, NULL, '2017-05-10 16:09:33', '2017-05-10 16:09:34', NULL, NULL, NULL, ''),
	(9, 'And the Eaglet bent down its head to keep herself from being broken. She.', 'nam-mollitia-eum-asperiores-voluptate-iste', 'Labore eum odio consequatur quia doloribus optio molestiae tempore. Dolor voluptates repudiandae distinctio voluptatem. Repellat facilis aut rem necessitatibus.', 1, 'wstehr@example.org', '304-774-1529', '2013-01-01 02:40:13', 'Sandraview', '2737', '2', 8, NULL, '2017-05-10 16:09:33', '2017-05-10 16:09:34', NULL, NULL, NULL, ''),
	(10, 'Gryphon. \'We can do no more, whatever happens. What WILL become of me?.', 'ut-doloribus-nulla-molestiae-quis-facilis-occaecati-nesciunt', 'Voluptate libero cumque est sed. Dolor aut quia itaque voluptas. Tempore fugiat et dolor.', 1, 'suzanne.osinski@example.com', '(816) 798-0140', '1974-11-28 18:19:55', 'North Mittie', '8384', '2', 8, NULL, '2017-05-10 16:09:33', '2017-05-10 16:09:34', NULL, NULL, NULL, ''),
	(11, 'Cheshire Cat sitting on a bough of a well--\' \'What did they live on?\'.', 'alias-tempore-libero-soluta-voluptas-placeat-id-autem', 'Blanditiis eveniet aliquam voluptatem consequatur eum. Aspernatur dignissimos repudiandae laboriosam quia dolor.', 1, 'rau.luciano@example.com', '1-831-586-9769', '1977-07-28 17:30:26', 'East Jennyferview', '3981', '2', 8, NULL, '2017-05-10 16:09:33', '2017-05-15 16:44:00', '2017-05-15 16:44:00', NULL, NULL, ''),
	(12, 'Alice. \'I mean what I like"!\' \'You might just as she ran; but the Dodo.', 'quae-consequatur-est-ducimus-numquam-amet-sunt-itaque', 'Sint iusto laudantium est sapiente sed. Vel incidunt perspiciatis velit aut tempore. Distinctio nulla fuga magni hic ut consequuntur velit. Debitis delectus eius aliquid.', 1, 'price.arnoldo@example.com', '686.643.3625 x74229', '1973-04-21 05:33:56', 'Stiedemanntown', '517', '2', 8, NULL, '2017-05-10 16:09:33', '2017-05-10 16:09:34', NULL, NULL, NULL, ''),
	(13, 'Prizes!\' Alice had no pictures or conversations in it, and on it in her.', 'vel-quia-sed-quis', 'Iste consequuntur voluptas corrupti explicabo. Quod error ullam cumque repellat eaque enim. In exercitationem cum odio molestiae molestiae at.', 1, 'hrobel@example.net', '739.466.8025 x1921', '1971-02-01 02:45:12', 'North Raina', '2180', '2', 8, NULL, '2017-05-10 16:09:33', '2017-05-10 16:09:35', NULL, NULL, NULL, ''),
	(14, 'Alice, as she spoke, but no result seemed to be said. At last the.', 'cupiditate-ut-dolores-impedit-ex-fugit-eum', 'Soluta aut ut nesciunt doloremque consequatur. Fugiat qui aut dolorem voluptatem qui earum. Non ut corporis reiciendis reiciendis nihil qui odit praesentium.', 1, 'thomas.schneider@example.org', '1-446-314-7454', '2013-11-12 10:27:24', 'Lindsayhaven', '9164', '2', 8, NULL, '2017-05-10 16:09:33', '2017-05-10 16:09:35', NULL, NULL, NULL, ''),
	(15, 'Alice. \'I\'ve read that in the world! Oh, my dear paws! Oh my fur and.', 'doloremque-quam-veritatis-quaerat-voluptatibus-et-aliquam', 'Molestias fugit earum ullam id doloribus. Sequi quas a eum. Omnis itaque id est magni quisquam magni. Consequuntur nostrum sit rerum quas.\nVoluptatum fugit ad ipsum enim. Est iure et sed libero at.', 1, 'jkovacek@example.org', '367.857.9859', '1970-05-12 19:59:41', 'Prohaskafort', '1119', '2', 8, NULL, '2017-05-10 16:09:33', '2017-05-10 16:09:35', NULL, NULL, NULL, ''),
	(16, 'Caterpillar. \'Well, I\'ve tried hedges,\' the Pigeon the opportunity of.', 'et-possimus-temporibus-accusantium-quia-incidunt-et', 'Sunt ipsam et autem ut magnam. Quia laborum adipisci porro quasi soluta. Aut illo nobis nihil odio eum numquam.', 1, 'mcglynn.colin@example.org', '276.657.2204', '2008-08-31 06:36:18', 'Keanuville', '4967', '2', 8, NULL, '2017-05-10 16:09:33', '2017-05-10 16:09:35', NULL, NULL, NULL, ''),
	(17, 'Rabbit\'s voice; and Alice thought she had expected: before she made her.', 'nesciunt-sunt-velit-quos-ut-eaque-vitae-magnam-atque', 'Et a quo excepturi minus fugiat. Natus perferendis laudantium saepe voluptatibus maiores dicta. Provident ut voluptatibus est quos eos excepturi iste.', 1, 'reina.mitchell@example.org', '+15627245799', '2013-05-12 06:12:33', 'New Hailey', '6326', '2', 8, NULL, '2017-05-10 16:09:33', '2017-05-10 16:09:35', NULL, NULL, NULL, ''),
	(18, 'Like a tea-tray in the middle of her voice, and see that she wanted much.', 'quos-qui-ab-praesentium-laudantium-veniam-et-non', 'Aut qui reiciendis dolorem quis ut consectetur. Dolor molestiae et error eos.', 1, 'vivianne.veum@example.net', '+1-984-470-1876', '1978-06-04 14:47:48', 'West Ahmed', '4275', '2', 8, NULL, '2017-05-10 16:09:33', '2017-05-10 16:09:35', NULL, NULL, NULL, ''),
	(19, 'Gryphon, and all would change to tinkling sheep-bells, and the other two.', 'perspiciatis-libero-cupiditate-quasi-cupiditate-assumenda-aspernatur-iste', 'Ab reiciendis qui distinctio cupiditate molestiae numquam. Possimus officiis perspiciatis ullam velit. Hic quod sit at fugiat et deleniti quo. Neque repellat ex dicta blanditiis nobis.', 1, 'lehner.yazmin@example.net', '+1.820.774.0505', '2004-03-10 12:16:29', 'New Desmondville', '5556', '2', 8, NULL, '2017-05-10 16:09:33', '2017-05-10 16:09:35', NULL, NULL, NULL, ''),
	(20, 'I BEG your pardon!\' she exclaimed in a hoarse growl, \'the world would go.', 'sint-laborum-pariatur-quidem-inventore-autem', 'Quibusdam voluptatibus eligendi unde nam qui est. Sint iste est vero. At perspiciatis eos totam provident dolorem consequatur. Sit deserunt qui fugiat eos doloremque illum beatae.', 1, 'oleta.torphy@example.com', '487-776-2157', '1973-01-13 05:47:17', 'South Alessandrachester', '4923', '2', 8, NULL, '2017-05-10 16:09:33', '2017-05-10 16:09:35', NULL, NULL, NULL, ''),
	(21, 'GAds Event', 'gads-event', '<script>alert(1)</script>', 4, 'gschuster@example.org', '09156377576', '2017-05-26 23:50:00', 'New York, NY, United States', '9000', '2', 8, NULL, '2017-05-26 15:45:38', '2017-05-26 15:45:38', NULL, '40.7127837', '-74.00594130000002', ''),
	(22, 'HashedIds Event', 'hashedids-event', 'Occasion Pros is here to help you connect with the top professionals in the industry. Enter your event information now to get started! Feel free to contact us if you have any questions.', 3, 'gschuster@example.org', '09156377576', '2017-05-27 00:50:00', 'New York, NY, United States', '120.95', '2', 8, NULL, '2017-05-26 17:04:40', '2017-05-26 17:04:40', NULL, '40.7127837', '-74.00594130000002', NULL),
	(23, 'HashedIds Event', 'hashedids-event', 'Occasion Pros is here to help you connect with the top professionals in the industry. Enter your event information now to get started! Feel free to contact us if you have any questions.', 3, 'gschuster@example.org', '09156377576', '2017-05-27 00:50:00', 'New York, NY, United States', '120.95', '2', 8, NULL, '2017-05-26 17:04:48', '2017-05-26 17:04:48', NULL, '40.7127837', '-74.00594130000002', NULL),
	(24, 'HashedIds Event', 'hashedids-event', 'Occasion Pros is here to help you connect with the top professionals in the industry. Enter your event information now to get started! Feel free to contact us if you have any questions.', 3, 'gschuster@example.org', '09156377576', '2017-05-27 00:50:00', 'New York, NY, United States', '120.95', '2', 8, NULL, '2017-05-26 17:05:03', '2017-05-26 17:05:03', NULL, '40.7127837', '-74.00594130000002', NULL),
	(25, 'HashedIds Event', 'hashedids-event', 'Occasion Pros is here to help you connect with the top professionals in the industry. Enter your event information now to get started! Feel free to contact us if you have any questions.', 3, 'gschuster@example.org', '09156377576', '2017-05-27 00:50:00', 'New York, NY, United States', '120.95', '2', 8, NULL, '2017-05-26 17:05:10', '2017-05-26 17:05:10', NULL, '40.7127837', '-74.00594130000002', NULL),
	(26, 'HashedIds Event', 'hashedids-event', 'Occasion Pros is here to help you connect with the top professionals in the industry. Enter your event information now to get started! Feel free to contact us if you have any questions.', 3, 'gschuster@example.org', '09156377576', '2017-05-27 00:50:00', 'New York, NY, United States', '120.95', '2', 8, NULL, '2017-05-26 17:07:25', '2017-05-26 17:07:25', NULL, '40.7127837', '-74.00594130000002', NULL),
	(27, 'HashedIds Event', 'hashedids-event', 'Occasion Pros is here to help you connect with the top professionals in the industry. Enter your event information now to get started! Feel free to contact us if you have any questions.', 3, 'gschuster@example.org', '09156377576', '2017-05-27 00:50:00', 'New York, NY, United States', '120.95', '2', 8, NULL, '2017-05-26 17:11:27', '2017-05-26 17:11:27', NULL, '40.7127837', '-74.00594130000002', NULL),
	(28, 'HashedIds Event', 'hashedids-event', 'Occasion Pros is here to help you connect with the top professionals in the industry. Enter your event information now to get started! Feel free to contact us if you have any questions.', 3, 'gschuster@example.org', '09156377576', '2017-05-27 00:50:00', 'New York, NY, United States', '120.95', '2', 8, NULL, '2017-05-26 17:12:31', '2017-05-26 17:12:31', NULL, '40.7127837', '-74.00594130000002', NULL),
	(29, 'HashedIds Event', 'hashedids-event', 'Occasion Pros is here to help you connect with the top professionals in the industry. Enter your event information now to get started! Feel free to contact us if you have any questions.', 3, 'gschuster@example.org', '09156377576', '2017-05-27 00:50:00', 'New York, NY, United States', '120.95', '2', 8, NULL, '2017-05-26 17:12:40', '2017-05-26 17:12:40', NULL, '40.7127837', '-74.00594130000002', NULL),
	(30, 'HashedIds Event', 'hashedids-event', 'Occasion Pros is here to help you connect with the top professionals in the industry. Enter your event information now to get started! Feel free to contact us if you have any questions.', 3, 'gschuster@example.org', '09156377576', '2017-05-27 00:50:00', 'New York, NY, United States', '120.95', '2', 8, NULL, '2017-05-26 17:12:53', '2017-05-26 17:12:53', NULL, '40.7127837', '-74.00594130000002', 'BX'),
	(31, 'HashedIds Event', 'hashedids-event', 'Occasion Pros is here to help you connect with the top professionals in the industry. Enter your event information now to get started! Feel free to contact us if you have any questions.', 3, 'gschuster@example.org', '09156377576', '2017-05-27 00:50:00', 'New York, NY, United States', '120.95', '2', 8, NULL, '2017-05-26 17:13:14', '2017-05-26 17:13:14', NULL, '40.7127837', '-74.00594130000002', 'LW7edBYw5ZkO2amP9Gr0Kpj8Yzl4QDXA3VyvobMnz16EqLxNgr'),
	(32, 'HashedIds Event', 'hashedids-event', 'Occasion Pros is here to help you connect with the top professionals in the industry. Enter your event information now to get started! Feel free to contact us if you have any questions.', 3, 'gschuster@example.org', '09156377576', '2017-05-27 00:50:00', 'New York, NY, United States', '120.95', '2', 8, NULL, '2017-05-26 17:13:34', '2017-05-26 17:13:34', NULL, '40.7127837', '-74.00594130000002', '4VbWgex5J7wJ0ojZDXdk'),
	(33, 'HashedIds Event', 'hashedids-event', 'Occasion Pros is here to help you connect with the top professionals in the industry. Enter your event information now to get started! Feel free to contact us if you have any questions.', 3, 'gschuster@example.org', '09156377576', '2017-05-27 00:50:00', 'New York, NY, United States', '120.95', '2', 8, NULL, '2017-05-26 17:14:09', '2017-05-26 17:14:09', NULL, '40.7127837', '-74.00594130000002', 'ZxVm6NovRy4lrMPdzjEp'),
	(34, 'HashedIds Event', 'hashedids-event', 'Occasion Pros is here to help you connect with the top professionals in the industry. Enter your event information now to get started! Feel free to contact us if you have any questions.', 3, 'gschuster@example.org', '09156377576', '2017-05-27 00:50:00', 'New York, NY, United States', '120.95', '2', 8, NULL, '2017-05-26 17:19:08', '2017-05-26 17:19:08', NULL, '40.7127837', '-74.00594130000002', NULL),
	(35, 'HashedIds Event', 'hashedids-event', 'Occasion Pros is here to help you connect with the top professionals in the industry. Enter your event information now to get started! Feel free to contact us if you have any questions.', 3, 'gschuster@example.org', '09156377576', '2017-05-27 00:50:00', 'New York, NY, United States', '120.95', '2', 8, NULL, '2017-05-26 17:19:18', '2017-05-26 17:19:18', NULL, '40.7127837', '-74.00594130000002', NULL),
	(36, 'HashedIds Event', 'hashedids-event', 'Occasion Pros is here to help you connect with the top professionals in the industry. Enter your event information now to get started! Feel free to contact us if you have any questions.', 3, 'gschuster@example.org', '09156377576', '2017-05-27 00:50:00', 'New York, NY, United States', '120.95', '2', 8, NULL, '2017-05-26 17:20:08', '2017-05-26 17:20:08', NULL, '40.7127837', '-74.00594130000002', 'N1YyL2WVJwql7jQnveA3'),
	(37, 'HashedIds Event', 'hashedids-event', 'Occasion Pros is here to help you connect with the top professionals in the industry. Enter your event information now to get started! Feel free to contact us if you have any questions.', 3, 'gschuster@example.org', '09156377576', '2017-05-27 00:50:00', 'New York, NY, United States', '120.95', '2', 8, NULL, '2017-05-26 17:21:09', '2017-05-26 17:21:09', NULL, '40.7127837', '-74.00594130000002', 'OWzkXnj2JZmR9rABgoLy'),
	(38, 'asdasd', 'asdasd', 'a', 4, 'gschuster@example.org', '2', '2017-05-28 02:45:00', '22222', '23', '2', 8, NULL, '2017-05-27 18:24:05', '2017-05-27 18:24:05', NULL, '', '', '7zGrgNbX82LRWo42EaZx'),
	(39, 'asdasd', 'asdasd', 'a', 4, 'gschuster@example.org', '2', '2017-05-28 02:45:00', '22222', '23', '2', 8, NULL, '2017-05-27 18:24:17', '2017-05-27 18:24:17', NULL, '', '', 'LQa7gvGjlrvlDB4ePymd'),
	(40, 'asdasd', 'asdasd', 'a', 4, 'gschuster@example.org', '2', '2017-05-28 02:45:00', '22222', '23', '2', 8, NULL, '2017-05-27 18:24:38', '2017-05-27 18:24:38', NULL, '', '', 'd1PmEVL9RzbR7vrn06xa'),
	(41, 'asdasd', 'asdasd', 'a', 4, 'gschuster@example.org', '2', '2017-05-28 02:45:00', '22222', '23', '2', 8, NULL, '2017-05-27 18:24:55', '2017-05-27 18:24:55', NULL, '', '', '5oKrEpejlXaRgX4w7bAN'),
	(42, 'asdasd', 'asdasd', 'a', 4, 'gschuster@example.org', '2', '2017-05-28 02:45:00', '22222', '23', '2', 8, NULL, '2017-05-27 18:26:12', '2017-05-27 18:26:12', NULL, '', '', 'B2n3YLm4RLQJvdqP1N7A'),
	(43, 'asdasd', 'asdasd', 'a', 4, 'gschuster@example.org', '2', '2017-05-28 02:45:00', '22222', '23', '2', 8, NULL, '2017-05-27 18:26:33', '2017-05-27 18:26:33', NULL, '', '', 'dq3oxBnD8A6lpOvX19Qy'),
	(47, 'OP Event', 'op-event', 'OP Event', 4, 'stark.chauncey@example.com', '09156377576', '2017-06-04 13:45:00', 'New York, NY, United States', '1000', '2', 26, NULL, '2017-06-04 05:42:27', '2017-06-04 06:17:38', '2017-06-04 06:17:38', '40.7127837', '-74.00594130000002', 'E5Wva9Q7R3D7JG1rjY6K');
/*!40000 ALTER TABLE `event_posts` ENABLE KEYS */;


-- Dumping structure for table occassions_pro_db.event_posts_selected_pros
CREATE TABLE IF NOT EXISTS `event_posts_selected_pros` (
  `id` int(10) unsigned NOT NULL AUTO_INCREMENT,
  `event_id` int(11) NOT NULL,
  `user_id` int(11) NOT NULL,
  `testimonial_id` int(11) DEFAULT NULL,
  `status` enum('0','1','2') COLLATE utf8_unicode_ci NOT NULL,
  `created_at` timestamp NULL DEFAULT NULL,
  `updated_at` timestamp NULL DEFAULT NULL,
  `deleted_at` timestamp NULL DEFAULT NULL,
  PRIMARY KEY (`id`)
) ENGINE=InnoDB AUTO_INCREMENT=8 DEFAULT CHARSET=utf8 COLLATE=utf8_unicode_ci;

-- Dumping data for table occassions_pro_db.event_posts_selected_pros: ~3 rows (approximately)
/*!40000 ALTER TABLE `event_posts_selected_pros` DISABLE KEYS */;
INSERT INTO `event_posts_selected_pros` (`id`, `event_id`, `user_id`, `testimonial_id`, `status`, `created_at`, `updated_at`, `deleted_at`) VALUES
	(1, 13, 28, NULL, '2', '2017-05-13 04:14:02', '2017-05-15 01:16:43', NULL),
	(2, 2, 3, NULL, '1', '2017-05-15 09:35:10', '2017-05-15 10:00:22', NULL),
	(3, 2, 3, NULL, '0', '2017-05-15 09:35:20', '2017-05-15 09:35:20', NULL),
	(4, 2, 3, NULL, '0', '2017-05-15 09:35:40', '2017-05-15 09:35:40', NULL),
	(5, 1, 28, NULL, '0', '2017-05-20 20:42:55', '2017-05-20 20:42:55', NULL),
	(6, 11, 25, NULL, '2', '2017-05-28 07:22:45', '2017-05-28 07:22:45', NULL);
/*!40000 ALTER TABLE `event_posts_selected_pros` ENABLE KEYS */;


-- Dumping structure for table occassions_pro_db.event_types
CREATE TABLE IF NOT EXISTS `event_types` (
  `id` int(10) unsigned NOT NULL AUTO_INCREMENT,
  `title` varchar(255) COLLATE utf8_unicode_ci NOT NULL,
  `description` text COLLATE utf8_unicode_ci NOT NULL,
  `status` enum('0','1','2') COLLATE utf8_unicode_ci NOT NULL,
  `created_at` timestamp NULL DEFAULT NULL,
  `updated_at` timestamp NULL DEFAULT NULL,
  `deleted_at` timestamp NULL DEFAULT NULL,
  PRIMARY KEY (`id`)
) ENGINE=InnoDB AUTO_INCREMENT=12 DEFAULT CHARSET=utf8 COLLATE=utf8_unicode_ci;

-- Dumping data for table occassions_pro_db.event_types: ~11 rows (approximately)
/*!40000 ALTER TABLE `event_types` DISABLE KEYS */;
INSERT INTO `event_types` (`id`, `title`, `description`, `status`, `created_at`, `updated_at`, `deleted_at`) VALUES
	(1, 'Birthday', 'Birthday', '1', '2017-05-10 16:09:35', '2017-05-10 16:09:35', NULL),
	(2, 'Wedding', 'Wedding', '1', '2017-05-10 16:09:35', '2017-05-10 16:09:35', NULL),
	(3, 'Corporate', 'Corporate', '1', '2017-05-10 16:09:35', '2017-05-10 16:09:35', NULL),
	(4, 'Anniversary', 'Anniversary', '1', '2017-05-10 16:09:35', '2017-05-10 16:09:35', NULL),
	(5, 'Holiday', 'Holiday', '1', '2017-05-10 16:09:35', '2017-05-10 16:09:35', NULL),
	(6, 'Concert', 'Concert', '1', '2017-05-10 16:09:35', '2017-05-10 16:09:35', NULL),
	(7, 'Graduation', 'Graduation', '1', '2017-05-10 16:09:36', '2017-05-10 16:09:36', NULL),
	(8, 'Prom/School Dance', 'Prom/School Dance', '1', '2017-05-10 16:09:36', '2017-05-10 16:09:36', NULL),
	(9, 'House Party', 'House Party', '1', '2017-05-10 16:09:36', '2017-05-10 16:09:36', NULL),
	(10, 'Religious', 'Religious', '1', '2017-05-10 16:09:36', '2017-05-10 16:09:36', NULL),
	(11, 'General Events (everything else)', 'General Events (everything else)', '1', '2017-05-10 16:09:36', '2017-05-10 16:09:36', NULL);
/*!40000 ALTER TABLE `event_types` ENABLE KEYS */;


-- Dumping structure for table occassions_pro_db.funds_history
CREATE TABLE IF NOT EXISTS `funds_history` (
  `id` int(10) unsigned NOT NULL AUTO_INCREMENT,
  `payment_transaction_code` varchar(255) COLLATE utf8_unicode_ci NOT NULL,
  `amount` double(12,2) NOT NULL,
  `owner_id` int(11) NOT NULL,
  `event_id` int(11) NOT NULL,
  `status` enum('0','1','2') COLLATE utf8_unicode_ci NOT NULL,
  `deleted_at` timestamp NULL DEFAULT NULL,
  `created_at` timestamp NULL DEFAULT NULL,
  `updated_at` timestamp NULL DEFAULT NULL,
  `uid` varchar(255) COLLATE utf8_unicode_ci NOT NULL,
  PRIMARY KEY (`id`)
) ENGINE=InnoDB DEFAULT CHARSET=utf8 COLLATE=utf8_unicode_ci;

-- Dumping data for table occassions_pro_db.funds_history: ~0 rows (approximately)
/*!40000 ALTER TABLE `funds_history` DISABLE KEYS */;
/*!40000 ALTER TABLE `funds_history` ENABLE KEYS */;


-- Dumping structure for table occassions_pro_db.jobs
CREATE TABLE IF NOT EXISTS `jobs` (
  `id` bigint(20) unsigned NOT NULL AUTO_INCREMENT,
  `queue` varchar(255) COLLATE utf8_unicode_ci NOT NULL,
  `payload` longtext COLLATE utf8_unicode_ci NOT NULL,
  `attempts` tinyint(3) unsigned NOT NULL,
  `reserved_at` int(10) unsigned DEFAULT NULL,
  `available_at` int(10) unsigned NOT NULL,
  `created_at` int(10) unsigned NOT NULL,
  PRIMARY KEY (`id`),
  KEY `jobs_queue_reserved_at_index` (`queue`,`reserved_at`)
) ENGINE=InnoDB DEFAULT CHARSET=utf8 COLLATE=utf8_unicode_ci;

-- Dumping data for table occassions_pro_db.jobs: ~0 rows (approximately)
/*!40000 ALTER TABLE `jobs` DISABLE KEYS */;
/*!40000 ALTER TABLE `jobs` ENABLE KEYS */;


-- Dumping structure for table occassions_pro_db.membership_packages
CREATE TABLE IF NOT EXISTS `membership_packages` (
  `id` int(10) unsigned NOT NULL AUTO_INCREMENT,
  `title` varchar(255) COLLATE utf8_unicode_ci NOT NULL,
  `description` text COLLATE utf8_unicode_ci,
  `created_at` timestamp NULL DEFAULT NULL,
  `updated_at` timestamp NULL DEFAULT NULL,
  `deleted_at` timestamp NULL DEFAULT NULL,
  `options` text COLLATE utf8_unicode_ci,
  PRIMARY KEY (`id`)
) ENGINE=InnoDB DEFAULT CHARSET=utf8 COLLATE=utf8_unicode_ci;

-- Dumping data for table occassions_pro_db.membership_packages: ~0 rows (approximately)
/*!40000 ALTER TABLE `membership_packages` DISABLE KEYS */;
/*!40000 ALTER TABLE `membership_packages` ENABLE KEYS */;


-- Dumping structure for table occassions_pro_db.migrations
CREATE TABLE IF NOT EXISTS `migrations` (
  `id` int(10) unsigned NOT NULL AUTO_INCREMENT,
  `migration` varchar(255) COLLATE utf8_unicode_ci NOT NULL,
  `batch` int(11) NOT NULL,
  PRIMARY KEY (`id`)
) ENGINE=InnoDB AUTO_INCREMENT=103 DEFAULT CHARSET=utf8 COLLATE=utf8_unicode_ci;

-- Dumping data for table occassions_pro_db.migrations: ~33 rows (approximately)
/*!40000 ALTER TABLE `migrations` DISABLE KEYS */;
INSERT INTO `migrations` (`id`, `migration`, `batch`) VALUES
	(67, '2014_07_02_230147_migration_cartalyst_sentinel', 1),
	(68, '2014_10_12_000000_create_users_table', 1),
	(69, '2014_10_12_100000_create_password_resets_table', 1),
	(70, '2014_10_12_300000_create_blog_posts_table', 1),
	(71, '2016_06_01_000001_create_oauth_auth_codes_table', 1),
	(72, '2016_06_01_000002_create_oauth_access_tokens_table', 1),
	(73, '2016_06_01_000003_create_oauth_refresh_tokens_table', 1),
	(74, '2016_06_01_000004_create_oauth_clients_table', 1),
	(75, '2016_06_01_000005_create_oauth_personal_access_clients_table', 1),
	(76, '2016_10_31_052428_create_event_posts_table', 1),
	(77, '2016_10_31_053829_create_events_bids_table', 1),
	(78, '2016_10_31_062539_create_testimonials_table', 1),
	(79, '2016_10_31_064532_create_professional_bid_events_table', 1),
	(80, '2016_10_31_071058_create_professional_information_table', 1),
	(81, '2016_10_31_102602_create_skills_categories_table', 1),
	(82, '2016_11_06_112410_create_professional_categories_table', 1),
	(83, '2016_11_12_200113_create_professional_selected_categories_table', 1),
	(84, '2017_02_14_075527_create_payment_transactions_table', 1),
	(85, '2017_02_14_080635_create_funds_history_table', 1),
	(86, '2017_03_19_105703_add_additional_service_provided_field_in_professionals_information_table', 1),
	(87, '2017_03_26_123044_add_confirmed_at_field_in_event_posts_table', 1),
	(88, '2017_04_09_142852_create_membership_packages_table', 1),
	(89, '2017_04_13_044354_add_nth_fields_to_funds_history_table', 1),
	(90, '2017_04_13_091015_create_user_settings_table', 1),
	(91, '2017_04_14_112710_create_event_posts_selected_pros_table', 1),
	(92, '2017_04_14_134116_create_event_types_table', 1),
	(93, '2017_04_15_075553_create_jobs_table', 1),
	(94, '2017_04_23_083041_add_coordinates_fields_in_event_posts_table', 1),
	(95, '2017_04_26_120132_add_coordinates_fields_in_user_profile_table', 1),
	(96, '2017_04_30_144602_add_feed_amount_on_payment_transactions', 1),
	(97, '2017_05_07_120925_remove_add_columns_in_membership_packages_table', 1),
	(98, '2017_05_07_125729_create_users_membership_table', 1),
	(99, '2017_05_09_181407_create_notifications_table', 1),
	(100, '2017_05_26_160917_add_uid_column_to_tables', 1),
	(102, '2017_06_02_091037_create_professionals_ad_posts', 2);
/*!40000 ALTER TABLE `migrations` ENABLE KEYS */;


-- Dumping structure for table occassions_pro_db.notifications
CREATE TABLE IF NOT EXISTS `notifications` (
  `id` char(36) COLLATE utf8_unicode_ci NOT NULL,
  `type` varchar(255) COLLATE utf8_unicode_ci NOT NULL,
  `notifiable_id` int(10) unsigned NOT NULL,
  `notifiable_type` varchar(255) COLLATE utf8_unicode_ci NOT NULL,
  `data` text COLLATE utf8_unicode_ci NOT NULL,
  `read_at` timestamp NULL DEFAULT NULL,
  `created_at` timestamp NULL DEFAULT NULL,
  `updated_at` timestamp NULL DEFAULT NULL,
  PRIMARY KEY (`id`),
  KEY `notifications_notifiable_id_notifiable_type_index` (`notifiable_id`,`notifiable_type`)
) ENGINE=InnoDB DEFAULT CHARSET=utf8 COLLATE=utf8_unicode_ci;

-- Dumping data for table occassions_pro_db.notifications: ~18 rows (approximately)
/*!40000 ALTER TABLE `notifications` DISABLE KEYS */;
INSERT INTO `notifications` (`id`, `type`, `notifiable_id`, `notifiable_type`, `data`, `read_at`, `created_at`, `updated_at`) VALUES
	('0509b36b-5e2a-47f4-a452-033a08f189b9', 'App\\Notifications\\ProPostedABid', 8, 'App\\User', '{"excerpt":" posted a new bid on your event asdasd.","message":"<b><\\/b> posted a new bid on your event <b>asdasd<\\/b>."}', NULL, '2017-06-03 19:18:18', '2017-06-03 19:18:18'),
	('18ccc2f3-6456-4c66-96c5-ee56be2f0766', 'App\\Notifications\\ProSelectedForAnEvent', 28, 'App\\User', '{"excerpt":"You\'ve been hired in Veronica Jones\'s event asdasd.","message":"You\'ve been hired in <b>Veronica Jones<\\/b>\'s event <b><a href=\\"http:\\/\\/occasions_pros.dev\\/professionals\\/events\\/dq3oxBnD8A6lpOvX19Qy\\">asdasd<\\/a><\\/b>."}', '2017-05-28 10:00:47', '2017-05-20 20:42:56', '2017-05-28 10:00:47'),
	('19a050a0-54c4-4ad6-b283-391ab95d0d67', 'App\\Notifications\\ProPostedABid', 8, 'App\\User', '{"excerpt":" posted a new bid on your event asdasd.","message":"<b><\\/b> posted a new bid on your event <b>asdasd<\\/b>."}', NULL, '2017-05-28 13:16:16', '2017-05-28 13:16:16'),
	('24116478-47a3-4ebf-a5f1-029fc13f9684', 'App\\Notifications\\ProPostedABid', 28, 'App\\User', '{"excerpt":"You\'ve been hired in Veronica Jones\'s event asdasd.","message":"You\'ve been hired in <b>Veronica Jones<\\/b>\'s event <b><a href=\\"http:\\/\\/occasions_pros.dev\\/professionals\\/events\\/dq3oxBnD8A6lpOvX19Qy\\">asdasd<\\/a><\\/b>."}', '2017-05-28 10:11:30', '2017-05-20 20:41:47', '2017-05-28 10:11:30'),
	('267cdc2d-ffe5-45b9-8375-1d99e808d97c', 'App\\Notifications\\EventConfirmedByOP', 26, 'App\\User', '{"excerpt":"Your event OP Event has been approved by OP.","message":"Your event <b><a href=\\"http:\\/\\/occasions_pros.dev\\/clients\\/events\\/E5Wva9Q7R3D7JG1rjY6K\\">OP Event<\\/a><\\/b> has been approved by OP."}', '2017-06-04 06:17:50', '2017-06-04 06:17:38', '2017-06-04 06:17:50'),
	('27cd45a4-3241-4f31-8e27-457567efc655', 'App\\Notifications\\ProSelectedForAnEvent', 28, 'App\\User', '{"excerpt":"You\'ve been hired in Veronica Jones\'s event asdasd.","message":"You\'ve been hired in <b>Veronica Jones<\\/b>\'s event <b><a href=\\"http:\\/\\/occasions_pros.dev\\/professionals\\/events\\/dq3oxBnD8A6lpOvX19Qy\\">asdasd<\\/a><\\/b>."}', '2017-06-02 05:09:07', '2017-05-13 05:28:37', '2017-06-02 05:09:07'),
	('2851b0d2-46bc-49d2-8a97-ffa20ca3290a', 'App\\Notifications\\ProPostedABid', 8, 'App\\User', '{"excerpt":" posted a new bid on your event Cheshire Cat sitting on a bough of a well--","message":"<b><\\/b> posted a new bid on your event <b>Cheshire Cat sitting on a bough of a well--\' \'What did they live on?\'.<\\/b>."}', NULL, '2017-05-28 12:39:14', '2017-05-28 12:39:14'),
	('2a9d4b5e-9862-4989-a54f-519ce6ee8785', 'App\\Notifications\\ProPostedABid', 26, 'App\\User', '{"excerpt":" posted a new bid on your event OP Event.","message":"<b><\\/b> posted a new bid on your event <b>OP Event<\\/b>."}', NULL, '2017-06-04 05:51:24', '2017-06-04 05:51:24'),
	('398144ef-0a71-4ee2-98cb-d1cc94f69b0b', 'App\\Notifications\\ProPostedABid', 8, 'App\\User', '{"excerpt":" posted a new bid on your event HashedIds Event.","message":"<b><\\/b> posted a new bid on your event <b>HashedIds Event<\\/b>."}', NULL, '2017-06-03 19:18:36', '2017-06-03 19:18:36'),
	('4dfefba6-449a-4fd8-afa6-a1fcb0f8754f', 'App\\Notifications\\EventConfirmedByOP', 26, 'App\\User', '{"excerpt":"Your event OP Event has been approved by OP.","message":"Your event <b><a href=\\"http:\\/\\/occasions_pros.dev\\/professionals\\/events\\/E5Wva9Q7R3D7JG1rjY6K\\">OP Event<\\/a><\\/b> has been approved by OP."}', '2017-06-04 06:16:05', '2017-06-04 06:15:44', '2017-06-04 06:16:05'),
	('54f0fb04-3a22-474a-adcc-523aac35bb37', 'App\\Notifications\\EventConfirmedByOP', 28, 'App\\User', '{"excerpt":"You\'ve been hired in Veronica Jones\'s event asdasd.","message":"You\'ve been hired in <b>Veronica Jones<\\/b>\'s event <b><a href=\\"http:\\/\\/occasions_pros.dev\\/professionals\\/events\\/dq3oxBnD8A6lpOvX19Qy\\">asdasd<\\/a><\\/b>."}', '2017-05-28 10:11:34', '2017-05-15 16:44:02', '2017-05-28 10:11:34'),
	('5586ece3-14cd-41bb-a6e6-b14b1dfe3999', 'App\\Notifications\\ProPostedABid', 8, 'App\\User', '{"excerpt":" posted a new bid on your event asdasd.","message":"<b><\\/b> posted a new bid on your event <b>asdasd<\\/b>."}', NULL, '2017-06-03 19:07:26', '2017-06-03 19:07:26'),
	('61b5d3bc-1ca0-42d3-bf96-8d569af9f403', 'App\\Notifications\\ProSelectedForAnEvent', 28, 'App\\User', '{"excerpt":"You\'ve been hired in Veronica Jones\'s event asdasd.","message":"You\'ve been hired in <b>Veronica Jones<\\/b>\'s event <b><a href=\\"http:\\/\\/occasions_pros.dev\\/professionals\\/events\\/dq3oxBnD8A6lpOvX19Qy\\">asdasd<\\/a><\\/b>."}', '2017-05-28 10:29:36', '2017-05-15 09:35:40', '2017-05-28 10:29:36'),
	('61ef27cd-8165-423e-9e0d-05cf36840426', 'App\\Notifications\\EventConfirmedByOP', 26, 'App\\User', '{"excerpt":"Your event OP Event has been approved by OP.","message":"Your event <b>OP Event<\\/b> has been approved by OP."}', NULL, '2017-06-04 05:48:12', '2017-06-04 05:48:12'),
	('6912854c-7ecc-4006-93e9-eecdc5b63f40', 'App\\Notifications\\ProPostedABid', 26, 'App\\User', '{"excerpt":"Taya 1 T posted a new bid on your event OP Event.","message":"<b>Taya 1 T<\\/b> posted a new bid on your event <b>OP Event<\\/b>."}', NULL, '2017-06-04 05:56:28', '2017-06-04 05:56:28'),
	('6b514840-fb46-4877-b4ae-1f1802e8898d', 'App\\Notifications\\ProSelectedForAnEvent', 28, 'App\\User', '{"excerpt":"You\'ve been hired in Veronica Jones\'s event asdasd.","message":"You\'ve been hired in <b>Veronica Jones<\\/b>\'s event <b><a href=\\"http:\\/\\/occasions_pros.dev\\/professionals\\/events\\/dq3oxBnD8A6lpOvX19Qy\\">asdasd<\\/a><\\/b>."}', '2017-06-02 05:09:05', '2017-05-13 05:28:04', '2017-06-02 05:09:05'),
	('6d564300-7269-4af8-8185-7cafe0523712', 'App\\Notifications\\ClientPostedAReview', 28, 'App\\User', '{"excerpt":"Tess Parker posted a review regarding the event OP Event","message":"Tess Parker posted a review regarding the event <b>OP Event<\\/b>","from_user":{"id":26,"email":"stark.chauncey@example.com","permissions":"{\\"client\\":true}","last_login":"2017-06-04 05:27:28","first_name":"Tess","last_name":"Parker","name":"Audie Donnelly","created_at":"2017-05-10 16:09:22","updated_at":"2017-06-04 05:27:28","deleted_at":null,"uid":"","role":"Users","status":"Active"}}', '2017-06-04 06:07:47', '2017-06-04 06:05:07', '2017-06-04 06:07:47'),
	('72cbe364-1e8c-47a9-8d7c-d5cfa3ee30f6', 'App\\Notifications\\ProSelectedForAnEvent', 28, 'App\\User', '{"excerpt":"You\'ve been hired in Veronica Jones\'s event asdasd.","message":"You\'ve been hired in <b>Veronica Jones<\\/b>\'s event <b><a href=\\"http:\\/\\/occasions_pros.dev\\/professionals\\/events\\/dq3oxBnD8A6lpOvX19Qy\\">asdasd<\\/a><\\/b>."}', '2017-05-28 10:29:39', '2017-05-15 09:35:20', '2017-05-28 10:29:39'),
	('7e58e5bf-9b67-49c2-8c6b-451dae62dfab', 'App\\Notifications\\ClientPostedAReview', 28, 'App\\User', '{"excerpt":"Tess Parker posted a review regarding the event OP Event","message":"Tess Parker posted a review regarding the event <b><a href=\\"http:\\/\\/occasions_pros.dev\\/clients\\/events\\/E5Wva9Q7R3D7JG1rjY6K\\">OP Event<\\/a><\\/b>","from_user":{"id":26,"email":"stark.chauncey@example.com","permissions":"{\\"client\\":true}","last_login":"2017-06-04 05:27:28","first_name":"Tess","last_name":"Parker","name":"Audie Donnelly","created_at":"2017-05-10 16:09:22","updated_at":"2017-06-04 05:27:28","deleted_at":null,"uid":"","role":"Users","status":"Active"}}', NULL, '2017-06-04 06:30:37', '2017-06-04 06:30:37'),
	('87713b10-d2cd-466d-8c67-fe5de25ba82f', 'App\\Notifications\\ProSelectedForAnEvent', 28, 'App\\User', '{"excerpt":"You\'ve been hired in Tess Parker\'s event OP Event.","message":"You\'ve been hired in <b>Tess Parker<\\/b>\'s event <b><a href=\\"http:\\/\\/occasions_pros.dev\\/professionals\\/events\\/E5Wva9Q7R3D7JG1rjY6K\\">OP Event<\\/a><\\/b>."}', '2017-06-04 06:21:14', '2017-06-04 06:04:06', '2017-06-04 06:21:14'),
	('8a888907-7e1a-4454-a27d-f6d643eaa7e3', 'App\\Notifications\\ProPostedABid', 8, 'App\\User', '{"excerpt":" posted a new bid on your event asdasd.","message":"<b><\\/b> posted a new bid on your event <b>asdasd<\\/b>."}', NULL, '2017-06-03 19:18:31', '2017-06-03 19:18:31'),
	('90587928-f0d9-4008-b747-1b3211b00d1f', 'App\\Notifications\\EventMatchedPros', 28, 'App\\User', '{"excerpt":"1 new event matched your profile.","message":"<b>1<\\/b> new event matched your profile."}', '2017-06-04 06:21:18', '2017-06-04 06:15:44', '2017-06-04 06:21:18'),
	('92253c90-ba7f-46dd-aaab-7e6bc2ac10b5', 'App\\Notifications\\ProPostedABid', 8, 'App\\User', '{"excerpt":" posted a new bid on your event asdasd.","message":"<b><\\/b> posted a new bid on your event <b>asdasd<\\/b>."}', NULL, '2017-06-03 19:05:43', '2017-06-03 19:05:43'),
	('9aa1354a-53ff-4c67-9b29-ca75161466b5', 'App\\Notifications\\ProSelectedForAnEvent', 28, 'App\\User', '{"excerpt":"You\'ve been hired in Veronica Jones\'s event asdasd.","message":"You\'ve been hired in <b>Veronica Jones<\\/b>\'s event <b><a href=\\"http:\\/\\/occasions_pros.dev\\/professionals\\/events\\/dq3oxBnD8A6lpOvX19Qy\\">asdasd<\\/a><\\/b>."}', '2017-06-02 05:09:07', '2017-05-13 05:29:15', '2017-06-02 05:09:07'),
	('a53d6fb7-b837-4554-b143-48c2c3a4791a', 'App\\Notifications\\ProPostedABid', 8, 'App\\User', '{"excerpt":" posted a new bid on your event asdasd.","message":"<b><\\/b> posted a new bid on your event <b>asdasd<\\/b>."}', NULL, '2017-06-03 19:04:19', '2017-06-03 19:04:19'),
	('a647f26f-69c5-4906-8516-52445a2ce3b2', 'App\\Notifications\\EventMatchedPros', 28, 'App\\User', '{"excerpt":"1 new event matched your profile.","message":"<b>1<\\/b> new event matched your profile."}', '2017-06-04 06:21:20', '2017-06-04 05:48:12', '2017-06-04 06:21:20'),
	('a9b7d5f0-0ec2-44e6-816a-d78343247cc0', 'App\\Notifications\\ClientPostedAReview', 28, 'App\\User', '{"excerpt":"Tess Parker posted a review regarding the event OP Event","message":"Tess Parker posted a review regarding the event <b>OP Event<\\/b>","from_user":{"id":26,"email":"stark.chauncey@example.com","permissions":"{\\"client\\":true}","last_login":"2017-06-04 05:27:28","first_name":"Tess","last_name":"Parker","name":"Audie Donnelly","created_at":"2017-05-10 16:09:22","updated_at":"2017-06-04 05:27:28","deleted_at":null,"uid":"","role":"Users","status":"Active"}}', '2017-06-04 06:20:52', '2017-06-04 06:05:00', '2017-06-04 06:20:52'),
	('b4882360-0da8-475f-9dba-75bf82929d49', 'App\\Notifications\\EventMatchedPros', 28, 'App\\User', '{"excerpt":"You\'ve been hired in Veronica Jones\'s event asdasd.","message":"You\'ve been hired in <b>Veronica Jones<\\/b>\'s event <b><a href=\\"http:\\/\\/occasions_pros.dev\\/professionals\\/events\\/dq3oxBnD8A6lpOvX19Qy\\">asdasd<\\/a><\\/b>."}', '2017-05-28 10:11:36', '2017-05-15 16:44:16', '2017-05-28 10:11:36'),
	('b86c9fbe-8a0b-497c-b94a-c7908edc544e', 'App\\Notifications\\ProPostedABid', 8, 'App\\User', '{"excerpt":" posted a new bid on your event asdasd.","message":"<b><\\/b> posted a new bid on your event <b>asdasd<\\/b>."}', NULL, '2017-05-28 13:16:07', '2017-05-28 13:16:07'),
	('be41a933-be2d-4c10-8934-745af500a664', 'App\\Notifications\\ProSelectedForAnEvent', 28, 'App\\User', '{"excerpt":"You\'ve been hired in Veronica Jones\'s event asdasd.","message":"You\'ve been hired in <b>Veronica Jones<\\/b>\'s event <b><a href=\\"http:\\/\\/occasions_pros.dev\\/professionals\\/events\\/dq3oxBnD8A6lpOvX19Qy\\">asdasd<\\/a><\\/b>."}', '2017-06-02 05:09:00', '2017-05-28 07:22:45', '2017-06-02 05:09:00'),
	('c2e83bce-1b4a-4062-a6f6-947a15f5b2d3', 'App\\Notifications\\ClientPostedAReview', 28, 'App\\User', '{"excerpt":"You\'ve been hired in Veronica Jones\'s event asdasd.","message":"You\'ve been hired in <b>Veronica Jones<\\/b>\'s event <b><a href=\\"http:\\/\\/occasions_pros.dev\\/professionals\\/events\\/dq3oxBnD8A6lpOvX19Qy\\">asdasd<\\/a><\\/b>."}', '2017-06-02 05:09:08', '2017-05-15 01:16:22', '2017-06-02 05:09:08'),
	('c7abdf36-baca-461e-8a34-504d5dd9ca90', 'App\\Notifications\\ProPostedABid', 26, 'App\\User', '{"excerpt":" posted a new bid on your event OP Event.","message":"<b><\\/b> posted a new bid on your event <b>OP Event<\\/b>."}', NULL, '2017-06-04 05:54:24', '2017-06-04 05:54:24'),
	('d4db9ce3-d00d-4eaf-976e-7fb72cc5bf23', 'App\\Notifications\\ProPostedABid', 28, 'App\\User', '{"excerpt":"You\'ve been hired in Veronica Jones\'s event asdasd.","message":"You\'ve been hired in <b>Veronica Jones<\\/b>\'s event <b><a href=\\"http:\\/\\/occasions_pros.dev\\/professionals\\/events\\/dq3oxBnD8A6lpOvX19Qy\\">asdasd<\\/a><\\/b>."}', '2017-05-28 11:18:43', '2017-05-13 17:32:29', '2017-05-28 11:18:43'),
	('d9c9f354-bf40-4e1e-8eba-352f50f930bf', 'App\\Notifications\\ProPostedABid', 28, 'App\\User', '{"excerpt":"You\'ve been hired in Veronica Jones\'s event asdasd.","message":"You\'ve been hired in <b>Veronica Jones<\\/b>\'s event <b><a href=\\"http:\\/\\/occasions_pros.dev\\/professionals\\/events\\/dq3oxBnD8A6lpOvX19Qy\\">asdasd<\\/a><\\/b>."}', '2017-06-02 05:08:58', '2017-05-28 07:19:27', '2017-06-02 05:08:58'),
	('de98e306-ad8c-47b9-bcdd-841ffe220951', 'App\\Notifications\\ProPostedABid', 26, 'App\\User', '{"excerpt":"Taya 1 T posted a new bid on your event OP Event.","message":"<b>Taya 1 T<\\/b> posted a new bid on your event <b><a href=\\"http:\\/\\/occasions_pros.dev\\/professionals\\/events\\/E5Wva9Q7R3D7JG1rjY6K\\">OP Event<\\/a><\\/b>.","from_user":{"id":26,"email":"stark.chauncey@example.com","permissions":"{\\"client\\":true}","last_login":"2017-06-04 05:27:28","first_name":"Tess","last_name":"Parker","name":"Audie Donnelly","created_at":"2017-05-10 16:09:22","updated_at":"2017-06-04 05:27:28","deleted_at":null,"uid":"","role":"Users","status":"Active"}}', '2017-06-04 06:58:56', '2017-06-04 06:56:28', '2017-06-04 06:58:56'),
	('eab8c71b-032e-4a27-8361-d3a26d0dc4cb', 'App\\Notifications\\ProPostedABid', 26, 'App\\User', '{"excerpt":"Taya 1 T posted a new bid on your event OP Event.","message":"<b>Taya 1 T<\\/b> posted a new bid on your event <b><a href=\\"http:\\/\\/occasions_pros.dev\\/professionals\\/events\\/E5Wva9Q7R3D7JG1rjY6K\\">OP Event<\\/a><\\/b>.","from_user":{"id":26,"email":"stark.chauncey@example.com","permissions":"{\\"client\\":true}","last_login":"2017-06-04 05:27:28","first_name":"Tess","last_name":"Parker","name":"Audie Donnelly","created_at":"2017-05-10 16:09:22","updated_at":"2017-06-04 05:27:28","deleted_at":null,"uid":"","role":"Users","status":"Active"}}', NULL, '2017-06-04 07:00:39', '2017-06-04 07:00:39'),
	('ebff7b0d-4f30-4cc8-9993-cfb4c3b6b8eb', 'App\\Notifications\\ProSelectedForAnEvent', 28, 'App\\User', '{"excerpt":"You\'ve been hired in Veronica Jones\'s event asdasd.","message":"You\'ve been hired in <b>Veronica Jones<\\/b>\'s event <b><a href=\\"http:\\/\\/occasions_pros.dev\\/professionals\\/events\\/dq3oxBnD8A6lpOvX19Qy\\">asdasd<\\/a><\\/b>."}', '2017-06-02 05:08:52', '2017-05-15 09:35:12', '2017-06-02 05:08:52'),
	('f706b21d-5c1e-4cd1-968a-a3212152a5e0', 'App\\Notifications\\ProPostedABid', 26, 'App\\User', '{"excerpt":"Taya 1 T posted a new bid on your event OP Event.","message":"<b><a href=\\"http:\\/\\/occasions_pros.dev\\/professionals\\/28\\">Taya 1 T<\\/a><\\/b> posted a new bid on your event <b><a href=\\"http:\\/\\/occasions_pros.dev\\/professionals\\/events\\/E5Wva9Q7R3D7JG1rjY6K\\">OP Event<\\/a><\\/b>.","from_user":{"id":26,"email":"stark.chauncey@example.com","permissions":"{\\"client\\":true}","last_login":"2017-06-04 05:27:28","first_name":"Tess","last_name":"Parker","name":"Audie Donnelly","created_at":"2017-05-10 16:09:22","updated_at":"2017-06-04 05:27:28","deleted_at":null,"uid":"","role":"Users","status":"Active"}}', NULL, '2017-06-04 07:01:34', '2017-06-04 07:01:34'),
	('f9092dd7-c016-4319-b529-3779a81c6c7e', 'App\\Notifications\\ClientPostedAReview', 28, 'App\\User', '{"excerpt":"Tess Parker posted a review regarding the event OP Event","message":"Tess Parker posted a review regarding the event <b><a href=\\"http:\\/\\/occasions_pros.dev\\/professionals\\/events\\/E5Wva9Q7R3D7JG1rjY6K\\">OP Event<\\/a><\\/b>","from_user":{"id":26,"email":"stark.chauncey@example.com","permissions":"{\\"client\\":true}","last_login":"2017-06-04 05:27:28","first_name":"Tess","last_name":"Parker","name":"Audie Donnelly","created_at":"2017-05-10 16:09:22","updated_at":"2017-06-04 05:27:28","deleted_at":null,"uid":"","role":"Users","status":"Active"}}', '2017-06-04 06:54:51', '2017-06-04 06:54:36', '2017-06-04 06:54:51'),
	('fd44f0bf-c78a-4794-981c-71dbfc29f284', 'App\\Notifications\\ClientPostedAReview', 28, 'App\\User', '{"excerpt":"You\'ve been hired in Veronica Jones\'s event asdasd.","message":"You\'ve been hired in <b>Veronica Jones<\\/b>\'s event <b><a href=\\"http:\\/\\/occasions_pros.dev\\/professionals\\/events\\/dq3oxBnD8A6lpOvX19Qy\\">asdasd<\\/a><\\/b>."}', '2017-06-02 05:08:56', '2017-05-15 01:16:43', '2017-06-02 05:08:56'),
	('ff9c3d78-fef5-4a1a-a499-6f074ece9fbe', 'App\\Notifications\\EventMatchedPros', 28, 'App\\User', '{"excerpt":"1 new event matched your profile.","message":"<b>1<\\/b> new event matched your profile."}', '2017-06-04 06:21:18', '2017-06-04 06:17:39', '2017-06-04 06:21:18');
/*!40000 ALTER TABLE `notifications` ENABLE KEYS */;


-- Dumping structure for table occassions_pro_db.oauth_access_tokens
CREATE TABLE IF NOT EXISTS `oauth_access_tokens` (
  `id` varchar(100) COLLATE utf8_unicode_ci NOT NULL,
  `user_id` int(11) DEFAULT NULL,
  `client_id` int(11) NOT NULL,
  `name` varchar(255) COLLATE utf8_unicode_ci DEFAULT NULL,
  `scopes` text COLLATE utf8_unicode_ci,
  `revoked` tinyint(1) NOT NULL,
  `created_at` timestamp NULL DEFAULT NULL,
  `updated_at` timestamp NULL DEFAULT NULL,
  `expires_at` datetime DEFAULT NULL,
  PRIMARY KEY (`id`),
  KEY `oauth_access_tokens_user_id_index` (`user_id`)
) ENGINE=InnoDB DEFAULT CHARSET=utf8 COLLATE=utf8_unicode_ci;

-- Dumping data for table occassions_pro_db.oauth_access_tokens: ~0 rows (approximately)
/*!40000 ALTER TABLE `oauth_access_tokens` DISABLE KEYS */;
/*!40000 ALTER TABLE `oauth_access_tokens` ENABLE KEYS */;


-- Dumping structure for table occassions_pro_db.oauth_auth_codes
CREATE TABLE IF NOT EXISTS `oauth_auth_codes` (
  `id` varchar(100) COLLATE utf8_unicode_ci NOT NULL,
  `user_id` int(11) NOT NULL,
  `client_id` int(11) NOT NULL,
  `scopes` text COLLATE utf8_unicode_ci,
  `revoked` tinyint(1) NOT NULL,
  `expires_at` datetime DEFAULT NULL,
  PRIMARY KEY (`id`)
) ENGINE=InnoDB DEFAULT CHARSET=utf8 COLLATE=utf8_unicode_ci;

-- Dumping data for table occassions_pro_db.oauth_auth_codes: ~0 rows (approximately)
/*!40000 ALTER TABLE `oauth_auth_codes` DISABLE KEYS */;
/*!40000 ALTER TABLE `oauth_auth_codes` ENABLE KEYS */;


-- Dumping structure for table occassions_pro_db.oauth_clients
CREATE TABLE IF NOT EXISTS `oauth_clients` (
  `id` int(10) unsigned NOT NULL AUTO_INCREMENT,
  `user_id` int(11) DEFAULT NULL,
  `name` varchar(255) COLLATE utf8_unicode_ci NOT NULL,
  `secret` varchar(100) COLLATE utf8_unicode_ci NOT NULL,
  `redirect` text COLLATE utf8_unicode_ci NOT NULL,
  `personal_access_client` tinyint(1) NOT NULL,
  `password_client` tinyint(1) NOT NULL,
  `revoked` tinyint(1) NOT NULL,
  `created_at` timestamp NULL DEFAULT NULL,
  `updated_at` timestamp NULL DEFAULT NULL,
  PRIMARY KEY (`id`),
  KEY `oauth_clients_user_id_index` (`user_id`)
) ENGINE=InnoDB DEFAULT CHARSET=utf8 COLLATE=utf8_unicode_ci;

-- Dumping data for table occassions_pro_db.oauth_clients: ~0 rows (approximately)
/*!40000 ALTER TABLE `oauth_clients` DISABLE KEYS */;
/*!40000 ALTER TABLE `oauth_clients` ENABLE KEYS */;


-- Dumping structure for table occassions_pro_db.oauth_personal_access_clients
CREATE TABLE IF NOT EXISTS `oauth_personal_access_clients` (
  `id` int(10) unsigned NOT NULL AUTO_INCREMENT,
  `client_id` int(11) NOT NULL,
  `created_at` timestamp NULL DEFAULT NULL,
  `updated_at` timestamp NULL DEFAULT NULL,
  PRIMARY KEY (`id`),
  KEY `oauth_personal_access_clients_client_id_index` (`client_id`)
) ENGINE=InnoDB DEFAULT CHARSET=utf8 COLLATE=utf8_unicode_ci;

-- Dumping data for table occassions_pro_db.oauth_personal_access_clients: ~0 rows (approximately)
/*!40000 ALTER TABLE `oauth_personal_access_clients` DISABLE KEYS */;
/*!40000 ALTER TABLE `oauth_personal_access_clients` ENABLE KEYS */;


-- Dumping structure for table occassions_pro_db.oauth_refresh_tokens
CREATE TABLE IF NOT EXISTS `oauth_refresh_tokens` (
  `id` varchar(100) COLLATE utf8_unicode_ci NOT NULL,
  `access_token_id` varchar(100) COLLATE utf8_unicode_ci NOT NULL,
  `revoked` tinyint(1) NOT NULL,
  `expires_at` datetime DEFAULT NULL,
  PRIMARY KEY (`id`),
  KEY `oauth_refresh_tokens_access_token_id_index` (`access_token_id`)
) ENGINE=InnoDB DEFAULT CHARSET=utf8 COLLATE=utf8_unicode_ci;

-- Dumping data for table occassions_pro_db.oauth_refresh_tokens: ~0 rows (approximately)
/*!40000 ALTER TABLE `oauth_refresh_tokens` DISABLE KEYS */;
/*!40000 ALTER TABLE `oauth_refresh_tokens` ENABLE KEYS */;


-- Dumping structure for table occassions_pro_db.password_resets
CREATE TABLE IF NOT EXISTS `password_resets` (
  `email` varchar(255) COLLATE utf8_unicode_ci NOT NULL,
  `token` varchar(255) COLLATE utf8_unicode_ci NOT NULL,
  `created_at` timestamp NULL DEFAULT NULL,
  KEY `password_resets_email_index` (`email`),
  KEY `password_resets_token_index` (`token`)
) ENGINE=InnoDB DEFAULT CHARSET=utf8 COLLATE=utf8_unicode_ci;

-- Dumping data for table occassions_pro_db.password_resets: ~0 rows (approximately)
/*!40000 ALTER TABLE `password_resets` DISABLE KEYS */;
/*!40000 ALTER TABLE `password_resets` ENABLE KEYS */;


-- Dumping structure for table occassions_pro_db.payment_transactions
CREATE TABLE IF NOT EXISTS `payment_transactions` (
  `id` int(10) unsigned NOT NULL AUTO_INCREMENT,
  `code` varchar(255) COLLATE utf8_unicode_ci NOT NULL,
  `paid_for` int(11) NOT NULL,
  `paid_by` int(11) NOT NULL,
  `event_id` int(11) NOT NULL,
  `amount` double(12,2) NOT NULL,
  `status` enum('0','1','2') COLLATE utf8_unicode_ci NOT NULL,
  `deleted_at` timestamp NULL DEFAULT NULL,
  `created_at` timestamp NULL DEFAULT NULL,
  `updated_at` timestamp NULL DEFAULT NULL,
  `feed_amount` double(12,2) NOT NULL,
  PRIMARY KEY (`id`)
) ENGINE=InnoDB AUTO_INCREMENT=101 DEFAULT CHARSET=utf8 COLLATE=utf8_unicode_ci;

-- Dumping data for table occassions_pro_db.payment_transactions: ~100 rows (approximately)
/*!40000 ALTER TABLE `payment_transactions` DISABLE KEYS */;
INSERT INTO `payment_transactions` (`id`, `code`, `paid_for`, `paid_by`, `event_id`, `amount`, `status`, `deleted_at`, `created_at`, `updated_at`, `feed_amount`) VALUES
	(1, '6888936708', 9, 12, 6, 7167.00, '0', NULL, '2017-05-10 16:10:51', '2017-05-15 17:03:54', 500.00),
	(2, '9109527265', 16, 7, 15, 4466.00, '0', NULL, '2017-05-10 16:10:52', '2017-05-10 16:10:57', 1700.00),
	(3, '4802793359', 11, 5, 18, 5431.00, '1', NULL, '2017-05-10 16:10:52', '2017-05-10 16:10:57', 5081.00),
	(4, '3057644333', 24, 11, 1, 6007.00, '1', NULL, '2017-05-10 16:10:52', '2017-05-10 16:10:57', 4504.00),
	(5, '4217965125', 12, 14, 15, 3272.00, '2', NULL, '2017-05-10 16:10:52', '2017-05-10 16:10:57', 4795.00),
	(6, '190852071X', 3, 27, 1, 2081.00, '0', NULL, '2017-05-10 16:10:52', '2017-05-10 16:10:57', 8363.00),
	(7, '1106313437', 3, 22, 6, 2250.00, '1', NULL, '2017-05-10 16:10:52', '2017-05-10 16:10:57', 8440.00),
	(8, '0855028947', 14, 18, 4, 5202.00, '2', NULL, '2017-05-10 16:10:52', '2017-05-10 16:10:57', 735.00),
	(9, '6383505335', 16, 10, 19, 3933.00, '0', NULL, '2017-05-10 16:10:52', '2017-05-10 16:10:57', 1021.00),
	(10, '6318970223', 5, 15, 16, 4592.00, '2', NULL, '2017-05-10 16:10:52', '2017-05-10 16:10:57', 2655.00),
	(11, '6587438377', 7, 15, 8, 9930.00, '2', NULL, '2017-05-10 16:10:52', '2017-05-10 16:10:57', 6020.00),
	(12, '7062999962', 26, 23, 16, 9764.00, '1', NULL, '2017-05-10 16:10:53', '2017-05-10 16:10:58', 6745.00),
	(13, '1341771938', 26, 4, 4, 7530.00, '0', NULL, '2017-05-10 16:10:53', '2017-05-10 16:10:58', 4682.00),
	(14, '1524765856', 8, 3, 18, 4949.00, '2', NULL, '2017-05-10 16:10:53', '2017-05-10 16:10:58', 6394.00),
	(15, '4080662424', 26, 18, 6, 9281.00, '0', NULL, '2017-05-10 16:10:53', '2017-05-10 16:10:58', 6551.00),
	(16, '7125445659', 20, 18, 19, 4663.00, '1', NULL, '2017-05-10 16:10:53', '2017-05-10 16:10:58', 2745.00),
	(17, '533313944X', 17, 20, 5, 4446.00, '1', NULL, '2017-05-10 16:10:53', '2017-05-10 16:10:58', 4319.00),
	(18, '3395395219', 17, 2, 2, 9960.00, '1', NULL, '2017-05-10 16:10:53', '2017-05-10 16:10:58', 7127.00),
	(19, '6538584284', 11, 5, 14, 7557.00, '2', NULL, '2017-05-10 16:10:53', '2017-05-10 16:10:58', 2014.00),
	(20, '2098978456', 23, 10, 16, 1804.00, '1', NULL, '2017-05-10 16:10:53', '2017-05-10 16:10:58', 3959.00),
	(21, '3562388365', 1, 8, 2, 4609.00, '0', NULL, '2017-05-10 16:10:53', '2017-05-10 16:10:58', 4226.00),
	(22, '0160665574', 27, 8, 15, 1019.00, '2', NULL, '2017-05-10 16:10:53', '2017-05-10 16:10:59', 5719.00),
	(23, '0750568917', 2, 5, 2, 1034.00, '1', NULL, '2017-05-10 16:10:53', '2017-05-10 16:10:59', 3618.00),
	(24, '3597825869', 3, 6, 12, 9935.00, '0', NULL, '2017-05-10 16:10:53', '2017-05-10 16:10:59', 8506.00),
	(25, '3361857961', 5, 7, 10, 9379.00, '1', NULL, '2017-05-10 16:10:53', '2017-05-10 16:10:59', 9250.00),
	(26, '5603248947', 8, 27, 14, 2965.00, '1', NULL, '2017-05-10 16:10:53', '2017-05-10 16:10:59', 8426.00),
	(27, '1959173928', 2, 5, 13, 2944.00, '1', NULL, '2017-05-10 16:10:53', '2017-05-10 16:10:59', 6854.00),
	(28, '2195536969', 21, 27, 20, 580.00, '1', NULL, '2017-05-10 16:10:53', '2017-05-10 16:10:59', 7426.00),
	(29, '7019312411', 17, 7, 14, 1482.00, '1', NULL, '2017-05-10 16:10:53', '2017-05-10 16:10:59', 7383.00),
	(30, '8905144977', 27, 13, 17, 8293.00, '0', NULL, '2017-05-10 16:10:53', '2017-05-10 16:10:59', 5859.00),
	(31, '4383857647', 23, 26, 7, 6011.00, '1', NULL, '2017-05-10 16:10:53', '2017-05-10 16:10:59', 6348.00),
	(32, '1142456676', 15, 18, 17, 9471.00, '0', NULL, '2017-05-10 16:10:54', '2017-05-10 16:10:59', 8250.00),
	(33, '8492795891', 25, 26, 6, 3378.00, '2', NULL, '2017-05-10 16:10:54', '2017-05-10 16:11:00', 6401.00),
	(34, '4022373881', 18, 15, 9, 2494.00, '0', NULL, '2017-05-10 16:10:54', '2017-05-10 16:11:00', 500.00),
	(35, '3104250197', 16, 20, 4, 2798.00, '2', NULL, '2017-05-10 16:10:54', '2017-05-10 16:11:00', 5342.00),
	(36, '7080620422', 8, 16, 20, 6693.00, '1', NULL, '2017-05-10 16:10:54', '2017-05-10 16:11:00', 895.00),
	(37, '5916359152', 8, 8, 13, 8922.00, '2', NULL, '2017-05-10 16:10:54', '2017-05-10 16:11:00', 4617.00),
	(38, '3852719437', 19, 21, 8, 2405.00, '2', NULL, '2017-05-10 16:10:54', '2017-05-10 16:11:00', 3854.00),
	(39, '1094805580', 10, 1, 13, 6464.00, '2', NULL, '2017-05-10 16:10:54', '2017-05-10 16:11:00', 5665.00),
	(40, '671751728X', 17, 14, 10, 1449.00, '0', NULL, '2017-05-10 16:10:54', '2017-05-10 16:11:00', 6154.00),
	(41, '2285619952', 14, 14, 16, 1384.00, '2', NULL, '2017-05-10 16:10:54', '2017-05-10 16:11:00', 4466.00),
	(42, '9737999703', 25, 15, 19, 4311.00, '0', NULL, '2017-05-10 16:10:54', '2017-05-10 16:11:00', 4537.00),
	(43, '0276983378', 26, 27, 9, 2433.00, '0', NULL, '2017-05-10 16:10:54', '2017-05-10 16:11:00', 5960.00),
	(44, '8428429391', 28, 2, 16, 1670.00, '0', NULL, '2017-05-10 16:10:54', '2017-05-28 10:45:55', 5273.00),
	(45, '6691144686', 2, 25, 16, 5368.00, '0', NULL, '2017-05-10 16:10:54', '2017-05-10 16:11:01', 6138.00),
	(46, '1369539649', 3, 21, 19, 4449.00, '0', NULL, '2017-05-10 16:10:54', '2017-05-10 16:11:01', 5894.00),
	(47, '0929500245', 15, 3, 20, 2692.00, '1', NULL, '2017-05-10 16:10:54', '2017-05-10 16:11:01', 9806.00),
	(48, '7586493588', 14, 13, 17, 3477.00, '1', NULL, '2017-05-10 16:10:54', '2017-05-10 16:11:01', 1038.00),
	(49, '9877058375', 9, 24, 8, 5277.00, '2', NULL, '2017-05-10 16:10:54', '2017-05-15 12:57:09', 4815.00),
	(50, '3941794140', 9, 26, 17, 9207.00, '2', NULL, '2017-05-10 16:10:54', '2017-05-15 12:57:18', 3581.00),
	(51, '7656703195', 22, 24, 8, 1857.00, '1', NULL, '2017-05-10 16:10:54', '2017-05-10 16:11:01', 815.00),
	(52, '5935028379', 15, 25, 8, 4992.00, '2', NULL, '2017-05-10 16:10:54', '2017-05-10 16:11:01', 4174.00),
	(53, '5432167123', 26, 6, 4, 5582.00, '0', NULL, '2017-05-10 16:10:54', '2017-05-10 16:11:01', 2307.00),
	(54, '6111073680', 28, 9, 14, 2430.00, '2', NULL, '2017-05-10 16:10:55', '2017-05-28 10:47:34', 3266.00),
	(55, '460297533X', 11, 1, 4, 5019.00, '1', NULL, '2017-05-10 16:10:55', '2017-05-10 16:11:01', 3554.00),
	(56, '8934958111', 28, 22, 18, 5149.00, '1', NULL, '2017-05-10 16:10:55', '2017-06-03 19:25:20', 1843.00),
	(57, '5163492241', 10, 3, 5, 2858.00, '0', NULL, '2017-05-10 16:10:55', '2017-05-10 16:11:01', 6907.00),
	(58, '6316914113', 8, 25, 2, 659.00, '0', NULL, '2017-05-10 16:10:55', '2017-05-10 16:11:02', 1503.00),
	(59, '9844740363', 1, 19, 18, 9306.00, '1', NULL, '2017-05-10 16:10:55', '2017-05-10 16:11:02', 7010.00),
	(60, '5228899405', 22, 9, 9, 5200.00, '2', NULL, '2017-05-10 16:10:55', '2017-05-10 16:11:02', 4845.00),
	(61, '0241615240', 6, 7, 7, 6656.00, '1', NULL, '2017-05-10 16:10:55', '2017-05-10 16:11:02', 9226.00),
	(62, '9044620746', 17, 4, 15, 2479.00, '1', NULL, '2017-05-10 16:10:55', '2017-05-10 16:11:02', 9458.00),
	(63, '7440406524', 26, 11, 8, 8019.00, '0', NULL, '2017-05-10 16:10:55', '2017-05-10 16:11:02', 4318.00),
	(64, '2210696267', 24, 18, 10, 3328.00, '1', NULL, '2017-05-10 16:10:55', '2017-05-10 16:11:02', 1044.00),
	(65, '2391013620', 26, 26, 3, 8054.00, '2', NULL, '2017-05-10 16:10:55', '2017-05-10 16:11:02', 2991.00),
	(66, '7629371691', 6, 14, 16, 1570.00, '2', NULL, '2017-05-10 16:10:55', '2017-05-10 16:11:02', 8168.00),
	(67, '441299905X', 17, 2, 12, 8749.00, '2', NULL, '2017-05-10 16:10:55', '2017-05-10 16:11:02', 2792.00),
	(68, '8132497775', 23, 22, 20, 9851.00, '2', NULL, '2017-05-10 16:10:55', '2017-05-10 16:11:02', 3851.00),
	(69, '113567275X', 6, 7, 12, 7819.00, '2', NULL, '2017-05-10 16:10:55', '2017-05-10 16:11:02', 8306.00),
	(70, '9345835008', 14, 7, 3, 9074.00, '0', NULL, '2017-05-10 16:10:55', '2017-05-10 16:11:02', 1844.00),
	(71, '8984009539', 16, 19, 19, 2840.00, '0', NULL, '2017-05-10 16:10:55', '2017-05-10 16:11:03', 6682.00),
	(72, '5704196004', 5, 12, 17, 9872.00, '2', NULL, '2017-05-10 16:10:55', '2017-05-10 16:11:03', 6751.00),
	(73, '1271644290', 1, 11, 20, 3553.00, '1', NULL, '2017-05-10 16:10:55', '2017-05-10 16:11:03', 1585.00),
	(74, '4743325188', 5, 21, 6, 9321.00, '1', NULL, '2017-05-10 16:10:55', '2017-05-10 16:11:03', 1338.00),
	(75, '500511551X', 14, 19, 17, 2858.00, '1', NULL, '2017-05-10 16:10:56', '2017-05-10 16:11:03', 8890.00),
	(76, '7517332236', 21, 26, 4, 7826.00, '0', NULL, '2017-05-10 16:10:56', '2017-05-10 16:11:03', 2022.00),
	(77, '5927755089', 5, 17, 11, 6249.00, '0', NULL, '2017-05-10 16:10:56', '2017-05-10 16:11:03', 8605.00),
	(78, '1738981509', 11, 15, 12, 1045.00, '2', NULL, '2017-05-10 16:10:56', '2017-05-10 16:11:03', 1331.00),
	(79, '8917521959', 6, 19, 1, 6682.00, '1', NULL, '2017-05-10 16:10:56', '2017-05-10 16:11:03', 3534.00),
	(80, '9795883127', 15, 15, 17, 2130.00, '1', NULL, '2017-05-10 16:10:56', '2017-05-10 16:11:03', 4951.00),
	(81, '0748361391', 1, 15, 20, 5103.00, '2', NULL, '2017-05-10 16:10:56', '2017-05-10 16:11:03', 1952.00),
	(82, '5406939718', 20, 4, 13, 3649.00, '1', NULL, '2017-05-10 16:10:56', '2017-05-10 16:11:03', 9621.00),
	(83, '0768630983', 19, 1, 4, 2300.00, '0', NULL, '2017-05-10 16:10:56', '2017-05-10 16:11:03', 1473.00),
	(84, '8027219264', 16, 6, 7, 7654.00, '2', NULL, '2017-05-10 16:10:56', '2017-05-10 16:11:03', 3245.00),
	(85, '1327974789', 19, 12, 16, 3785.00, '0', NULL, '2017-05-10 16:10:56', '2017-05-10 16:11:03', 4138.00),
	(86, '3662134136', 6, 3, 3, 2761.00, '0', NULL, '2017-05-10 16:10:56', '2017-05-10 16:11:03', 6566.00),
	(87, '7359017203', 14, 10, 18, 8840.00, '0', NULL, '2017-05-10 16:10:56', '2017-05-10 16:11:04', 7346.00),
	(88, '6821071233', 14, 1, 3, 5893.00, '1', NULL, '2017-05-10 16:10:56', '2017-05-10 16:11:04', 3594.00),
	(89, '3555283804', 23, 14, 15, 4095.00, '1', NULL, '2017-05-10 16:10:56', '2017-05-10 16:11:04', 4533.00),
	(90, '6149024970', 24, 23, 3, 4425.00, '2', NULL, '2017-05-10 16:10:56', '2017-05-10 16:11:04', 6976.00),
	(91, '1741377226', 13, 9, 7, 7666.00, '0', NULL, '2017-05-10 16:10:56', '2017-05-10 16:11:04', 2239.00),
	(92, '6641887987', 16, 10, 2, 5432.00, '1', NULL, '2017-05-10 16:10:56', '2017-05-10 16:11:04', 4592.00),
	(93, '9926134564', 27, 13, 4, 1602.00, '1', NULL, '2017-05-10 16:10:56', '2017-05-10 16:11:04', 9963.00),
	(94, '0917604970', 19, 15, 10, 3003.00, '1', NULL, '2017-05-10 16:10:56', '2017-05-10 16:11:04', 2036.00),
	(95, '4728497828', 5, 13, 16, 4680.00, '2', NULL, '2017-05-10 16:10:56', '2017-05-10 16:11:04', 2677.00),
	(96, '8378943461', 13, 13, 17, 1607.00, '0', NULL, '2017-05-10 16:10:56', '2017-05-10 16:11:04', 1527.00),
	(97, '8595243441', 22, 15, 18, 3290.00, '2', NULL, '2017-05-10 16:10:57', '2017-05-10 16:11:04', 3479.00),
	(98, '1046602195', 1, 4, 4, 4253.00, '1', NULL, '2017-05-10 16:10:57', '2017-05-10 16:11:04', 7791.00),
	(99, '0057883955', 12, 14, 4, 2661.00, '2', NULL, '2017-05-10 16:10:57', '2017-05-10 16:11:04', 5900.00),
	(100, '6299531002', 16, 19, 11, 5987.00, '0', NULL, '2017-05-10 16:10:57', '2017-05-10 16:11:04', 3434.00);
/*!40000 ALTER TABLE `payment_transactions` ENABLE KEYS */;


-- Dumping structure for table occassions_pro_db.persistences
CREATE TABLE IF NOT EXISTS `persistences` (
  `id` int(10) unsigned NOT NULL AUTO_INCREMENT,
  `user_id` int(10) unsigned NOT NULL,
  `code` varchar(255) COLLATE utf8_unicode_ci NOT NULL,
  `created_at` timestamp NULL DEFAULT NULL,
  `updated_at` timestamp NULL DEFAULT NULL,
  PRIMARY KEY (`id`),
  UNIQUE KEY `persistences_code_unique` (`code`)
) ENGINE=InnoDB AUTO_INCREMENT=51 DEFAULT CHARSET=utf8 COLLATE=utf8_unicode_ci;

-- Dumping data for table occassions_pro_db.persistences: ~20 rows (approximately)
/*!40000 ALTER TABLE `persistences` DISABLE KEYS */;
INSERT INTO `persistences` (`id`, `user_id`, `code`, `created_at`, `updated_at`) VALUES
	(1, 27, 'IGDIqedAOCQtPxvwwV8Q7u05OaCJBTqs', '2017-05-10 16:12:27', '2017-05-10 16:12:27'),
	(2, 1, 'Hh0f4s2CfNNqTI3spt8cz1LEA2eE3jeu', '2017-05-12 16:17:54', '2017-05-12 16:17:54'),
	(4, 26, '6OzGUJFx2iKh2KCJrsXDVYUUg25rvB6B', '2017-05-12 17:18:45', '2017-05-12 17:18:45'),
	(11, 28, '7zIyxw8fhXkfBJZFuIcywzH2WV2Vxu9F', '2017-05-13 05:30:09', '2017-05-13 05:30:09'),
	(12, 28, 'tPHJG6WFAmPGdto5XpAbHBy0MDVSspn6', '2017-05-13 17:10:43', '2017-05-13 17:10:43'),
	(14, 28, '58ODB54ItqtZ6Wn8clvlhUpIprslsCKj', '2017-05-15 01:17:25', '2017-05-15 01:17:25'),
	(16, 1, 'tAAstQ1RMD3qjPqAeizC1BxSyJEdp9fQ', '2017-05-15 07:08:47', '2017-05-15 07:08:47'),
	(20, 1, 'yG1o06ub7DnCeIbfX0eobmWjkal7m4Yt', '2017-05-15 10:30:18', '2017-05-15 10:30:18'),
	(21, 9, 'g6nIseLUD4FytafQRy8e0W69SPxtByju', '2017-05-15 12:48:08', '2017-05-15 12:48:08'),
	(23, 30, 'haFSEBPzT76RNgrSAohpMTTsS0LF1VTo', '2017-05-15 16:03:32', '2017-05-15 16:03:32'),
	(24, 30, 'GgysA24AVp9ds3akJPT0bTfsaXoYxF2D', '2017-05-15 16:03:41', '2017-05-15 16:03:41'),
	(28, 6, 'HAs3297Nsr1x6wLWbOg2vHayM0Gib5UK', '2017-05-15 16:36:01', '2017-05-15 16:36:01'),
	(30, 26, 'OMhEy4PdHp7sLBxNqBTRhuGfLoWxoy2i', '2017-05-20 20:42:29', '2017-05-20 20:42:29'),
	(32, 28, 'Z8RDXYX7e09eTjCEQz4RIBKAtZDKLj26', '2017-05-21 13:38:23', '2017-05-21 13:38:23'),
	(33, 27, 'CiRwPBu8GNvaCeD12BP4dXyAJ8jZbi2t', '2017-05-26 15:44:29', '2017-05-26 15:44:29'),
	(35, 28, 'rUjL0aYhbeXRipyrbnsyLieZfIO99yzQ', '2017-05-27 19:27:17', '2017-05-27 19:27:17'),
	(37, 28, 'OTMJqCNJxLlgrt9W8FOrwbRDyPECV9iD', '2017-05-28 07:16:35', '2017-05-28 07:16:35'),
	(38, 25, 'HZ80QIbBSQbm7tF3NFAWMDgi5SMWuGRS', '2017-05-28 12:33:44', '2017-05-28 12:33:44'),
	(43, 28, 'BW8hx0wPYUiY2nlixqFoutooobQFngUs', '2017-06-02 14:46:31', '2017-06-02 14:46:31'),
	(44, 28, 'MuTXXglJv2hAnsMYVOM9DF5RGPswjqqc', '2017-06-03 02:53:17', '2017-06-03 02:53:17'),
	(45, 28, 'cNlnSxpXNFB4DIKWjJguSIY9Zllgdpji', '2017-06-03 16:51:37', '2017-06-03 16:51:37'),
	(48, 26, 'ZSkUuYcgVQ9J8DDbEWJwsHVw62fbXz2S', '2017-06-04 05:27:28', '2017-06-04 05:27:28'),
	(49, 1, '1wYfq7lMLPuEPFqwbWzPTpzGnBsNK8r2', '2017-06-04 05:45:06', '2017-06-04 05:45:06'),
	(50, 28, '9vRiRh3XXCCyeYkW02PlLZKTsR31FyZA', '2017-06-04 05:49:44', '2017-06-04 05:49:44');
/*!40000 ALTER TABLE `persistences` ENABLE KEYS */;


-- Dumping structure for table occassions_pro_db.professionals_ad_posts
CREATE TABLE IF NOT EXISTS `professionals_ad_posts` (
  `id` int(10) unsigned NOT NULL AUTO_INCREMENT,
  `uid` varchar(255) COLLATE utf8_unicode_ci DEFAULT NULL,
  `title` varchar(255) COLLATE utf8_unicode_ci NOT NULL,
  `content` text COLLATE utf8_unicode_ci NOT NULL,
  `status` enum('0','1','2') COLLATE utf8_unicode_ci NOT NULL,
  `expired_at` datetime DEFAULT NULL,
  `created_by` int(11) DEFAULT NULL,
  `location` text COLLATE utf8_unicode_ci,
  `latitude` text COLLATE utf8_unicode_ci,
  `longitude` text COLLATE utf8_unicode_ci,
  `created_at` timestamp NULL DEFAULT NULL,
  `updated_at` timestamp NULL DEFAULT NULL,
  `deleted_at` timestamp NULL DEFAULT NULL,
  PRIMARY KEY (`id`)
) ENGINE=InnoDB AUTO_INCREMENT=8 DEFAULT CHARSET=utf8 COLLATE=utf8_unicode_ci;

-- Dumping data for table occassions_pro_db.professionals_ad_posts: ~4 rows (approximately)
/*!40000 ALTER TABLE `professionals_ad_posts` DISABLE KEYS */;
INSERT INTO `professionals_ad_posts` (`id`, `uid`, `title`, `content`, `status`, `expired_at`, `created_by`, `location`, `latitude`, `longitude`, `created_at`, `updated_at`, `deleted_at`) VALUES
	(3, 'E5Wva9Q7R37RG1rjY6Kn', 'dasd', 'as', '1', '2017-06-09 13:46:18', NULL, NULL, NULL, NULL, '2017-06-02 12:00:26', '2017-06-02 12:00:26', NULL),
	(4, 'Eew49rLVRNP8aP57zvd0', 'ad', 'sd', '1', '2017-06-09 13:46:18', 28, NULL, NULL, NULL, '2017-06-02 13:43:14', '2017-06-02 13:43:14', NULL),
	(5, 'G1N7dQZMR5W86pKnz5XV', 'as', 'dasdasd', '1', '2017-06-01 13:46:18', 28, 'Academy Boulevard North, Colorado Springs, CO, United States', '38.9048569', '-104.7766608', '2017-06-02 13:46:10', '2017-06-02 15:07:32', NULL),
	(6, 'EqoKL2k0Jq28ZQgpnaXj', 'as', 'asdasd', '1', '2017-06-01 13:46:18', 28, NULL, NULL, NULL, '2017-06-02 13:46:18', '2017-06-02 13:46:18', NULL),
	(7, 'OWx7qB2bRgE860NrDLm1', 'asd', 'asdasdasd', '1', NULL, 28, 'New York, NY, United States', '40.7127837', '-74.00594130000002', '2017-06-02 15:01:03', '2017-06-02 15:01:03', NULL);
/*!40000 ALTER TABLE `professionals_ad_posts` ENABLE KEYS */;


-- Dumping structure for table occassions_pro_db.professional_bid_events
CREATE TABLE IF NOT EXISTS `professional_bid_events` (
  `id` int(10) unsigned NOT NULL AUTO_INCREMENT,
  `professional_id` int(11) NOT NULL,
  `event_id` int(11) NOT NULL,
  `application_status` enum('0','1','2','3') COLLATE utf8_unicode_ci NOT NULL,
  `status` enum('0','1') COLLATE utf8_unicode_ci NOT NULL,
  `deleted_at` timestamp NULL DEFAULT NULL,
  `created_at` timestamp NULL DEFAULT NULL,
  `updated_at` timestamp NULL DEFAULT NULL,
  PRIMARY KEY (`id`)
) ENGINE=InnoDB AUTO_INCREMENT=51 DEFAULT CHARSET=utf8 COLLATE=utf8_unicode_ci;

-- Dumping data for table occassions_pro_db.professional_bid_events: ~50 rows (approximately)
/*!40000 ALTER TABLE `professional_bid_events` DISABLE KEYS */;
INSERT INTO `professional_bid_events` (`id`, `professional_id`, `event_id`, `application_status`, `status`, `deleted_at`, `created_at`, `updated_at`) VALUES
	(1, 11, 3, '1', '1', NULL, '2017-05-10 16:10:28', '2017-05-10 16:10:30'),
	(2, 11, 17, '1', '1', NULL, '2017-05-10 16:10:28', '2017-05-10 16:10:30'),
	(3, 7, 14, '1', '1', NULL, '2017-05-10 16:10:28', '2017-05-10 16:10:31'),
	(4, 14, 20, '1', '1', NULL, '2017-05-10 16:10:28', '2017-05-10 16:10:31'),
	(5, 8, 3, '1', '1', NULL, '2017-05-10 16:10:28', '2017-05-10 16:10:31'),
	(6, 16, 8, '1', '1', NULL, '2017-05-10 16:10:28', '2017-05-10 16:10:31'),
	(7, 19, 7, '1', '1', NULL, '2017-05-10 16:10:28', '2017-05-10 16:10:31'),
	(8, 1, 12, '1', '1', NULL, '2017-05-10 16:10:28', '2017-05-10 16:10:31'),
	(9, 10, 7, '1', '1', NULL, '2017-05-10 16:10:28', '2017-05-10 16:10:31'),
	(10, 16, 17, '1', '1', NULL, '2017-05-10 16:10:28', '2017-05-10 16:10:31'),
	(11, 2, 9, '1', '1', NULL, '2017-05-10 16:10:28', '2017-05-10 16:10:31'),
	(12, 2, 10, '1', '1', NULL, '2017-05-10 16:10:29', '2017-05-10 16:10:31'),
	(13, 18, 10, '1', '1', NULL, '2017-05-10 16:10:29', '2017-05-10 16:10:31'),
	(14, 10, 16, '1', '1', NULL, '2017-05-10 16:10:29', '2017-05-10 16:10:31'),
	(15, 19, 7, '1', '1', NULL, '2017-05-10 16:10:29', '2017-05-10 16:10:31'),
	(16, 11, 4, '1', '1', NULL, '2017-05-10 16:10:29', '2017-05-10 16:10:31'),
	(17, 8, 13, '1', '1', NULL, '2017-05-10 16:10:29', '2017-05-10 16:10:31'),
	(18, 6, 4, '1', '1', NULL, '2017-05-10 16:10:29', '2017-05-10 16:10:31'),
	(19, 10, 10, '1', '1', NULL, '2017-05-10 16:10:29', '2017-05-10 16:10:31'),
	(20, 1, 10, '1', '1', NULL, '2017-05-10 16:10:29', '2017-05-10 16:10:31'),
	(21, 20, 14, '1', '1', NULL, '2017-05-10 16:10:29', '2017-05-10 16:10:32'),
	(22, 2, 7, '1', '1', NULL, '2017-05-10 16:10:29', '2017-05-10 16:10:32'),
	(23, 3, 18, '1', '1', NULL, '2017-05-10 16:10:29', '2017-05-10 16:10:32'),
	(24, 5, 5, '1', '1', NULL, '2017-05-10 16:10:29', '2017-05-10 16:10:32'),
	(25, 12, 3, '1', '1', NULL, '2017-05-10 16:10:29', '2017-05-10 16:10:32'),
	(26, 11, 5, '1', '1', NULL, '2017-05-10 16:10:29', '2017-05-10 16:10:32'),
	(27, 11, 12, '1', '1', NULL, '2017-05-10 16:10:29', '2017-05-10 16:10:32'),
	(28, 19, 6, '1', '1', NULL, '2017-05-10 16:10:29', '2017-05-10 16:10:32'),
	(29, 14, 5, '1', '1', NULL, '2017-05-10 16:10:29', '2017-05-10 16:10:32'),
	(30, 3, 3, '1', '1', NULL, '2017-05-10 16:10:29', '2017-05-10 16:10:32'),
	(31, 4, 13, '1', '1', NULL, '2017-05-10 16:10:29', '2017-05-10 16:10:32'),
	(32, 3, 17, '1', '1', NULL, '2017-05-10 16:10:29', '2017-05-10 16:10:32'),
	(33, 8, 11, '1', '1', NULL, '2017-05-10 16:10:30', '2017-05-10 16:10:32'),
	(34, 19, 10, '1', '1', NULL, '2017-05-10 16:10:30', '2017-05-10 16:10:32'),
	(35, 5, 17, '1', '1', NULL, '2017-05-10 16:10:30', '2017-05-10 16:10:33'),
	(36, 7, 20, '1', '1', NULL, '2017-05-10 16:10:30', '2017-05-10 16:10:33'),
	(37, 12, 19, '1', '1', NULL, '2017-05-10 16:10:30', '2017-05-10 16:10:33'),
	(38, 7, 6, '1', '1', NULL, '2017-05-10 16:10:30', '2017-05-10 16:10:33'),
	(39, 11, 9, '1', '1', NULL, '2017-05-10 16:10:30', '2017-05-10 16:10:33'),
	(40, 4, 13, '1', '1', NULL, '2017-05-10 16:10:30', '2017-05-10 16:10:33'),
	(41, 16, 9, '1', '1', NULL, '2017-05-10 16:10:30', '2017-05-10 16:10:33'),
	(42, 3, 5, '1', '1', NULL, '2017-05-10 16:10:30', '2017-05-10 16:10:33'),
	(43, 16, 16, '1', '1', NULL, '2017-05-10 16:10:30', '2017-05-10 16:10:33'),
	(44, 7, 11, '1', '1', NULL, '2017-05-10 16:10:30', '2017-05-10 16:10:33'),
	(45, 12, 9, '1', '1', NULL, '2017-05-10 16:10:30', '2017-05-10 16:10:33'),
	(46, 10, 20, '1', '1', NULL, '2017-05-10 16:10:30', '2017-05-10 16:10:33'),
	(47, 12, 9, '1', '1', NULL, '2017-05-10 16:10:30', '2017-05-10 16:10:33'),
	(48, 4, 9, '1', '1', NULL, '2017-05-10 16:10:30', '2017-05-10 16:10:33'),
	(49, 4, 15, '1', '1', NULL, '2017-05-10 16:10:30', '2017-05-10 16:10:33'),
	(50, 19, 13, '1', '1', NULL, '2017-05-10 16:10:30', '2017-05-10 16:10:33');
/*!40000 ALTER TABLE `professional_bid_events` ENABLE KEYS */;


-- Dumping structure for table occassions_pro_db.professional_categories
CREATE TABLE IF NOT EXISTS `professional_categories` (
  `id` int(10) unsigned NOT NULL AUTO_INCREMENT,
  `title` varchar(255) COLLATE utf8_unicode_ci NOT NULL,
  `deleted_at` timestamp NULL DEFAULT NULL,
  `created_at` timestamp NULL DEFAULT NULL,
  `updated_at` timestamp NULL DEFAULT NULL,
  PRIMARY KEY (`id`)
) ENGINE=InnoDB AUTO_INCREMENT=19 DEFAULT CHARSET=utf8 COLLATE=utf8_unicode_ci;

-- Dumping data for table occassions_pro_db.professional_categories: ~18 rows (approximately)
/*!40000 ALTER TABLE `professional_categories` DISABLE KEYS */;
INSERT INTO `professional_categories` (`id`, `title`, `deleted_at`, `created_at`, `updated_at`) VALUES
	(1, 'DJs', NULL, '2017-05-10 16:10:02', '2017-05-10 16:10:02'),
	(2, 'MCs', NULL, '2017-05-10 16:10:03', '2017-05-10 16:10:03'),
	(3, 'Musicians', NULL, '2017-05-10 16:10:03', '2017-05-10 16:10:03'),
	(4, 'Singers', NULL, '2017-05-10 16:10:03', '2017-05-10 16:10:03'),
	(5, 'Bands', NULL, '2017-05-10 16:10:03', '2017-05-10 16:10:03'),
	(6, 'Coordinators', NULL, '2017-05-10 16:10:03', '2017-05-10 16:10:03'),
	(7, 'Photo Booths', NULL, '2017-05-10 16:10:03', '2017-05-10 16:10:03'),
	(8, 'Photographers', NULL, '2017-05-10 16:10:03', '2017-05-10 16:10:03'),
	(9, 'Videographers', NULL, '2017-05-10 16:10:03', '2017-05-10 16:10:03'),
	(10, 'Florist', NULL, '2017-05-10 16:10:03', '2017-05-10 16:10:03'),
	(11, 'Officiant', NULL, '2017-05-10 16:10:03', '2017-05-10 16:10:03'),
	(12, 'Bartenders', NULL, '2017-05-10 16:10:03', '2017-05-10 16:10:03'),
	(13, 'Caterers', NULL, '2017-05-10 16:10:03', '2017-05-10 16:10:03'),
	(14, 'Taco Man', NULL, '2017-05-10 16:10:04', '2017-05-10 16:10:04'),
	(15, 'Magicians', NULL, '2017-05-10 16:10:04', '2017-05-10 16:10:04'),
	(16, 'Comedians', NULL, '2017-05-10 16:10:04', '2017-05-10 16:10:04'),
	(17, 'Limousines', NULL, '2017-05-10 16:10:04', '2017-05-10 16:10:04'),
	(18, 'Party Rental Companies', NULL, '2017-05-10 16:10:04', '2017-05-10 16:10:04');
/*!40000 ALTER TABLE `professional_categories` ENABLE KEYS */;


-- Dumping structure for table occassions_pro_db.professional_informations
CREATE TABLE IF NOT EXISTS `professional_informations` (
  `id` int(10) unsigned NOT NULL AUTO_INCREMENT,
  `user_id` int(11) NOT NULL,
  `first_name` varchar(255) COLLATE utf8_unicode_ci DEFAULT NULL,
  `last_name` varchar(255) COLLATE utf8_unicode_ci DEFAULT NULL,
  `profile_pic` varchar(255) COLLATE utf8_unicode_ci DEFAULT NULL,
  `countries_served` varchar(255) COLLATE utf8_unicode_ci DEFAULT NULL,
  `biography` text COLLATE utf8_unicode_ci,
  `location` text COLLATE utf8_unicode_ci,
  `contact_number` text COLLATE utf8_unicode_ci,
  `business_name` varchar(255) COLLATE utf8_unicode_ci DEFAULT NULL,
  `city_based` varchar(255) COLLATE utf8_unicode_ci DEFAULT NULL,
  `willing_distance_to_travel` varchar(255) COLLATE utf8_unicode_ci DEFAULT NULL,
  `years_of_experience` varchar(255) COLLATE utf8_unicode_ci DEFAULT NULL,
  `has_liability_insurance` varchar(255) COLLATE utf8_unicode_ci DEFAULT NULL,
  `separation_from_other_pros` text COLLATE utf8_unicode_ci,
  `reference_upon_request` varchar(255) COLLATE utf8_unicode_ci DEFAULT NULL,
  `require_deposit` varchar(255) COLLATE utf8_unicode_ci DEFAULT NULL,
  `advance_booking_amount` varchar(255) COLLATE utf8_unicode_ci DEFAULT NULL,
  `languages_can_speak` varchar(255) COLLATE utf8_unicode_ci DEFAULT NULL,
  `can_provide_cultural_services` varchar(255) COLLATE utf8_unicode_ci DEFAULT NULL,
  `media` text COLLATE utf8_unicode_ci,
  `deleted_at` timestamp NULL DEFAULT NULL,
  `created_at` timestamp NULL DEFAULT NULL,
  `updated_at` timestamp NULL DEFAULT NULL,
  `additional_services_provided` text COLLATE utf8_unicode_ci,
  `latitude` varchar(50) COLLATE utf8_unicode_ci DEFAULT NULL,
  `longitude` varchar(50) COLLATE utf8_unicode_ci DEFAULT NULL,
  PRIMARY KEY (`id`)
) ENGINE=InnoDB AUTO_INCREMENT=22 DEFAULT CHARSET=utf8 COLLATE=utf8_unicode_ci;

-- Dumping data for table occassions_pro_db.professional_informations: ~20 rows (approximately)
/*!40000 ALTER TABLE `professional_informations` DISABLE KEYS */;
INSERT INTO `professional_informations` (`id`, `user_id`, `first_name`, `last_name`, `profile_pic`, `countries_served`, `biography`, `location`, `contact_number`, `business_name`, `city_based`, `willing_distance_to_travel`, `years_of_experience`, `has_liability_insurance`, `separation_from_other_pros`, `reference_upon_request`, `require_deposit`, `advance_booking_amount`, `languages_can_speak`, `can_provide_cultural_services`, `media`, `deleted_at`, `created_at`, `updated_at`, `additional_services_provided`, `latitude`, `longitude`) VALUES
	(1, 8, 'Nolan', 'McCullough', '/storage/uploads/blog-posts/d9415ec3703c4084a5e276d7f684603a.jpeg', 'Philippines', 'Eos dolor sunt aliquid beatae omnis corrupti. Enim quasi minima rerum facilis iure. Molestiae similique eveniet veritatis possimus sequi. Iure iusto optio quis facere.', 'Port Elianefort', '724.422.0132 x8201', 'Towne-McDermott', 'South Elmoreton', 'Up to 3 miles', '8 years', 'Yes', 'Dignissimos eum sint minus earum ipsum.', 'Yes', 'Yes', '3 week before', 'English', 'N/A', '{"images":["\\/storage\\/uploads\\/blog-posts\\/d9415ec3703c4084a5e276d7f684603a.jpeg","\\/storage\\/uploads\\/blog-posts\\/d9415ec3703c4084a5e276d7f684603a.jpeg","\\/storage\\/uploads\\/blog-posts\\/d9415ec3703c4084a5e276d7f684603a.jpeg","\\/storage\\/uploads\\/blog-posts\\/d9415ec3703c4084a5e276d7f684603a.jpeg","\\/storage\\/uploads\\/blog-posts\\/d9415ec3703c4084a5e276d7f684603a.jpeg"],"videos":["http:\\/\\/www.crist.com\\/"],"music":["http:\\/\\/schumm.com\\/"],"social_links":{"website":"http:\\/\\/www.osinski.net\\/quod-vel-aperiam-fuga-porro-sed-impedit","facebook":"https:\\/\\/www.kilback.com\\/officiis-atque-voluptatem-nam-iure","twitter":"http:\\/\\/mills.info\\/et-illo-quas-in-nostrum-omnis-ipsum-quod.html","pinterest":"http:\\/\\/www.connelly.info\\/dolorem-repellat-eligendi-aut-deleniti-quam-nam-omnis","instagram":"https:\\/\\/www.auer.com\\/aliquid-quos-ut-similique-rerum-saepe-enim-non-occaecati"}}', NULL, '2017-05-10 16:09:22', '2017-05-10 16:09:22', NULL, NULL, NULL),
	(2, 9, 'Claire', 'Pfeffer', '/storage/uploads/blog-posts/d9415ec3703c4084a5e276d7f684603a.jpeg', 'Philippines', 'Adipisci quia illo animi eveniet delectus accusantium possimus consequatur. Facere voluptatem quidem unde et. Assumenda non explicabo cupiditate et.', 'Lake Vida', '+1.297.896.3435', 'Funk and Sons', 'Port Tobinmouth', 'Up to 2 miles', '4 years', 'Yes', 'Quaerat doloremque iusto est quia.', 'Yes', 'Yes', '5 week before', 'English', 'N/A', '{"images":["\\/storage\\/uploads\\/blog-posts\\/d9415ec3703c4084a5e276d7f684603a.jpeg","\\/storage\\/uploads\\/blog-posts\\/d9415ec3703c4084a5e276d7f684603a.jpeg","\\/storage\\/uploads\\/blog-posts\\/d9415ec3703c4084a5e276d7f684603a.jpeg","\\/storage\\/uploads\\/blog-posts\\/d9415ec3703c4084a5e276d7f684603a.jpeg","\\/storage\\/uploads\\/blog-posts\\/d9415ec3703c4084a5e276d7f684603a.jpeg"],"videos":["http:\\/\\/bernier.com\\/laborum-expedita-eos-voluptatem-delectus"],"music":["http:\\/\\/keebler.org\\/"],"social_links":{"website":"https:\\/\\/www.heidenreich.com\\/sint-numquam-nemo-optio-mollitia-unde-qui-at","facebook":"https:\\/\\/hayes.com\\/omnis-ratione-aut-id-itaque-esse-sunt.html","twitter":"https:\\/\\/johnson.com\\/consequuntur-ea-sit-atque-vel-est-atque.html","pinterest":"https:\\/\\/www.legros.org\\/explicabo-officiis-similique-nam-facilis","instagram":"http:\\/\\/www.jast.com\\/autem-repellat-fugiat-id-qui-natus-perspiciatis.html"}}', NULL, '2017-05-10 16:09:23', '2017-05-10 16:09:23', NULL, NULL, NULL),
	(3, 10, 'Hal', 'Watsica', '/storage/uploads/blog-posts/d9415ec3703c4084a5e276d7f684603a.jpeg', 'USA', 'Nihil in quaerat nihil ut ea nihil nisi dolorem. Suscipit dolor eligendi assumenda quo eveniet praesentium consectetur. Dolor minima doloribus autem. Et odit dolores aut reiciendis quas et.', 'Burdettefurt', '625-496-7967', 'Ward Ltd', 'Lelandland', 'Up to 3 miles', '2 years', 'Yes', 'Architecto ipsam non quis ad et qui.', 'Yes', 'Yes', '2 week before', 'English', 'N/A', '{"images":["\\/storage\\/uploads\\/blog-posts\\/d9415ec3703c4084a5e276d7f684603a.jpeg","\\/storage\\/uploads\\/blog-posts\\/d9415ec3703c4084a5e276d7f684603a.jpeg","\\/storage\\/uploads\\/blog-posts\\/d9415ec3703c4084a5e276d7f684603a.jpeg","\\/storage\\/uploads\\/blog-posts\\/d9415ec3703c4084a5e276d7f684603a.jpeg","\\/storage\\/uploads\\/blog-posts\\/d9415ec3703c4084a5e276d7f684603a.jpeg"],"videos":["http:\\/\\/www.waters.com\\/omnis-voluptas-velit-perferendis-et-perferendis-exercitationem"],"music":["http:\\/\\/www.pouros.biz\\/ut-voluptatem-autem-consectetur-explicabo-debitis-inventore-et"],"social_links":{"website":"http:\\/\\/murphy.org\\/","facebook":"http:\\/\\/www.schulist.org\\/deserunt-est-aut-provident-ipsa-aut-iusto-et.html","twitter":"https:\\/\\/oconnell.com\\/nulla-accusamus-distinctio-optio-iusto-dolorem-aliquid-sapiente.html","pinterest":"http:\\/\\/www.satterfield.info\\/a-possimus-maiores-repudiandae-reiciendis-fugiat-esse-eum.html","instagram":"http:\\/\\/www.erdman.org\\/ea-magnam-ratione-odit-sunt-facere-reiciendis-cumque.html"}}', NULL, '2017-05-10 16:09:23', '2017-05-10 16:09:23', NULL, NULL, NULL),
	(4, 11, 'Golden', 'Kutch', '/storage/uploads/blog-posts/d9415ec3703c4084a5e276d7f684603a.jpeg', 'USA', 'Facilis cupiditate minus odit adipisci nostrum ut. Vel dolor magnam velit. Molestias aliquid voluptas eum nam natus.', 'West Karen', '715.957.4649 x76178', 'Wiza-Greenholt', 'Stoltenbergberg', 'Up to 5 miles', '0 years', 'Yes', 'Voluptatem repellat modi expedita.', 'Yes', 'Yes', '5 week before', 'English', 'N/A', '{"images":["\\/storage\\/uploads\\/blog-posts\\/d9415ec3703c4084a5e276d7f684603a.jpeg","\\/storage\\/uploads\\/blog-posts\\/d9415ec3703c4084a5e276d7f684603a.jpeg","\\/storage\\/uploads\\/blog-posts\\/d9415ec3703c4084a5e276d7f684603a.jpeg","\\/storage\\/uploads\\/blog-posts\\/d9415ec3703c4084a5e276d7f684603a.jpeg","\\/storage\\/uploads\\/blog-posts\\/d9415ec3703c4084a5e276d7f684603a.jpeg"],"videos":["http:\\/\\/marks.com\\/necessitatibus-sit-illo-sit-beatae-accusantium"],"music":["http:\\/\\/powlowski.com\\/inventore-enim-ipsa-corrupti-delectus-perferendis-officia-non.html"],"social_links":{"website":"http:\\/\\/boyer.com\\/quaerat-excepturi-non-ea-omnis-rem","facebook":"http:\\/\\/www.king.com\\/ut-sapiente-quod-eum-placeat-ut-neque-delectus","twitter":"http:\\/\\/mclaughlin.org\\/","pinterest":"https:\\/\\/www.hoeger.com\\/quia-itaque-cupiditate-qui-similique-reiciendis-sint-et-est","instagram":"http:\\/\\/www.white.net\\/repudiandae-et-laudantium-ut-qui-quas-deleniti-non-occaecati"}}', NULL, '2017-05-10 16:09:24', '2017-05-10 16:09:24', NULL, NULL, NULL),
	(5, 12, 'Gerard', 'Brakus', '/storage/uploads/blog-posts/d9415ec3703c4084a5e276d7f684603a.jpeg', 'Canada', 'Accusamus quia nesciunt est ab occaecati explicabo. Et fugit cupiditate dolores et reprehenderit eligendi molestiae. Rerum ut aut magnam non facere. Ut non iure debitis ex nemo.', 'New Kaycee', '451.787.1050', 'Botsford-Emard', 'Flotown', 'Up to 7 miles', '1 years', 'Yes', 'Et unde asperiores eum laboriosam voluptatibus.', 'Yes', 'Yes', '3 week before', 'English', 'N/A', '{"images":["\\/storage\\/uploads\\/blog-posts\\/d9415ec3703c4084a5e276d7f684603a.jpeg","\\/storage\\/uploads\\/blog-posts\\/d9415ec3703c4084a5e276d7f684603a.jpeg","\\/storage\\/uploads\\/blog-posts\\/d9415ec3703c4084a5e276d7f684603a.jpeg","\\/storage\\/uploads\\/blog-posts\\/d9415ec3703c4084a5e276d7f684603a.jpeg","\\/storage\\/uploads\\/blog-posts\\/d9415ec3703c4084a5e276d7f684603a.jpeg"],"videos":["http:\\/\\/www.beier.com\\/"],"music":["https:\\/\\/www.hintz.net\\/commodi-necessitatibus-quidem-excepturi-molestiae"],"social_links":{"website":"https:\\/\\/oreilly.net\\/ea-aut-dolor-labore-odit-sed-esse-debitis-odio.html","facebook":"http:\\/\\/www.pfannerstill.com\\/id-eligendi-tenetur-sit-consequatur-debitis.html","twitter":"http:\\/\\/lubowitz.com\\/pariatur-facilis-omnis-sunt-non-pariatur-blanditiis","pinterest":"http:\\/\\/www.beer.com\\/repellat-consectetur-et-nam-vel-et","instagram":"http:\\/\\/www.lindgren.com\\/hic-id-in-vero-repellendus-laboriosam-voluptas.html"}}', NULL, '2017-05-10 16:09:24', '2017-05-10 16:09:24', NULL, NULL, NULL),
	(6, 13, 'Greg', 'Pfannerstill', '/storage/uploads/blog-posts/d9415ec3703c4084a5e276d7f684603a.jpeg', 'Philippines', 'Quia dolore molestiae perferendis facere voluptatem reprehenderit dolor adipisci. Mollitia facilis et id vitae. Et qui aut ab voluptatem. Qui hic aut numquam ipsa dolores odio.', 'Biankaland', '(604) 657-7585', 'Conn PLC', 'East Misael', 'Up to 4 miles', '2 years', 'Yes', 'Iusto tempora maiores fuga enim possimus.', 'Yes', 'Yes', '5 week before', 'English', 'N/A', '{"images":["\\/storage\\/uploads\\/blog-posts\\/d9415ec3703c4084a5e276d7f684603a.jpeg","\\/storage\\/uploads\\/blog-posts\\/d9415ec3703c4084a5e276d7f684603a.jpeg","\\/storage\\/uploads\\/blog-posts\\/d9415ec3703c4084a5e276d7f684603a.jpeg","\\/storage\\/uploads\\/blog-posts\\/d9415ec3703c4084a5e276d7f684603a.jpeg","\\/storage\\/uploads\\/blog-posts\\/d9415ec3703c4084a5e276d7f684603a.jpeg"],"videos":["http:\\/\\/www.bogisich.com\\/iusto-sit-magni-earum-at-et"],"music":["http:\\/\\/www.buckridge.biz\\/veniam-sed-ullam-temporibus-cum-ut"],"social_links":{"website":"http:\\/\\/www.schaden.com\\/","facebook":"http:\\/\\/kris.info\\/aut-harum-quas-ducimus","twitter":"http:\\/\\/www.ullrich.com\\/voluptatum-dolor-corporis-nihil-est-voluptatem","pinterest":"https:\\/\\/leannon.com\\/consequuntur-eveniet-iusto-molestiae-voluptates-vel.html","instagram":"http:\\/\\/www.abshire.com\\/ipsum-excepturi-officia-et-voluptatem-harum-commodi-enim"}}', NULL, '2017-05-10 16:09:24', '2017-05-10 16:09:24', NULL, NULL, NULL),
	(7, 14, 'Carroll', 'Harris', '/storage/uploads/blog-posts/d9415ec3703c4084a5e276d7f684603a.jpeg', 'USA', 'Voluptate ipsa qui laborum. Quidem dolorem qui qui asperiores rem ipsam quibusdam. Et possimus est quia nulla harum sunt.', 'Heathcoteville', '+1.537.300.7852', 'Sipes-Nienow', 'Lake Mckenzie', 'Up to 2 miles', '1 years', 'Yes', 'Tenetur excepturi alias repudiandae eligendi.', 'Yes', 'Yes', '9 week before', 'English', 'N/A', '{"images":["\\/storage\\/uploads\\/blog-posts\\/d9415ec3703c4084a5e276d7f684603a.jpeg","\\/storage\\/uploads\\/blog-posts\\/d9415ec3703c4084a5e276d7f684603a.jpeg","\\/storage\\/uploads\\/blog-posts\\/d9415ec3703c4084a5e276d7f684603a.jpeg","\\/storage\\/uploads\\/blog-posts\\/d9415ec3703c4084a5e276d7f684603a.jpeg","\\/storage\\/uploads\\/blog-posts\\/d9415ec3703c4084a5e276d7f684603a.jpeg"],"videos":["http:\\/\\/www.willms.com\\/odit-atque-dolor-accusamus"],"music":["http:\\/\\/roberts.com\\/"],"social_links":{"website":"https:\\/\\/gutkowski.net\\/ab-quia-adipisci-unde-itaque.html","facebook":"http:\\/\\/www.gutkowski.com\\/architecto-provident-exercitationem-praesentium-dignissimos-aut-amet","twitter":"http:\\/\\/www.bayer.com\\/","pinterest":"https:\\/\\/hartmann.com\\/accusantium-illo-iste-voluptatum-voluptas-soluta-id-repudiandae-fuga.html","instagram":"http:\\/\\/mraz.com\\/"}}', NULL, '2017-05-10 16:09:25', '2017-05-10 16:09:25', NULL, NULL, NULL),
	(8, 15, 'Cecil', 'Krajcik', '/storage/uploads/blog-posts/d9415ec3703c4084a5e276d7f684603a.jpeg', 'Philippines', 'Ut quasi in sit. In tempore assumenda expedita eos tenetur vero aut vel. Itaque fugiat non quod dolorum amet corporis in. Quas quibusdam perspiciatis est qui impedit rerum veritatis.', 'North Javontemouth', '1-520-438-2900 x290', 'Wolf-Jakubowski', 'North Gwenport', 'Up to 4 miles', '3 years', 'Yes', 'Qui exercitationem est eum quas neque.', 'Yes', 'Yes', '5 week before', 'English', 'N/A', '{"images":["\\/storage\\/uploads\\/blog-posts\\/d9415ec3703c4084a5e276d7f684603a.jpeg","\\/storage\\/uploads\\/blog-posts\\/d9415ec3703c4084a5e276d7f684603a.jpeg","\\/storage\\/uploads\\/blog-posts\\/d9415ec3703c4084a5e276d7f684603a.jpeg","\\/storage\\/uploads\\/blog-posts\\/d9415ec3703c4084a5e276d7f684603a.jpeg","\\/storage\\/uploads\\/blog-posts\\/d9415ec3703c4084a5e276d7f684603a.jpeg"],"videos":["http:\\/\\/mante.org\\/in-sit-delectus-assumenda-id-consequatur-in-rerum.html"],"music":["http:\\/\\/www.lueilwitz.com\\/sequi-iure-quas-esse.html"],"social_links":{"website":"http:\\/\\/www.keebler.com\\/omnis-dolore-velit-odit-voluptatem-consequatur.html","facebook":"http:\\/\\/upton.org\\/molestiae-quia-aliquid-eligendi-ut-qui.html","twitter":"http:\\/\\/konopelski.com\\/","pinterest":"http:\\/\\/www.rodriguez.info\\/accusamus-voluptatum-maxime-quos-et-explicabo-quia.html","instagram":"http:\\/\\/kub.info\\/veritatis-temporibus-explicabo-aut-laudantium-inventore-aperiam.html"}}', NULL, '2017-05-10 16:09:25', '2017-05-10 16:09:25', NULL, NULL, NULL),
	(9, 16, 'Ophelia', 'Zulauf', '/storage/uploads/blog-posts/d9415ec3703c4084a5e276d7f684603a.jpeg', 'Philippines', 'Molestiae voluptas ut at reprehenderit est. Voluptatem quam facilis sed voluptates pariatur eos dolor unde. Dolor et natus non exercitationem consequuntur. Praesentium eaque sit nam.', 'East Emieberg', '309.319.2741', 'Carter, Rodriguez and Ward', 'Lake Rahulborough', 'Up to 7 miles', '7 years', 'Yes', 'Sint minima debitis impedit consequuntur rem.', 'Yes', 'Yes', '0 week before', 'English', 'N/A', '{"images":["\\/storage\\/uploads\\/blog-posts\\/d9415ec3703c4084a5e276d7f684603a.jpeg","\\/storage\\/uploads\\/blog-posts\\/d9415ec3703c4084a5e276d7f684603a.jpeg","\\/storage\\/uploads\\/blog-posts\\/d9415ec3703c4084a5e276d7f684603a.jpeg","\\/storage\\/uploads\\/blog-posts\\/d9415ec3703c4084a5e276d7f684603a.jpeg","\\/storage\\/uploads\\/blog-posts\\/d9415ec3703c4084a5e276d7f684603a.jpeg"],"videos":["http:\\/\\/www.bode.com\\/quis-quidem-natus-repellat-excepturi-ratione-et"],"music":["https:\\/\\/hessel.com\\/provident-voluptas-ab-maiores.html"],"social_links":{"website":"http:\\/\\/www.schroeder.com\\/","facebook":"http:\\/\\/www.crona.com\\/","twitter":"http:\\/\\/heathcote.com\\/voluptatem-dignissimos-tenetur-blanditiis-officia.html","pinterest":"http:\\/\\/stanton.com\\/","instagram":"http:\\/\\/www.wolf.com\\/"}}', NULL, '2017-05-10 16:09:25', '2017-05-10 16:09:25', NULL, NULL, NULL),
	(10, 17, 'Bethany', 'Robel', '/storage/uploads/blog-posts/d9415ec3703c4084a5e276d7f684603a.jpeg', 'Canada', 'Nostrum vel et blanditiis quo fugit aut. Nam iure ab beatae. Architecto possimus asperiores laborum suscipit suscipit et.\nEt ad qui qui porro nemo ut. Dolore rerum odit repudiandae.', 'Lake Lupe', '+1-482-615-9658', 'Ledner PLC', 'New Juddbury', 'Up to 6 miles', '2 years', 'Yes', 'Doloribus dicta suscipit nostrum voluptas nemo quas ad.', 'Yes', 'Yes', '4 week before', 'English', 'N/A', '{"images":["\\/storage\\/uploads\\/blog-posts\\/d9415ec3703c4084a5e276d7f684603a.jpeg","\\/storage\\/uploads\\/blog-posts\\/d9415ec3703c4084a5e276d7f684603a.jpeg","\\/storage\\/uploads\\/blog-posts\\/d9415ec3703c4084a5e276d7f684603a.jpeg","\\/storage\\/uploads\\/blog-posts\\/d9415ec3703c4084a5e276d7f684603a.jpeg","\\/storage\\/uploads\\/blog-posts\\/d9415ec3703c4084a5e276d7f684603a.jpeg"],"videos":["http:\\/\\/monahan.com\\/fuga-consectetur-et-aut-fugiat-exercitationem"],"music":["http:\\/\\/miller.com\\/tenetur-labore-eos-similique-consectetur-debitis-dolor-quo"],"social_links":{"website":"http:\\/\\/www.rohan.net\\/repellendus-ipsa-modi-facilis.html","facebook":"https:\\/\\/von.com\\/eaque-quam-optio-et-rerum-vel-aspernatur.html","twitter":"https:\\/\\/stark.com\\/aut-quos-velit-cum-sed-laboriosam-dolorem.html","pinterest":"http:\\/\\/baumbach.com\\/cupiditate-rerum-sint-beatae-enim-deleniti-dicta-totam-sint.html","instagram":"http:\\/\\/www.romaguera.info\\/"}}', NULL, '2017-05-10 16:09:26', '2017-05-10 16:09:26', NULL, NULL, NULL),
	(11, 18, 'Franz', 'Murray', '/storage/uploads/blog-posts/d9415ec3703c4084a5e276d7f684603a.jpeg', 'USA', 'Perferendis hic sunt ut est aut accusamus excepturi. Cum voluptas sunt est vero deserunt et aut. Iste error fugiat ipsam qui atque eaque exercitationem.', 'South Dorriston', '(652) 207-9098 x3117', 'Hoeger Group', 'Lake Brain', 'Up to 3 miles', '4 years', 'Yes', 'Facere nihil qui deleniti sint maxime iste dolores.', 'Yes', 'Yes', '1 week before', 'English', 'N/A', '{"images":["\\/storage\\/uploads\\/blog-posts\\/d9415ec3703c4084a5e276d7f684603a.jpeg","\\/storage\\/uploads\\/blog-posts\\/d9415ec3703c4084a5e276d7f684603a.jpeg","\\/storage\\/uploads\\/blog-posts\\/d9415ec3703c4084a5e276d7f684603a.jpeg","\\/storage\\/uploads\\/blog-posts\\/d9415ec3703c4084a5e276d7f684603a.jpeg","\\/storage\\/uploads\\/blog-posts\\/d9415ec3703c4084a5e276d7f684603a.jpeg"],"videos":["http:\\/\\/tromp.com\\/sed-iure-delectus-quas-quasi-sunt-in.html"],"music":["https:\\/\\/metz.org\\/consequatur-in-non-ex-pariatur-sed-vitae-ad.html"],"social_links":{"website":"http:\\/\\/www.hilll.com\\/qui-ducimus-illum-similique-ut-officia","facebook":"http:\\/\\/www.von.com\\/","twitter":"http:\\/\\/www.langosh.net\\/","pinterest":"http:\\/\\/www.shanahan.info\\/quas-et-totam-odio-corrupti-dolorem-labore-doloremque","instagram":"http:\\/\\/www.gulgowski.com\\/"}}', NULL, '2017-05-10 16:09:26', '2017-05-10 16:09:26', NULL, NULL, NULL),
	(12, 19, 'Brice', 'Casper', '/storage/uploads/blog-posts/d9415ec3703c4084a5e276d7f684603a.jpeg', 'USA', 'Iste quos pariatur qui rerum. Est molestias quod officiis enim culpa et dolorum. Ducimus dicta quia iste. Quod omnis temporibus earum quo sit nam. Consequuntur animi animi eos omnis consequatur.', 'Lake Dessieborough', '1-829-263-0807', 'Ferry LLC', 'West Luisfort', 'Up to 1 miles', '7 years', 'Yes', 'Accusantium commodi qui rem rerum.', 'Yes', 'Yes', '1 week before', 'English', 'N/A', '{"images":["\\/storage\\/uploads\\/blog-posts\\/d9415ec3703c4084a5e276d7f684603a.jpeg","\\/storage\\/uploads\\/blog-posts\\/d9415ec3703c4084a5e276d7f684603a.jpeg","\\/storage\\/uploads\\/blog-posts\\/d9415ec3703c4084a5e276d7f684603a.jpeg","\\/storage\\/uploads\\/blog-posts\\/d9415ec3703c4084a5e276d7f684603a.jpeg","\\/storage\\/uploads\\/blog-posts\\/d9415ec3703c4084a5e276d7f684603a.jpeg"],"videos":["https:\\/\\/www.walsh.info\\/labore-aut-qui-earum-quibusdam"],"music":["https:\\/\\/www.brakus.org\\/libero-facilis-consequatur-maiores"],"social_links":{"website":"http:\\/\\/robel.com\\/architecto-vel-incidunt-hic-est-eum","facebook":"http:\\/\\/www.abbott.com\\/inventore-voluptatem-neque-autem-quas-aut-repellat-ullam","twitter":"https:\\/\\/www.kuphal.com\\/asperiores-laudantium-aspernatur-non-sed-numquam-nobis","pinterest":"http:\\/\\/johns.info\\/modi-aut-voluptas-pariatur-quaerat-quae-tempora-dolore-ipsam","instagram":"http:\\/\\/www.rath.biz\\/omnis-aperiam-est-rerum.html"}}', NULL, '2017-05-10 16:09:26', '2017-05-10 16:09:26', NULL, NULL, NULL),
	(13, 20, 'Solon', 'Steuber', '/storage/uploads/blog-posts/d9415ec3703c4084a5e276d7f684603a.jpeg', 'Philippines', 'Voluptates dolorem facilis illo possimus impedit omnis. Modi aspernatur non corrupti occaecati iste. Autem maxime nihil architecto fugiat. Architecto autem error incidunt ratione.', 'O\'Connerton', '675.998.5339', 'Conroy Ltd', 'Lakinton', 'Up to 4 miles', '6 years', 'Yes', 'Nobis dolor dolores pariatur est id.', 'Yes', 'Yes', '8 week before', 'English', 'N/A', '{"images":["\\/storage\\/uploads\\/blog-posts\\/d9415ec3703c4084a5e276d7f684603a.jpeg","\\/storage\\/uploads\\/blog-posts\\/d9415ec3703c4084a5e276d7f684603a.jpeg","\\/storage\\/uploads\\/blog-posts\\/d9415ec3703c4084a5e276d7f684603a.jpeg","\\/storage\\/uploads\\/blog-posts\\/d9415ec3703c4084a5e276d7f684603a.jpeg","\\/storage\\/uploads\\/blog-posts\\/d9415ec3703c4084a5e276d7f684603a.jpeg"],"videos":["https:\\/\\/www.ferry.com\\/inventore-consequatur-repellendus-qui-enim-soluta-dolorum-similique"],"music":["https:\\/\\/www.kuhn.com\\/praesentium-ut-tenetur-odit-accusantium"],"social_links":{"website":"http:\\/\\/www.brown.com\\/quis-animi-incidunt-sed-exercitationem-repudiandae-ratione","facebook":"http:\\/\\/www.gottlieb.com\\/dolor-consequatur-sed-quo-quibusdam-eligendi-at-minima-id","twitter":"https:\\/\\/www.shields.com\\/id-maxime-nam-recusandae-expedita","pinterest":"http:\\/\\/www.walker.com\\/perspiciatis-odit-minus-assumenda-modi-repellat-repellat-consequatur.html","instagram":"http:\\/\\/hermann.net\\/ipsum-non-qui-illum-quia-molestiae-eos"}}', NULL, '2017-05-10 16:09:27', '2017-05-10 16:09:27', NULL, NULL, NULL),
	(14, 21, 'Darrick', 'Feil', '/storage/uploads/blog-posts/d9415ec3703c4084a5e276d7f684603a.jpeg', 'Canada', 'Enim deleniti saepe at dicta veritatis. Inventore recusandae labore et dolores. Dignissimos necessitatibus fuga qui iure beatae. Excepturi beatae et quaerat molestiae autem quia.', 'North Sabina', '456.735.3463', 'Walker, Boyle and VonRueden', 'South Aliyahside', 'Up to 5 miles', '3 years', 'Yes', 'Ut saepe quo et quis quos occaecati cumque.', 'Yes', 'Yes', '6 week before', 'English', 'N/A', '{"images":["\\/storage\\/uploads\\/blog-posts\\/d9415ec3703c4084a5e276d7f684603a.jpeg","\\/storage\\/uploads\\/blog-posts\\/d9415ec3703c4084a5e276d7f684603a.jpeg","\\/storage\\/uploads\\/blog-posts\\/d9415ec3703c4084a5e276d7f684603a.jpeg","\\/storage\\/uploads\\/blog-posts\\/d9415ec3703c4084a5e276d7f684603a.jpeg","\\/storage\\/uploads\\/blog-posts\\/d9415ec3703c4084a5e276d7f684603a.jpeg"],"videos":["http:\\/\\/www.turner.net\\/doloremque-et-et-praesentium-amet"],"music":["http:\\/\\/cassin.info\\/eveniet-impedit-et-unde-consequatur-nulla-deleniti-quibusdam.html"],"social_links":{"website":"https:\\/\\/www.willms.com\\/in-expedita-aut-qui-voluptas-quae","facebook":"http:\\/\\/www.romaguera.com\\/sint-rem-nobis-iure-dolore-itaque-accusamus-rerum-error.html","twitter":"http:\\/\\/www.ankunding.info\\/similique-odio-explicabo-aut-illum-est.html","pinterest":"http:\\/\\/www.schuster.biz\\/amet-aut-odit-et-sed-nam","instagram":"http:\\/\\/simonis.com\\/natus-debitis-sit-at-saepe-totam-in"}}', NULL, '2017-05-10 16:09:27', '2017-05-10 16:09:27', NULL, NULL, NULL),
	(15, 22, 'Clinton', 'Bayer', '/storage/uploads/blog-posts/d9415ec3703c4084a5e276d7f684603a.jpeg', 'Philippines', 'Architecto placeat nihil accusamus ut. Ut quisquam et maiores velit eius. Vero deleniti sapiente error vero cumque illum.', 'Fadelport', '1-564-262-4648 x809', 'Runolfsdottir-Dare', 'Greenfelderview', 'Up to 7 miles', '9 years', 'Yes', 'Aut qui quos accusamus temporibus.', 'Yes', 'Yes', '7 week before', 'English', 'N/A', '{"images":["\\/storage\\/uploads\\/blog-posts\\/d9415ec3703c4084a5e276d7f684603a.jpeg","\\/storage\\/uploads\\/blog-posts\\/d9415ec3703c4084a5e276d7f684603a.jpeg","\\/storage\\/uploads\\/blog-posts\\/d9415ec3703c4084a5e276d7f684603a.jpeg","\\/storage\\/uploads\\/blog-posts\\/d9415ec3703c4084a5e276d7f684603a.jpeg","\\/storage\\/uploads\\/blog-posts\\/d9415ec3703c4084a5e276d7f684603a.jpeg"],"videos":["http:\\/\\/www.botsford.org\\/"],"music":["http:\\/\\/www.smitham.biz\\/"],"social_links":{"website":"http:\\/\\/mcglynn.com\\/","facebook":"http:\\/\\/www.kertzmann.com\\/nemo-in-pariatur-eos-tenetur","twitter":"http:\\/\\/www.sporer.info\\/voluptas-consectetur-distinctio-velit-nulla-ipsam-vitae-neque","pinterest":"http:\\/\\/huels.com\\/officia-rerum-architecto-quaerat-voluptatem-ratione-sint","instagram":"http:\\/\\/www.schamberger.com\\/ut-repellat-placeat-officiis-sapiente-facilis-neque"}}', NULL, '2017-05-10 16:09:28', '2017-05-10 16:09:28', NULL, NULL, NULL),
	(16, 23, 'Macie', 'Langosh', '/storage/uploads/blog-posts/d9415ec3703c4084a5e276d7f684603a.jpeg', 'Canada', 'Asperiores at quo aut. Id sit iusto autem mollitia. Praesentium laboriosam aut illum repellendus sint impedit saepe. Et repellat dolor aut praesentium.', 'North Joesphfurt', '(214) 243-3309 x190', 'Hartmann PLC', 'Mooreton', 'Up to 3 miles', '5 years', 'Yes', 'Voluptatem alias corporis quisquam consectetur quam voluptatem.', 'Yes', 'Yes', '2 week before', 'English', 'N/A', '{"images":["\\/storage\\/uploads\\/blog-posts\\/d9415ec3703c4084a5e276d7f684603a.jpeg","\\/storage\\/uploads\\/blog-posts\\/d9415ec3703c4084a5e276d7f684603a.jpeg","\\/storage\\/uploads\\/blog-posts\\/d9415ec3703c4084a5e276d7f684603a.jpeg","\\/storage\\/uploads\\/blog-posts\\/d9415ec3703c4084a5e276d7f684603a.jpeg","\\/storage\\/uploads\\/blog-posts\\/d9415ec3703c4084a5e276d7f684603a.jpeg"],"videos":["http:\\/\\/www.rippin.com\\/explicabo-voluptas-harum-adipisci-nulla-praesentium-reprehenderit-esse-iure"],"music":["http:\\/\\/www.braun.org\\/quo-aliquam-nihil-laudantium-suscipit-nulla"],"social_links":{"website":"http:\\/\\/www.schulist.net\\/qui-dolorum-et-sint-ut-qui-nobis.html","facebook":"https:\\/\\/mcclure.info\\/maxime-aut-sint-autem-delectus-quaerat-harum.html","twitter":"http:\\/\\/ohara.com\\/distinctio-et-hic-dolor","pinterest":"https:\\/\\/www.hermiston.com\\/fugiat-eius-fugit-necessitatibus-cumque-sequi-eius","instagram":"http:\\/\\/www.spinka.org\\/placeat-et-autem-eum-vero-ducimus-reiciendis-ipsam"}}', NULL, '2017-05-10 16:09:28', '2017-05-10 16:09:28', NULL, NULL, NULL),
	(17, 24, 'Daron', 'Heller', '/storage/uploads/blog-posts/d9415ec3703c4084a5e276d7f684603a.jpeg', 'Philippines', 'Adipisci error eaque qui consequatur minima eveniet dolore. Non error aliquam vero dicta voluptas autem praesentium. Voluptas et in in iusto eum quo quaerat.', 'West Leone', '1-515-393-1929', 'Okuneva Inc', 'Brakusmouth', 'Up to 9 miles', '1 years', 'Yes', 'Velit cum voluptatem architecto nesciunt architecto doloribus.', 'Yes', 'Yes', '4 week before', 'English', 'N/A', '{"images":["\\/storage\\/uploads\\/blog-posts\\/d9415ec3703c4084a5e276d7f684603a.jpeg","\\/storage\\/uploads\\/blog-posts\\/d9415ec3703c4084a5e276d7f684603a.jpeg","\\/storage\\/uploads\\/blog-posts\\/d9415ec3703c4084a5e276d7f684603a.jpeg","\\/storage\\/uploads\\/blog-posts\\/d9415ec3703c4084a5e276d7f684603a.jpeg","\\/storage\\/uploads\\/blog-posts\\/d9415ec3703c4084a5e276d7f684603a.jpeg"],"videos":["https:\\/\\/www.jerde.org\\/quidem-harum-fuga-voluptate-eum-qui-nesciunt"],"music":["http:\\/\\/bartoletti.org\\/ut-numquam-minus-consequatur-voluptatibus-possimus-dolor-aut"],"social_links":{"website":"http:\\/\\/prosacco.org\\/","facebook":"http:\\/\\/www.bins.info\\/sapiente-architecto-nihil-odio","twitter":"http:\\/\\/www.thompson.net\\/ut-iure-dolorem-et-consequatur.html","pinterest":"http:\\/\\/www.wunsch.com\\/","instagram":"http:\\/\\/www.mckenzie.net\\/voluptatum-soluta-qui-ipsum-quidem"}}', NULL, '2017-05-10 16:09:29', '2017-05-10 16:09:29', NULL, NULL, NULL),
	(18, 25, 'Alberta', 'Monahan', '/storage/uploads/blog-posts/d9415ec3703c4084a5e276d7f684603a.jpeg', 'Canada', 'Similique atque dolore cupiditate non. Aut deleniti velit distinctio aut. Facilis similique aut dolorem voluptatem praesentium qui.', 'Blockside', '513.208.6338 x8491', 'Fritsch, Thiel and Baumbach', 'Fadelmouth', 'Up to 5 miles', '0 years', 'Yes', 'Officia similique qui illum.', 'Yes', 'Yes', '5 week before', 'English', 'N/A', '{"images":["\\/storage\\/uploads\\/blog-posts\\/d9415ec3703c4084a5e276d7f684603a.jpeg","\\/storage\\/uploads\\/blog-posts\\/d9415ec3703c4084a5e276d7f684603a.jpeg","\\/storage\\/uploads\\/blog-posts\\/d9415ec3703c4084a5e276d7f684603a.jpeg","\\/storage\\/uploads\\/blog-posts\\/d9415ec3703c4084a5e276d7f684603a.jpeg","\\/storage\\/uploads\\/blog-posts\\/d9415ec3703c4084a5e276d7f684603a.jpeg"],"videos":["http:\\/\\/thompson.info\\/optio-beatae-qui-similique-officiis-nam-quibusdam.html"],"music":["http:\\/\\/www.hintz.biz\\/suscipit-et-quo-vel.html"],"social_links":{"website":"http:\\/\\/hettinger.net\\/fugit-corporis-recusandae-illo-aut-beatae-et.html","facebook":"http:\\/\\/haag.com\\/id-corporis-repellendus-non-beatae-et","twitter":"http:\\/\\/www.skiles.com\\/","pinterest":"http:\\/\\/www.klein.net\\/ab-inventore-quasi-hic-sapiente.html","instagram":"http:\\/\\/www.leuschke.org\\/impedit-quibusdam-quasi-earum-asperiores-aperiam"}}', NULL, '2017-05-10 16:09:29', '2017-05-28 12:34:09', 'asdasda', NULL, NULL),
	(19, 26, 'Tess', 'Parker', '/storage/uploads/blog-posts/d9415ec3703c4084a5e276d7f684603a.jpeg', 'Canada', 'Voluptatum ipsa totam natus excepturi ut cumque id. Quos voluptatem voluptatum excepturi aut amet ex vero. Cum sed quas cumque non laudantium earum.', 'Gerardo Drive, Monroe, CT, United States', '659-853-1432', 'Kuhlman PLC', 'West Simeonberg', 'Up to 5 miles', '5 years', 'Yes', 'Voluptatem quis ut voluptatem quibusdam.', 'Yes', 'Yes', '7 week before', 'English', 'N/A', '{"images":["\\/storage\\/uploads\\/blog-posts\\/d9415ec3703c4084a5e276d7f684603a.jpeg","\\/storage\\/uploads\\/blog-posts\\/d9415ec3703c4084a5e276d7f684603a.jpeg","\\/storage\\/uploads\\/blog-posts\\/d9415ec3703c4084a5e276d7f684603a.jpeg","\\/storage\\/uploads\\/blog-posts\\/d9415ec3703c4084a5e276d7f684603a.jpeg","\\/storage\\/uploads\\/blog-posts\\/d9415ec3703c4084a5e276d7f684603a.jpeg"],"videos":["http:\\/\\/schmitt.com\\/a-consequatur-ut-ut-numquam-qui-est"],"music":["http:\\/\\/zulauf.com\\/id-possimus-ut-tenetur-quia-impedit"],"social_links":{"website":"http:\\/\\/grady.info\\/","facebook":"http:\\/\\/www.nolan.com\\/","twitter":"http:\\/\\/www.oreilly.com\\/veritatis-officia-non-consequuntur-quos-repellendus","pinterest":"http:\\/\\/www.kreiger.com\\/nulla-et-cumque-numquam-et-quibusdam-natus-saepe-qui","instagram":"http:\\/\\/www.collier.com\\/rem-nulla-nulla-autem-excepturi-nobis-inventore-optio.html"}}', NULL, '2017-05-10 16:09:29', '2017-06-04 05:28:34', NULL, '41.32772320000001', '-73.19839660000002'),
	(20, 27, 'Veronica', 'Jones', '/storage/uploads/blog-posts/d9415ec3703c4084a5e276d7f684603a.jpeg', 'USA', 'Aliquam minus vero voluptatem. Sunt inventore sit ducimus architecto omnis totam. Voluptatibus et velit consectetur. Sit mollitia quisquam velit.', 'Mckaylamouth', '(875) 819-0170', 'O\'Kon-Hansen', 'South Yazmin', 'Up to 0 miles', '3 years', 'Yes', 'Rem sed consequatur voluptatum quas magni qui.', 'Yes', 'Yes', '6 week before', 'English', 'N/A', '{"images":["\\/storage\\/uploads\\/blog-posts\\/d9415ec3703c4084a5e276d7f684603a.jpeg","\\/storage\\/uploads\\/blog-posts\\/d9415ec3703c4084a5e276d7f684603a.jpeg","\\/storage\\/uploads\\/blog-posts\\/d9415ec3703c4084a5e276d7f684603a.jpeg","\\/storage\\/uploads\\/blog-posts\\/d9415ec3703c4084a5e276d7f684603a.jpeg","\\/storage\\/uploads\\/blog-posts\\/d9415ec3703c4084a5e276d7f684603a.jpeg"],"videos":["http:\\/\\/brekke.net\\/et-non-ullam-rerum"],"music":["http:\\/\\/www.cruickshank.net\\/in-omnis-ut-deserunt-et-consequatur-non-rerum.html"],"social_links":{"website":"http:\\/\\/www.roob.com\\/nobis-similique-nisi-sit-porro-non-aliquid-consectetur","facebook":"https:\\/\\/schuppe.com\\/quis-ut-velit-autem-eos-dolorem-repellat-corporis.html","twitter":"http:\\/\\/stiedemann.org\\/consequatur-aperiam-fugit-quas-ut-autem-nobis","pinterest":"http:\\/\\/www.jenkins.com\\/repellat-fugit-corrupti-dolores-quo-dicta-et-dolore","instagram":"http:\\/\\/www.hayes.biz\\/quia-sunt-occaecati-culpa-laudantium-qui"}}', NULL, '2017-05-10 16:09:30', '2017-05-10 16:17:41', NULL, '', ''),
	(21, 28, 'Taya 1', 'T', NULL, 'USA', 'Test<script>alert(1)</script>', '232322323', '', '', 'dasda', '', '', 'asd', 'asd', 'asd', 'asd', 'dasd', 'asd', '<script>alert(1)</script>', '{"images":["\\/storage\\/uploads\\/users\\/28\\/media\\/images\\/f6257d63ce4203b8f2d99c517d6fc47b.jpeg","\\/storage\\/uploads\\/users\\/28\\/media\\/images\\/cca8ed08e3c1bd9dd7e6aa961cdff4a4.jpeg","\\/storage\\/uploads\\/users\\/28\\/media\\/images\\/f6257d63ce4203b8f2d99c517d6fc47b.jpeg","\\/storage\\/uploads\\/users\\/28\\/media\\/images\\/168ce008fbbb29b14aa32b54465a8d76.jpeg","\\/storage\\/uploads\\/users\\/28\\/media\\/images\\/168ce008fbbb29b14aa32b54465a8d76.jpeg"],"videos":{"1":"https:\\/\\/www.youtube.com\\/watch?v=7G8QItjTSDA"},"music":[],"social_links":{"website":"","facebook":"","twitter":"","pinterest":"","instagram":""}}', NULL, '2017-05-12 17:02:50', '2017-06-03 18:38:51', 'asd', '', '');
/*!40000 ALTER TABLE `professional_informations` ENABLE KEYS */;


-- Dumping structure for table occassions_pro_db.professional_selected_categories
CREATE TABLE IF NOT EXISTS `professional_selected_categories` (
  `id` int(10) unsigned NOT NULL AUTO_INCREMENT,
  `professional_information_id` int(11) NOT NULL,
  `professional_category_id` int(11) NOT NULL,
  PRIMARY KEY (`id`)
) ENGINE=InnoDB AUTO_INCREMENT=336 DEFAULT CHARSET=utf8 COLLATE=utf8_unicode_ci;

-- Dumping data for table occassions_pro_db.professional_selected_categories: ~1 rows (approximately)
/*!40000 ALTER TABLE `professional_selected_categories` DISABLE KEYS */;
INSERT INTO `professional_selected_categories` (`id`, `professional_information_id`, `professional_category_id`) VALUES
	(324, 21, 5),
	(325, 21, 12),
	(326, 21, 13),
	(327, 21, 16),
	(328, 21, 6),
	(329, 21, 1),
	(330, 21, 10),
	(331, 21, 17),
	(332, 21, 15),
	(333, 21, 2),
	(334, 21, 3),
	(335, 21, 7);
/*!40000 ALTER TABLE `professional_selected_categories` ENABLE KEYS */;


-- Dumping structure for table occassions_pro_db.reminders
CREATE TABLE IF NOT EXISTS `reminders` (
  `id` int(10) unsigned NOT NULL AUTO_INCREMENT,
  `user_id` int(10) unsigned NOT NULL,
  `code` varchar(255) COLLATE utf8_unicode_ci NOT NULL,
  `completed` tinyint(1) NOT NULL DEFAULT '0',
  `completed_at` timestamp NULL DEFAULT NULL,
  `created_at` timestamp NULL DEFAULT NULL,
  `updated_at` timestamp NULL DEFAULT NULL,
  PRIMARY KEY (`id`)
) ENGINE=InnoDB DEFAULT CHARSET=utf8 COLLATE=utf8_unicode_ci;

-- Dumping data for table occassions_pro_db.reminders: ~0 rows (approximately)
/*!40000 ALTER TABLE `reminders` DISABLE KEYS */;
/*!40000 ALTER TABLE `reminders` ENABLE KEYS */;


-- Dumping structure for table occassions_pro_db.roles
CREATE TABLE IF NOT EXISTS `roles` (
  `id` int(10) unsigned NOT NULL AUTO_INCREMENT,
  `slug` varchar(255) COLLATE utf8_unicode_ci NOT NULL,
  `name` varchar(255) COLLATE utf8_unicode_ci NOT NULL,
  `permissions` text COLLATE utf8_unicode_ci,
  `created_at` timestamp NULL DEFAULT NULL,
  `updated_at` timestamp NULL DEFAULT NULL,
  PRIMARY KEY (`id`),
  UNIQUE KEY `roles_slug_unique` (`slug`)
) ENGINE=InnoDB AUTO_INCREMENT=5 DEFAULT CHARSET=utf8 COLLATE=utf8_unicode_ci;

-- Dumping data for table occassions_pro_db.roles: ~4 rows (approximately)
/*!40000 ALTER TABLE `roles` DISABLE KEYS */;
INSERT INTO `roles` (`id`, `slug`, `name`, `permissions`, `created_at`, `updated_at`) VALUES
	(1, 'admins', 'Admins', '{"admin":true}', '2017-05-10 16:09:16', '2017-05-10 16:09:16'),
	(2, 'users', 'Users', '{"user":true}', '2017-05-10 16:09:16', '2017-05-10 16:09:16'),
	(3, 'clients', 'Clients', '{"client":true}', '2017-05-10 16:09:16', '2017-05-10 16:09:16'),
	(4, 'professionals', 'Professionals', '{"professional":true}', '2017-05-10 16:09:16', '2017-05-10 16:09:16');
/*!40000 ALTER TABLE `roles` ENABLE KEYS */;


-- Dumping structure for table occassions_pro_db.role_users
CREATE TABLE IF NOT EXISTS `role_users` (
  `user_id` int(10) unsigned NOT NULL,
  `role_id` int(10) unsigned NOT NULL,
  `created_at` timestamp NULL DEFAULT NULL,
  `updated_at` timestamp NULL DEFAULT NULL,
  PRIMARY KEY (`user_id`,`role_id`)
) ENGINE=InnoDB DEFAULT CHARSET=utf8 COLLATE=utf8_unicode_ci;

-- Dumping data for table occassions_pro_db.role_users: ~27 rows (approximately)
/*!40000 ALTER TABLE `role_users` DISABLE KEYS */;
INSERT INTO `role_users` (`user_id`, `role_id`, `created_at`, `updated_at`) VALUES
	(1, 1, '2017-05-10 16:09:17', '2017-05-10 16:09:17'),
	(2, 1, '2017-05-10 16:09:17', '2017-05-10 16:09:17'),
	(3, 1, '2017-05-10 16:09:18', '2017-05-10 16:09:18'),
	(4, 1, '2017-05-10 16:09:18', '2017-05-10 16:09:18'),
	(5, 1, '2017-05-10 16:09:18', '2017-05-10 16:09:18'),
	(6, 1, '2017-05-10 16:09:19', '2017-05-10 16:09:19'),
	(7, 1, '2017-05-10 16:09:19', '2017-05-10 16:09:19'),
	(8, 2, '2017-05-10 16:09:22', '2017-05-10 16:09:22'),
	(9, 2, '2017-05-10 16:09:23', '2017-05-10 16:09:23'),
	(10, 2, '2017-05-10 16:09:23', '2017-05-10 16:09:23'),
	(11, 2, '2017-05-10 16:09:24', '2017-05-10 16:09:24'),
	(12, 2, '2017-05-10 16:09:24', '2017-05-10 16:09:24'),
	(13, 2, '2017-05-10 16:09:24', '2017-05-10 16:09:24'),
	(14, 2, '2017-05-10 16:09:25', '2017-05-10 16:09:25'),
	(15, 2, '2017-05-10 16:09:25', '2017-05-10 16:09:25'),
	(16, 2, '2017-05-10 16:09:25', '2017-05-10 16:09:25'),
	(17, 2, '2017-05-10 16:09:26', '2017-05-10 16:09:26'),
	(18, 2, '2017-05-10 16:09:26', '2017-05-10 16:09:26'),
	(19, 2, '2017-05-10 16:09:27', '2017-05-10 16:09:27'),
	(20, 2, '2017-05-10 16:09:27', '2017-05-10 16:09:27'),
	(21, 2, '2017-05-10 16:09:28', '2017-05-10 16:09:28'),
	(22, 2, '2017-05-10 16:09:28', '2017-05-10 16:09:28'),
	(23, 2, '2017-05-10 16:09:28', '2017-05-10 16:09:28'),
	(24, 2, '2017-05-10 16:09:29', '2017-05-10 16:09:29'),
	(25, 2, '2017-05-10 16:09:29', '2017-05-10 16:09:29'),
	(26, 2, '2017-05-10 16:09:30', '2017-05-10 16:09:30'),
	(27, 2, '2017-05-10 16:09:30', '2017-05-10 16:09:30'),
	(28, 4, '2017-05-12 17:02:50', '2017-05-12 17:02:50'),
	(29, 1, '2017-05-15 15:54:57', '2017-05-15 15:54:57'),
	(30, 1, '2017-05-15 15:55:32', '2017-05-15 15:55:32'),
	(31, 1, '2017-05-15 16:09:38', '2017-05-15 16:09:38'),
	(32, 1, '2017-05-15 16:12:05', '2017-05-15 16:12:05');
/*!40000 ALTER TABLE `role_users` ENABLE KEYS */;


-- Dumping structure for table occassions_pro_db.skills_categories
CREATE TABLE IF NOT EXISTS `skills_categories` (
  `id` int(10) unsigned NOT NULL AUTO_INCREMENT,
  `name` varchar(255) COLLATE utf8_unicode_ci NOT NULL,
  `parent` int(11) NOT NULL,
  `status` enum('0','1') COLLATE utf8_unicode_ci NOT NULL,
  `deleted_at` timestamp NULL DEFAULT NULL,
  `created_at` timestamp NULL DEFAULT NULL,
  `updated_at` timestamp NULL DEFAULT NULL,
  PRIMARY KEY (`id`)
) ENGINE=InnoDB AUTO_INCREMENT=222 DEFAULT CHARSET=utf8 COLLATE=utf8_unicode_ci;

-- Dumping data for table occassions_pro_db.skills_categories: ~221 rows (approximately)
/*!40000 ALTER TABLE `skills_categories` DISABLE KEYS */;
INSERT INTO `skills_categories` (`id`, `name`, `parent`, `status`, `deleted_at`, `created_at`, `updated_at`) VALUES
	(1, 'earum', 0, '1', NULL, '2017-05-10 16:09:36', '2017-05-10 16:09:36'),
	(2, 'illum', 0, '1', NULL, '2017-05-10 16:09:36', '2017-05-10 16:09:36'),
	(3, 'quas', 0, '1', NULL, '2017-05-10 16:09:36', '2017-05-10 16:09:36'),
	(4, 'iure', 0, '1', NULL, '2017-05-10 16:09:36', '2017-05-10 16:09:36'),
	(5, 'praesentium', 0, '1', NULL, '2017-05-10 16:09:36', '2017-05-10 16:09:36'),
	(6, 'omnis', 0, '1', NULL, '2017-05-10 16:09:36', '2017-05-10 16:09:36'),
	(7, 'vel', 0, '1', NULL, '2017-05-10 16:09:37', '2017-05-10 16:09:37'),
	(8, 'quaerat', 0, '1', NULL, '2017-05-10 16:09:37', '2017-05-10 16:09:37'),
	(9, 'fugit', 0, '1', NULL, '2017-05-10 16:09:37', '2017-05-10 16:09:37'),
	(10, 'illo', 0, '1', NULL, '2017-05-10 16:09:37', '2017-05-10 16:09:37'),
	(11, 'occaecati', 0, '1', NULL, '2017-05-10 16:09:37', '2017-05-10 16:09:37'),
	(12, 'exercitationem', 0, '1', NULL, '2017-05-10 16:09:37', '2017-05-10 16:09:37'),
	(13, 'sint', 0, '1', NULL, '2017-05-10 16:09:37', '2017-05-10 16:09:37'),
	(14, 'temporibus', 0, '1', NULL, '2017-05-10 16:09:37', '2017-05-10 16:09:37'),
	(15, 'temporibus', 0, '1', NULL, '2017-05-10 16:09:37', '2017-05-10 16:09:37'),
	(16, 'enim', 0, '1', NULL, '2017-05-10 16:09:37', '2017-05-10 16:09:37'),
	(17, 'cupiditate', 0, '1', NULL, '2017-05-10 16:09:37', '2017-05-10 16:09:37'),
	(18, 'molestiae', 0, '1', NULL, '2017-05-10 16:09:37', '2017-05-10 16:09:37'),
	(19, 'ipsam', 0, '1', NULL, '2017-05-10 16:09:37', '2017-05-10 16:09:37'),
	(20, 'magni', 0, '1', NULL, '2017-05-10 16:09:37', '2017-05-10 16:09:37'),
	(21, 'vero', 0, '1', NULL, '2017-05-10 16:09:38', '2017-05-10 16:09:38'),
	(22, 'perspiciatis', 0, '1', NULL, '2017-05-10 16:09:38', '2017-05-10 16:09:38'),
	(23, 'esse', 0, '1', NULL, '2017-05-10 16:09:38', '2017-05-10 16:09:38'),
	(24, 'non', 0, '1', NULL, '2017-05-10 16:09:38', '2017-05-10 16:09:38'),
	(25, 'soluta', 0, '1', NULL, '2017-05-10 16:09:38', '2017-05-10 16:09:38'),
	(26, 'nulla', 1, '1', NULL, '2017-05-10 16:09:38', '2017-05-10 16:09:38'),
	(27, 'eum', 1, '1', NULL, '2017-05-10 16:09:38', '2017-05-10 16:09:38'),
	(28, 'deserunt', 1, '1', NULL, '2017-05-10 16:09:38', '2017-05-10 16:09:38'),
	(29, 'et', 1, '1', NULL, '2017-05-10 16:09:38', '2017-05-10 16:09:38'),
	(30, 'et', 1, '1', NULL, '2017-05-10 16:09:38', '2017-05-10 16:09:38'),
	(31, 'temporibus', 1, '1', NULL, '2017-05-10 16:09:38', '2017-05-10 16:09:38'),
	(32, 'neque', 1, '1', NULL, '2017-05-10 16:09:38', '2017-05-10 16:09:39'),
	(33, 'fuga', 1, '1', NULL, '2017-05-10 16:09:38', '2017-05-10 16:09:39'),
	(34, 'dolores', 1, '1', NULL, '2017-05-10 16:09:38', '2017-05-10 16:09:39'),
	(35, 'quis', 2, '1', NULL, '2017-05-10 16:09:39', '2017-05-10 16:09:39'),
	(36, 'voluptatem', 2, '1', NULL, '2017-05-10 16:09:39', '2017-05-10 16:09:39'),
	(37, 'eum', 2, '1', NULL, '2017-05-10 16:09:39', '2017-05-10 16:09:39'),
	(38, 'aliquam', 2, '1', NULL, '2017-05-10 16:09:39', '2017-05-10 16:09:39'),
	(39, 'tenetur', 2, '1', NULL, '2017-05-10 16:09:39', '2017-05-10 16:09:39'),
	(40, 'dolor', 2, '1', NULL, '2017-05-10 16:09:39', '2017-05-10 16:09:39'),
	(41, 'vel', 2, '1', NULL, '2017-05-10 16:09:39', '2017-05-10 16:09:39'),
	(42, 'optio', 2, '1', NULL, '2017-05-10 16:09:39', '2017-05-10 16:09:40'),
	(43, 'nostrum', 2, '1', NULL, '2017-05-10 16:09:39', '2017-05-10 16:09:40'),
	(44, 'sunt', 3, '1', NULL, '2017-05-10 16:09:40', '2017-05-10 16:09:40'),
	(45, 'cupiditate', 3, '1', NULL, '2017-05-10 16:09:40', '2017-05-10 16:09:40'),
	(46, 'sit', 3, '1', NULL, '2017-05-10 16:09:40', '2017-05-10 16:09:40'),
	(47, 'ut', 3, '1', NULL, '2017-05-10 16:09:40', '2017-05-10 16:09:40'),
	(48, 'sunt', 3, '1', NULL, '2017-05-10 16:09:40', '2017-05-10 16:09:40'),
	(49, 'rerum', 3, '1', NULL, '2017-05-10 16:09:40', '2017-05-10 16:09:40'),
	(50, 'sit', 3, '1', NULL, '2017-05-10 16:09:40', '2017-05-10 16:09:40'),
	(51, 'eius', 3, '1', NULL, '2017-05-10 16:09:40', '2017-05-10 16:09:40'),
	(52, 'quisquam', 3, '1', NULL, '2017-05-10 16:09:40', '2017-05-10 16:09:41'),
	(53, 'eligendi', 4, '1', NULL, '2017-05-10 16:09:41', '2017-05-10 16:09:41'),
	(54, 'est', 4, '1', NULL, '2017-05-10 16:09:41', '2017-05-10 16:09:41'),
	(55, 'a', 4, '1', NULL, '2017-05-10 16:09:41', '2017-05-10 16:09:41'),
	(56, 'sit', 4, '1', NULL, '2017-05-10 16:09:41', '2017-05-10 16:09:41'),
	(57, 'et', 4, '1', NULL, '2017-05-10 16:09:41', '2017-05-10 16:09:41'),
	(58, 'id', 4, '1', NULL, '2017-05-10 16:09:41', '2017-05-10 16:09:41'),
	(59, 'quasi', 4, '1', NULL, '2017-05-10 16:09:41', '2017-05-10 16:09:41'),
	(60, 'reprehenderit', 4, '1', NULL, '2017-05-10 16:09:41', '2017-05-10 16:09:41'),
	(61, 'quis', 4, '1', NULL, '2017-05-10 16:09:41', '2017-05-10 16:09:41'),
	(62, 'modi', 4, '1', NULL, '2017-05-10 16:09:41', '2017-05-10 16:09:41'),
	(63, 'eligendi', 5, '1', NULL, '2017-05-10 16:09:42', '2017-05-10 16:09:42'),
	(64, 'sit', 5, '1', NULL, '2017-05-10 16:09:42', '2017-05-10 16:09:42'),
	(65, 'sapiente', 5, '1', NULL, '2017-05-10 16:09:42', '2017-05-10 16:09:42'),
	(66, 'est', 5, '1', NULL, '2017-05-10 16:09:42', '2017-05-10 16:09:42'),
	(67, 'cum', 5, '1', NULL, '2017-05-10 16:09:42', '2017-05-10 16:09:42'),
	(68, 'ab', 5, '1', NULL, '2017-05-10 16:09:42', '2017-05-10 16:09:42'),
	(69, 'voluptatem', 5, '1', NULL, '2017-05-10 16:09:42', '2017-05-10 16:09:42'),
	(70, 'voluptatibus', 5, '1', NULL, '2017-05-10 16:09:42', '2017-05-10 16:09:42'),
	(71, 'debitis', 5, '1', NULL, '2017-05-10 16:09:42', '2017-05-10 16:09:42'),
	(72, 'ut', 6, '1', NULL, '2017-05-10 16:09:42', '2017-05-10 16:09:43'),
	(73, 'fugiat', 6, '1', NULL, '2017-05-10 16:09:42', '2017-05-10 16:09:43'),
	(74, 'fuga', 6, '1', NULL, '2017-05-10 16:09:42', '2017-05-10 16:09:43'),
	(75, 'ratione', 6, '1', NULL, '2017-05-10 16:09:43', '2017-05-10 16:09:43'),
	(76, 'dolorem', 6, '1', NULL, '2017-05-10 16:09:43', '2017-05-10 16:09:43'),
	(77, 'perferendis', 7, '1', NULL, '2017-05-10 16:09:43', '2017-05-10 16:09:43'),
	(78, 'corrupti', 7, '1', NULL, '2017-05-10 16:09:43', '2017-05-10 16:09:43'),
	(79, 'consequuntur', 7, '1', NULL, '2017-05-10 16:09:43', '2017-05-10 16:09:44'),
	(80, 'eum', 7, '1', NULL, '2017-05-10 16:09:43', '2017-05-10 16:09:44'),
	(81, 'veniam', 7, '1', NULL, '2017-05-10 16:09:43', '2017-05-10 16:09:44'),
	(82, 'iste', 7, '1', NULL, '2017-05-10 16:09:43', '2017-05-10 16:09:44'),
	(83, 'libero', 7, '1', NULL, '2017-05-10 16:09:43', '2017-05-10 16:09:44'),
	(84, 'voluptas', 8, '1', NULL, '2017-05-10 16:09:44', '2017-05-10 16:09:44'),
	(85, 'sunt', 8, '1', NULL, '2017-05-10 16:09:44', '2017-05-10 16:09:44'),
	(86, 'autem', 8, '1', NULL, '2017-05-10 16:09:44', '2017-05-10 16:09:45'),
	(87, 'dolorum', 8, '1', NULL, '2017-05-10 16:09:44', '2017-05-10 16:09:45'),
	(88, 'in', 8, '1', NULL, '2017-05-10 16:09:44', '2017-05-10 16:09:45'),
	(89, 'alias', 8, '1', NULL, '2017-05-10 16:09:44', '2017-05-10 16:09:45'),
	(90, 'eligendi', 8, '1', NULL, '2017-05-10 16:09:44', '2017-05-10 16:09:45'),
	(91, 'qui', 8, '1', NULL, '2017-05-10 16:09:44', '2017-05-10 16:09:45'),
	(92, 'in', 8, '1', NULL, '2017-05-10 16:09:44', '2017-05-10 16:09:45'),
	(93, 'nesciunt', 8, '1', NULL, '2017-05-10 16:09:44', '2017-05-10 16:09:45'),
	(94, 'ipsa', 9, '1', NULL, '2017-05-10 16:09:45', '2017-05-10 16:09:45'),
	(95, 'veritatis', 9, '1', NULL, '2017-05-10 16:09:45', '2017-05-10 16:09:45'),
	(96, 'est', 9, '1', NULL, '2017-05-10 16:09:45', '2017-05-10 16:09:45'),
	(97, 'laboriosam', 9, '1', NULL, '2017-05-10 16:09:45', '2017-05-10 16:09:45'),
	(98, 'eveniet', 9, '1', NULL, '2017-05-10 16:09:45', '2017-05-10 16:09:45'),
	(99, 'delectus', 9, '1', NULL, '2017-05-10 16:09:45', '2017-05-10 16:09:45'),
	(100, 'est', 10, '1', NULL, '2017-05-10 16:09:45', '2017-05-10 16:09:46'),
	(101, 'aliquam', 10, '1', NULL, '2017-05-10 16:09:45', '2017-05-10 16:09:46'),
	(102, 'quod', 10, '1', NULL, '2017-05-10 16:09:46', '2017-05-10 16:09:46'),
	(103, 'maiores', 10, '1', NULL, '2017-05-10 16:09:46', '2017-05-10 16:09:46'),
	(104, 'repellendus', 10, '1', NULL, '2017-05-10 16:09:46', '2017-05-10 16:09:46'),
	(105, 'qui', 10, '1', NULL, '2017-05-10 16:09:46', '2017-05-10 16:09:46'),
	(106, 'quia', 10, '1', NULL, '2017-05-10 16:09:46', '2017-05-10 16:09:46'),
	(107, 'debitis', 10, '1', NULL, '2017-05-10 16:09:46', '2017-05-10 16:09:46'),
	(108, 'deserunt', 11, '1', NULL, '2017-05-10 16:09:46', '2017-05-10 16:09:47'),
	(109, 'unde', 11, '1', NULL, '2017-05-10 16:09:46', '2017-05-10 16:09:47'),
	(110, 'nemo', 11, '1', NULL, '2017-05-10 16:09:46', '2017-05-10 16:09:47'),
	(111, 'asperiores', 11, '1', NULL, '2017-05-10 16:09:46', '2017-05-10 16:09:47'),
	(112, 'rerum', 11, '1', NULL, '2017-05-10 16:09:46', '2017-05-10 16:09:47'),
	(113, 'odit', 11, '1', NULL, '2017-05-10 16:09:47', '2017-05-10 16:09:47'),
	(114, 'autem', 12, '1', NULL, '2017-05-10 16:09:47', '2017-05-10 16:09:47'),
	(115, 'ea', 12, '1', NULL, '2017-05-10 16:09:47', '2017-05-10 16:09:47'),
	(116, 'magni', 12, '1', NULL, '2017-05-10 16:09:47', '2017-05-10 16:09:48'),
	(117, 'aut', 12, '1', NULL, '2017-05-10 16:09:47', '2017-05-10 16:09:48'),
	(118, 'error', 12, '1', NULL, '2017-05-10 16:09:47', '2017-05-10 16:09:48'),
	(119, 'voluptatem', 12, '1', NULL, '2017-05-10 16:09:47', '2017-05-10 16:09:48'),
	(120, 'aliquid', 13, '1', NULL, '2017-05-10 16:09:48', '2017-05-10 16:09:48'),
	(121, 'corrupti', 13, '1', NULL, '2017-05-10 16:09:48', '2017-05-10 16:09:48'),
	(122, 'et', 13, '1', NULL, '2017-05-10 16:09:48', '2017-05-10 16:09:48'),
	(123, 'est', 13, '1', NULL, '2017-05-10 16:09:48', '2017-05-10 16:09:48'),
	(124, 'consequatur', 13, '1', NULL, '2017-05-10 16:09:48', '2017-05-10 16:09:48'),
	(125, 'sed', 13, '1', NULL, '2017-05-10 16:09:48', '2017-05-10 16:09:48'),
	(126, 'impedit', 13, '1', NULL, '2017-05-10 16:09:48', '2017-05-10 16:09:48'),
	(127, 'eos', 13, '1', NULL, '2017-05-10 16:09:48', '2017-05-10 16:09:49'),
	(128, 'et', 14, '1', NULL, '2017-05-10 16:09:49', '2017-05-10 16:09:49'),
	(129, 'aliquid', 14, '1', NULL, '2017-05-10 16:09:49', '2017-05-10 16:09:49'),
	(130, 'quia', 14, '1', NULL, '2017-05-10 16:09:49', '2017-05-10 16:09:49'),
	(131, 'ipsum', 14, '1', NULL, '2017-05-10 16:09:49', '2017-05-10 16:09:49'),
	(132, 'eaque', 14, '1', NULL, '2017-05-10 16:09:49', '2017-05-10 16:09:49'),
	(133, 'id', 14, '1', NULL, '2017-05-10 16:09:49', '2017-05-10 16:09:49'),
	(134, 'ut', 14, '1', NULL, '2017-05-10 16:09:49', '2017-05-10 16:09:50'),
	(135, 'quidem', 14, '1', NULL, '2017-05-10 16:09:49', '2017-05-10 16:09:50'),
	(136, 'voluptas', 14, '1', NULL, '2017-05-10 16:09:49', '2017-05-10 16:09:50'),
	(137, 'atque', 14, '1', NULL, '2017-05-10 16:09:49', '2017-05-10 16:09:50'),
	(138, 'enim', 15, '1', NULL, '2017-05-10 16:09:50', '2017-05-10 16:09:50'),
	(139, 'aut', 15, '1', NULL, '2017-05-10 16:09:50', '2017-05-10 16:09:50'),
	(140, 'sed', 15, '1', NULL, '2017-05-10 16:09:50', '2017-05-10 16:09:50'),
	(141, 'excepturi', 15, '1', NULL, '2017-05-10 16:09:50', '2017-05-10 16:09:50'),
	(142, 'voluptatibus', 15, '1', NULL, '2017-05-10 16:09:50', '2017-05-10 16:09:50'),
	(143, 'dolores', 16, '1', NULL, '2017-05-10 16:09:50', '2017-05-10 16:09:51'),
	(144, 'qui', 16, '1', NULL, '2017-05-10 16:09:51', '2017-05-10 16:09:51'),
	(145, 'hic', 16, '1', NULL, '2017-05-10 16:09:51', '2017-05-10 16:09:51'),
	(146, 'voluptatem', 16, '1', NULL, '2017-05-10 16:09:51', '2017-05-10 16:09:51'),
	(147, 'eligendi', 16, '1', NULL, '2017-05-10 16:09:51', '2017-05-10 16:09:51'),
	(148, 'aut', 16, '1', NULL, '2017-05-10 16:09:51', '2017-05-10 16:09:51'),
	(149, 'illum', 16, '1', NULL, '2017-05-10 16:09:51', '2017-05-10 16:09:51'),
	(150, 'molestiae', 16, '1', NULL, '2017-05-10 16:09:51', '2017-05-10 16:09:51'),
	(151, 'quasi', 17, '1', NULL, '2017-05-10 16:09:51', '2017-05-10 16:09:52'),
	(152, 'ut', 17, '1', NULL, '2017-05-10 16:09:51', '2017-05-10 16:09:52'),
	(153, 'similique', 17, '1', NULL, '2017-05-10 16:09:51', '2017-05-10 16:09:52'),
	(154, 'perferendis', 17, '1', NULL, '2017-05-10 16:09:51', '2017-05-10 16:09:52'),
	(155, 'dolorem', 17, '1', NULL, '2017-05-10 16:09:51', '2017-05-10 16:09:52'),
	(156, 'officia', 17, '1', NULL, '2017-05-10 16:09:52', '2017-05-10 16:09:52'),
	(157, 'in', 17, '1', NULL, '2017-05-10 16:09:52', '2017-05-10 16:09:52'),
	(158, 'eos', 17, '1', NULL, '2017-05-10 16:09:52', '2017-05-10 16:09:52'),
	(159, 'corporis', 17, '1', NULL, '2017-05-10 16:09:52', '2017-05-10 16:09:52'),
	(160, 'corporis', 18, '1', NULL, '2017-05-10 16:09:52', '2017-05-10 16:09:53'),
	(161, 'mollitia', 18, '1', NULL, '2017-05-10 16:09:52', '2017-05-10 16:09:53'),
	(162, 'expedita', 18, '1', NULL, '2017-05-10 16:09:53', '2017-05-10 16:09:53'),
	(163, 'non', 18, '1', NULL, '2017-05-10 16:09:53', '2017-05-10 16:09:53'),
	(164, 'id', 18, '1', NULL, '2017-05-10 16:09:53', '2017-05-10 16:09:53'),
	(165, 'alias', 18, '1', NULL, '2017-05-10 16:09:53', '2017-05-10 16:09:53'),
	(166, 'eum', 18, '1', NULL, '2017-05-10 16:09:53', '2017-05-10 16:09:53'),
	(167, 'et', 18, '1', NULL, '2017-05-10 16:09:53', '2017-05-10 16:09:53'),
	(168, 'ipsam', 18, '1', NULL, '2017-05-10 16:09:53', '2017-05-10 16:09:53'),
	(169, 'qui', 19, '1', NULL, '2017-05-10 16:09:53', '2017-05-10 16:09:54'),
	(170, 'voluptas', 19, '1', NULL, '2017-05-10 16:09:54', '2017-05-10 16:09:54'),
	(171, 'occaecati', 19, '1', NULL, '2017-05-10 16:09:54', '2017-05-10 16:09:54'),
	(172, 'itaque', 19, '1', NULL, '2017-05-10 16:09:54', '2017-05-10 16:09:54'),
	(173, 'illum', 19, '1', NULL, '2017-05-10 16:09:54', '2017-05-10 16:09:54'),
	(174, 'laborum', 19, '1', NULL, '2017-05-10 16:09:54', '2017-05-10 16:09:54'),
	(175, 'aperiam', 19, '1', NULL, '2017-05-10 16:09:54', '2017-05-10 16:09:54'),
	(176, 'velit', 19, '1', NULL, '2017-05-10 16:09:54', '2017-05-10 16:09:54'),
	(177, 'et', 19, '1', NULL, '2017-05-10 16:09:54', '2017-05-10 16:09:54'),
	(178, 'omnis', 20, '1', NULL, '2017-05-10 16:09:54', '2017-05-10 16:09:55'),
	(179, 'similique', 20, '1', NULL, '2017-05-10 16:09:54', '2017-05-10 16:09:55'),
	(180, 'deserunt', 20, '1', NULL, '2017-05-10 16:09:54', '2017-05-10 16:09:55'),
	(181, 'harum', 20, '1', NULL, '2017-05-10 16:09:55', '2017-05-10 16:09:55'),
	(182, 'dolorem', 20, '1', NULL, '2017-05-10 16:09:55', '2017-05-10 16:09:55'),
	(183, 'odio', 21, '1', NULL, '2017-05-10 16:09:55', '2017-05-10 16:09:55'),
	(184, 'harum', 21, '1', NULL, '2017-05-10 16:09:55', '2017-05-10 16:09:55'),
	(185, 'atque', 21, '1', NULL, '2017-05-10 16:09:55', '2017-05-10 16:09:55'),
	(186, 'odit', 21, '1', NULL, '2017-05-10 16:09:55', '2017-05-10 16:09:56'),
	(187, 'et', 21, '1', NULL, '2017-05-10 16:09:55', '2017-05-10 16:09:56'),
	(188, 'cumque', 21, '1', NULL, '2017-05-10 16:09:55', '2017-05-10 16:09:56'),
	(189, 'suscipit', 21, '1', NULL, '2017-05-10 16:09:55', '2017-05-10 16:09:56'),
	(190, 'qui', 21, '1', NULL, '2017-05-10 16:09:55', '2017-05-10 16:09:56'),
	(191, 'rerum', 21, '1', NULL, '2017-05-10 16:09:55', '2017-05-10 16:09:56'),
	(192, 'delectus', 21, '1', NULL, '2017-05-10 16:09:55', '2017-05-10 16:09:56'),
	(193, 'provident', 22, '1', NULL, '2017-05-10 16:09:56', '2017-05-10 16:09:56'),
	(194, 'occaecati', 22, '1', NULL, '2017-05-10 16:09:56', '2017-05-10 16:09:57'),
	(195, 'adipisci', 22, '1', NULL, '2017-05-10 16:09:56', '2017-05-10 16:09:57'),
	(196, 'porro', 22, '1', NULL, '2017-05-10 16:09:56', '2017-05-10 16:09:57'),
	(197, 'dolore', 22, '1', NULL, '2017-05-10 16:09:56', '2017-05-10 16:09:57'),
	(198, 'quia', 22, '1', NULL, '2017-05-10 16:09:56', '2017-05-10 16:09:57'),
	(199, 'molestiae', 22, '1', NULL, '2017-05-10 16:09:56', '2017-05-10 16:09:57'),
	(200, 'saepe', 22, '1', NULL, '2017-05-10 16:09:56', '2017-05-10 16:09:57'),
	(201, 'excepturi', 22, '1', NULL, '2017-05-10 16:09:56', '2017-05-10 16:09:57'),
	(202, 'omnis', 22, '1', NULL, '2017-05-10 16:09:56', '2017-05-10 16:09:57'),
	(203, 'et', 23, '1', NULL, '2017-05-10 16:09:57', '2017-05-10 16:09:57'),
	(204, 'aliquid', 23, '1', NULL, '2017-05-10 16:09:57', '2017-05-10 16:09:57'),
	(205, 'corrupti', 23, '1', NULL, '2017-05-10 16:09:57', '2017-05-10 16:09:57'),
	(206, 'et', 23, '1', NULL, '2017-05-10 16:09:57', '2017-05-10 16:09:57'),
	(207, 'amet', 23, '1', NULL, '2017-05-10 16:09:57', '2017-05-10 16:09:57'),
	(208, 'officiis', 24, '1', NULL, '2017-05-10 16:09:57', '2017-05-10 16:09:58'),
	(209, 'quam', 24, '1', NULL, '2017-05-10 16:09:58', '2017-05-10 16:09:58'),
	(210, 'consectetur', 24, '1', NULL, '2017-05-10 16:09:58', '2017-05-10 16:09:58'),
	(211, 'ut', 24, '1', NULL, '2017-05-10 16:09:58', '2017-05-10 16:09:58'),
	(212, 'adipisci', 24, '1', NULL, '2017-05-10 16:09:58', '2017-05-10 16:09:58'),
	(213, 'aut', 24, '1', NULL, '2017-05-10 16:09:58', '2017-05-10 16:09:58'),
	(214, 'ut', 24, '1', NULL, '2017-05-10 16:09:58', '2017-05-10 16:09:58'),
	(215, 'suscipit', 24, '1', NULL, '2017-05-10 16:09:58', '2017-05-10 16:09:58'),
	(216, 'commodi', 24, '1', NULL, '2017-05-10 16:09:58', '2017-05-10 16:09:58'),
	(217, 'ut', 25, '1', NULL, '2017-05-10 16:09:58', '2017-05-10 16:09:59'),
	(218, 'aut', 25, '1', NULL, '2017-05-10 16:09:58', '2017-05-10 16:09:59'),
	(219, 'est', 25, '1', NULL, '2017-05-10 16:09:58', '2017-05-10 16:09:59'),
	(220, 'doloremque', 25, '1', NULL, '2017-05-10 16:09:58', '2017-05-10 16:09:59'),
	(221, 'repellendus', 25, '1', NULL, '2017-05-10 16:09:59', '2017-05-10 16:09:59');
/*!40000 ALTER TABLE `skills_categories` ENABLE KEYS */;


-- Dumping structure for table occassions_pro_db.testimonials
CREATE TABLE IF NOT EXISTS `testimonials` (
  `id` int(10) unsigned NOT NULL AUTO_INCREMENT,
  `title` varchar(255) COLLATE utf8_unicode_ci NOT NULL,
  `feedback` text COLLATE utf8_unicode_ci NOT NULL,
  `created_by` int(11) NOT NULL,
  `created_for` int(11) NOT NULL,
  `event_id` int(11) NOT NULL,
  `rating` int(11) NOT NULL,
  `status` enum('0','1') COLLATE utf8_unicode_ci NOT NULL,
  `deleted_at` timestamp NULL DEFAULT NULL,
  `created_at` timestamp NULL DEFAULT NULL,
  `updated_at` timestamp NULL DEFAULT NULL,
  PRIMARY KEY (`id`)
) ENGINE=InnoDB AUTO_INCREMENT=171 DEFAULT CHARSET=utf8 COLLATE=utf8_unicode_ci;

-- Dumping data for table occassions_pro_db.testimonials: ~150 rows (approximately)
/*!40000 ALTER TABLE `testimonials` DISABLE KEYS */;
INSERT INTO `testimonials` (`id`, `title`, `feedback`, `created_by`, `created_for`, `event_id`, `rating`, `status`, `deleted_at`, `created_at`, `updated_at`) VALUES
	(1, 'Miss, this here ought to go after that into a tidy little room with a.', 'Tempore temporibus quisquam voluptatum. Est minus libero qui labore ut voluptatem eius. Et numquam magni ducimus neque. Quae autem dicta esse cupiditate odit amet.', 27, 3, 12, 1, '1', NULL, '2017-05-10 16:10:34', '2017-05-10 16:10:40'),
	(2, 'White Rabbit, with a melancholy tone. \'Nobody seems to be two people..', 'Delectus reprehenderit corrupti consectetur itaque est earum nostrum. Neque odio qui dolores in. Quo vero adipisci eum consequatur iusto et nobis.', 18, 19, 9, 1, '1', NULL, '2017-05-10 16:10:34', '2017-05-10 16:10:40'),
	(3, 'Who ever saw one that size? Why, it fills the whole she thought it must.', 'Dolorem sunt molestiae alias inventore excepturi. Ut vitae in aut voluptate. Dolor vero voluptas illo est voluptatibus.', 12, 27, 18, 1, '1', NULL, '2017-05-10 16:10:34', '2017-05-10 16:10:41'),
	(4, 'I think.\' And she kept tossing the baby was howling so much already, that.', 'Veniam quisquam voluptate aut maiores nemo aut et. Corporis eius autem sed porro ea necessitatibus. Quia nemo autem commodi quo deserunt.', 10, 19, 12, 1, '1', NULL, '2017-05-10 16:10:34', '2017-05-10 16:10:41'),
	(5, 'HE was.\' \'I never said I could shut up like telescopes: this time with.', 'Commodi ducimus exercitationem magnam modi dolor id maxime. Eum magnam aut omnis sunt consequatur perspiciatis nihil. Corrupti nemo id rem.', 1, 2, 6, 1, '1', NULL, '2017-05-10 16:10:34', '2017-05-10 16:10:41'),
	(6, 'Ugh, Serpent!\' \'But I\'m not the right way of expressing yourself.\' The.', 'Iure cumque odio rerum et ex dolor autem est. Officia soluta excepturi reprehenderit maxime rem vel. Explicabo necessitatibus aspernatur qui iure fugiat cupiditate enim odio.', 7, 5, 11, 1, '1', NULL, '2017-05-10 16:10:34', '2017-05-10 16:10:41'),
	(7, 'Do you think I can creep under the sea,\' the Gryphon at the Footman\'s.', 'Aspernatur quo id distinctio officia laborum alias itaque. Et nihil neque sit alias. Facere sint ut quae voluptatum. Facere nihil vero expedita ad error non.', 2, 17, 19, 1, '1', NULL, '2017-05-10 16:10:34', '2017-05-10 16:10:41'),
	(8, 'Alice. \'It must be shutting up like a mouse, you know. Which shall sing?\'.', 'Iure enim ratione et exercitationem perspiciatis quasi. Nemo et earum quaerat nostrum. Eos est enim et cumque est illo asperiores.', 6, 18, 1, 1, '1', NULL, '2017-05-10 16:10:34', '2017-05-10 16:10:41'),
	(9, 'Alice put down the middle, nursing a baby; the cook was busily stirring.', 'Ut voluptas ut non. Ut pariatur eaque sunt quo et. Quidem odio sunt eos minima qui.', 21, 21, 8, 1, '1', NULL, '2017-05-10 16:10:34', '2017-05-10 16:10:41'),
	(10, 'She is such a tiny golden key, and when she went on eagerly: \'There is.', 'Ut est corrupti praesentium nemo ut distinctio. Et suscipit temporibus vel ipsam occaecati saepe. Provident in repellat aut qui.', 7, 10, 12, 1, '1', NULL, '2017-05-10 16:10:34', '2017-05-10 16:10:41'),
	(11, 'Dormouse was sitting on the ground near the centre of the room. The cook.', 'Vel totam nam incidunt nemo ducimus. Recusandae repellat delectus ducimus et optio. Voluptatem ex distinctio porro sint aut. Blanditiis minima officia nostrum aut facilis numquam asperiores quia.', 23, 16, 7, 1, '1', NULL, '2017-05-10 16:10:34', '2017-05-10 16:10:41'),
	(12, 'She stretched herself up on to himself in an impatient tone:.', 'Eos sit optio dignissimos sint facere corrupti. Iste amet enim aut numquam aliquid. Non ut accusamus fuga rerum eum.', 7, 27, 8, 1, '1', NULL, '2017-05-10 16:10:34', '2017-05-10 16:10:41'),
	(13, 'Alice. \'And be quick about it,\' said the King, the Queen, but she.', 'Expedita corrupti quas aspernatur animi sunt. Voluptatem ut atque eum repudiandae aut quia quaerat. Et cupiditate quia facilis qui quo. Consectetur deleniti magni et consequatur.', 9, 11, 16, 1, '1', NULL, '2017-05-10 16:10:34', '2017-05-10 16:10:41'),
	(14, 'I shall be a walrus or hippopotamus, but then she walked sadly down the.', 'Omnis expedita perferendis impedit odit modi harum iure qui. Incidunt dolore repellat dolorem qui aliquam doloribus.', 6, 18, 1, 1, '1', NULL, '2017-05-10 16:10:34', '2017-05-10 16:10:42'),
	(15, 'And then a great many more than that, if you like!\' the Duchess to play.', 'Qui in ut accusamus et harum ipsum repudiandae. Eum velit consequatur eum explicabo. Molestias omnis porro molestiae facere quaerat sunt.', 22, 11, 3, 1, '1', NULL, '2017-05-10 16:10:34', '2017-05-10 16:10:42'),
	(16, 'YOU?\' Which brought them back again to the general conclusion, that.', 'Minus sapiente temporibus qui corrupti voluptatem. Qui ut optio vel. Aliquam sint velit officiis.', 24, 6, 5, 1, '1', NULL, '2017-05-10 16:10:34', '2017-05-10 16:10:42'),
	(17, 'Alice went on, \'you see, a dog growls when it\'s pleased. Now I growl when.', 'Cumque perspiciatis ea laudantium eius earum explicabo. Placeat suscipit soluta molestias ut officiis quia eaque. Eum non voluptatibus eum exercitationem enim dolorem.', 3, 24, 4, 1, '1', NULL, '2017-05-10 16:10:34', '2017-05-10 16:10:42'),
	(18, 'Alice as he spoke, and then quietly marched off after the candle is like.', 'Laudantium assumenda provident et cumque. Dolorem aliquam expedita quos eius molestiae. Quod tenetur laudantium facere maxime assumenda.', 5, 12, 15, 1, '1', NULL, '2017-05-10 16:10:34', '2017-05-10 16:10:42'),
	(19, 'I don\'t care which happens!\' She ate a little startled by seeing the.', 'Omnis et laborum id nostrum. Accusamus fugit commodi natus ut minus optio et. Sequi quaerat sed quis impedit dolores est. Beatae dolorem earum possimus cumque beatae voluptas.', 10, 15, 20, 1, '1', NULL, '2017-05-10 16:10:34', '2017-05-10 16:10:42'),
	(20, 'At this the White Rabbit. She was a table, with a large pool all round.', 'Et nostrum ut qui cumque. Sed quibusdam quia est inventore qui eius. Optio eius dolor quia error voluptates commodi. Dolorem veniam soluta sed qui.', 22, 1, 15, 1, '1', NULL, '2017-05-10 16:10:34', '2017-05-10 16:10:42'),
	(21, 'I shall remember it in a minute, while Alice thought she had never.', 'Magnam ab provident ea velit. Corrupti facere expedita sint. Sint voluptatem qui minima quas reiciendis eaque.', 20, 15, 7, 1, '1', NULL, '2017-05-10 16:10:34', '2017-05-10 16:10:42'),
	(22, 'Dormouse shall!\' they both bowed low, and their slates and pencils had.', 'Laudantium id quo excepturi. In velit iusto et et perspiciatis. In vitae illo recusandae consequatur nemo sunt repellendus.', 22, 21, 15, 1, '1', NULL, '2017-05-10 16:10:34', '2017-05-10 16:10:42'),
	(23, 'Who would not allow without knowing how old it was, and, as the whole.', 'Soluta deserunt quos est ipsam. Corporis voluptatem blanditiis facilis reprehenderit. Id tenetur dolores amet natus et ut. Repudiandae et eos molestias autem aperiam aliquam dolores.', 9, 1, 10, 1, '1', NULL, '2017-05-10 16:10:35', '2017-05-10 16:10:42'),
	(24, 'They had a head could be NO mistake about it: it was sneezing and howling.', 'Nostrum iusto sit et provident dicta non suscipit at. Et harum voluptas pariatur ut inventore. Deserunt repellat aut at quia temporibus et sed. Vero ea quibusdam dolor ut aut.', 24, 19, 9, 1, '1', NULL, '2017-05-10 16:10:35', '2017-05-10 16:10:42'),
	(25, 'Gryphon, before Alice could only hear whispers now and then a voice.', 'Suscipit cum libero voluptatem voluptate cum repellat et. Repellendus iure esse laboriosam doloribus inventore. Fuga nesciunt aut ut quis alias ut. Eum harum ducimus vero quia amet hic suscipit.', 10, 6, 7, 1, '1', NULL, '2017-05-10 16:10:35', '2017-05-10 16:10:42'),
	(26, 'Oh dear! I\'d nearly forgotten to ask.\' \'It turned into a pig,\' Alice.', 'Sed accusantium fugit debitis vel vel quis vitae. Laudantium eum praesentium quo eum. Ut odit ab recusandae vel.', 17, 21, 10, 1, '1', NULL, '2017-05-10 16:10:35', '2017-05-10 16:10:42'),
	(27, 'YOU with us!"\' \'They were obliged to write this down on their hands and.', 'Officia minima odio animi numquam natus. Iste dolorum ratione voluptatem ex illo aliquid. Aut nam adipisci laudantium et.', 18, 9, 19, 1, '1', NULL, '2017-05-10 16:10:35', '2017-05-10 16:10:42'),
	(28, 'Caterpillar. This was such a thing before, and she felt that she was now.', 'Sit et consequatur vero fugiat fugiat sit. Aperiam alias pariatur ipsam unde perferendis et. Voluptas nobis quis alias ipsum.', 5, 6, 19, 1, '1', NULL, '2017-05-10 16:10:35', '2017-05-10 16:10:42'),
	(29, 'For instance, suppose it doesn\'t matter which way I ought to tell me who.', 'Natus porro sapiente porro ut veniam. Aliquid voluptas magnam amet voluptate repudiandae officia. Est quo velit dolore ipsa.', 6, 2, 13, 1, '1', NULL, '2017-05-10 16:10:35', '2017-05-10 16:10:43'),
	(30, 'It was, no doubt: only Alice did not wish to offend the Dormouse followed.', 'Accusantium nihil aut distinctio aliquam. Rem sequi odio ut sint. Fugiat ullam explicabo at quae fuga et et sint. Omnis nisi ut sit perferendis est.', 13, 14, 19, 1, '1', NULL, '2017-05-10 16:10:35', '2017-05-10 16:10:43'),
	(31, 'King hastily said, and went on at last, more calmly, though still sobbing.', 'Occaecati et id provident. Qui sit aspernatur vel ratione consequuntur mollitia. Tempora soluta pariatur eveniet asperiores.', 18, 15, 2, 1, '1', NULL, '2017-05-10 16:10:35', '2017-05-10 16:10:43'),
	(32, 'I was going to remark myself.\' \'Have you seen the Mock Turtle sighed.', 'Velit doloribus et nemo deserunt modi. Quo rerum rerum qui aut facere adipisci et. Et harum temporibus mollitia vel consequatur maiores. Modi voluptas aliquid aliquid.', 1, 24, 1, 1, '1', NULL, '2017-05-10 16:10:35', '2017-05-10 16:10:43'),
	(33, 'Alice, and she felt that it might end, you know,\' the Hatter asked.', 'Eum sunt reprehenderit provident. Praesentium occaecati est commodi magnam ut quia aut. Sed nam et animi qui.', 4, 15, 12, 1, '1', NULL, '2017-05-10 16:10:35', '2017-05-10 16:10:43'),
	(34, 'Cat, and vanished. Alice was not a bit afraid of them!\' \'And who is.', 'Laborum aperiam et dicta doloremque ratione amet. Et explicabo dignissimos fuga autem. Dolor sunt soluta consequatur rerum. Deleniti et ut recusandae exercitationem similique rem et.', 25, 20, 20, 1, '1', NULL, '2017-05-10 16:10:35', '2017-05-10 16:10:43'),
	(35, 'VERY nearly at the window, she suddenly spread out her hand in hand, in.', 'Sint sit quis quam. Occaecati qui cupiditate iusto omnis dolor consequuntur enim. Eum tempore vitae magnam et voluptatum.', 8, 6, 18, 1, '1', NULL, '2017-05-10 16:10:35', '2017-05-10 16:10:43'),
	(36, 'She ate a little timidly, \'why you are painting those roses?\' Five and.', 'Excepturi debitis modi ut et. Saepe sed modi quo quidem. Molestiae est impedit beatae voluptas fuga deleniti. Aut nobis omnis velit earum eum vitae.', 12, 27, 1, 1, '1', NULL, '2017-05-10 16:10:35', '2017-05-10 16:10:43'),
	(37, 'Alice. \'You are,\' said the King, looking round the court and got behind.', 'Sequi dicta qui et sed labore incidunt est. Ab quis est eius at beatae qui tenetur. Similique illo atque aut ut.', 8, 19, 16, 1, '1', NULL, '2017-05-10 16:10:35', '2017-05-10 16:10:43'),
	(38, 'I think that will be the right distance--but then I wonder if I like.', 'Ullam et amet blanditiis cumque accusantium tenetur illum. Aut dolorum quis rerum ipsum. Eos et sapiente dolorem culpa consequatur minima. Dolore autem sit ut aut ullam vero.', 15, 26, 4, 1, '1', NULL, '2017-05-10 16:10:35', '2017-05-10 16:10:43'),
	(39, 'Queen. \'Well, I shan\'t go, at any rate,\' said Alice: \'--where\'s the.', 'Est error necessitatibus aperiam explicabo deleniti et aut. Eius velit nobis provident laboriosam ratione et. Libero numquam perferendis dolor fugit sed.', 11, 16, 17, 1, '1', NULL, '2017-05-10 16:10:35', '2017-05-10 16:10:43'),
	(40, 'Soup, so rich and green, Waiting in a trembling voice:-- \'I passed by his.', 'Repudiandae voluptas aliquid eaque debitis rerum tempora. Tempora ut ex repudiandae labore molestias cum consequatur voluptas. Occaecati a quae molestiae eveniet exercitationem.', 24, 18, 13, 1, '1', NULL, '2017-05-10 16:10:35', '2017-05-10 16:10:43'),
	(41, 'She did it so VERY wide, but she remembered having seen in her hands, and.', 'Vero est ullam corrupti fuga ut. Perferendis autem adipisci autem reprehenderit. Veritatis nostrum id nihil unde aliquam eius.', 2, 6, 16, 1, '1', NULL, '2017-05-10 16:10:35', '2017-05-10 16:10:43'),
	(42, 'Queen ordering off her knowledge, as there was room for her. \'I can tell.', 'Perferendis debitis architecto aperiam deserunt ad iusto. Atque ut et voluptatem odio. Et ut veniam qui id nihil.', 3, 4, 5, 1, '1', NULL, '2017-05-10 16:10:35', '2017-05-10 16:10:44'),
	(43, 'Alice. \'And be quick about it,\' added the Gryphon; and then dipped.', 'Qui aut veritatis iste iusto beatae corporis nemo. Dignissimos libero harum aut animi cupiditate. Ut vel nobis sit sunt architecto. Voluptate voluptatem explicabo dolor porro unde.', 27, 22, 12, 1, '1', NULL, '2017-05-10 16:10:35', '2017-05-10 16:10:44'),
	(44, 'Alice glanced rather anxiously at the stick, running a very difficult.', 'Asperiores unde est maxime nostrum fugiat. Voluptate quidem omnis hic et. Quia temporibus inventore eius error illum dolores.', 3, 26, 7, 1, '1', NULL, '2017-05-10 16:10:35', '2017-05-10 16:10:44'),
	(45, 'Who for such dainties would not join the dance? Will you, won\'t you, will.', 'Voluptatem non sint in nam. Ipsam quo et at accusantium. Vero numquam dicta quis consectetur ab omnis provident. Sed in dicta nihil odio quos.', 22, 7, 15, 1, '1', NULL, '2017-05-10 16:10:35', '2017-05-10 16:10:44'),
	(46, 'King sharply. \'Do you play croquet?\' The soldiers were always getting up.', 'Sequi suscipit in sed maiores. Quas blanditiis qui rerum illum beatae. Omnis odit qui sapiente similique.', 18, 1, 6, 1, '1', NULL, '2017-05-10 16:10:35', '2017-05-10 16:10:44'),
	(47, 'Queen was silent. The Dormouse again took a minute or two, it was good.', 'Non nobis voluptate debitis ab veniam. Ut voluptatem nisi nihil praesentium. Maiores sapiente accusamus soluta natus a sint. Commodi sunt incidunt ea non aspernatur.', 25, 10, 20, 1, '1', NULL, '2017-05-10 16:10:36', '2017-05-10 16:10:44'),
	(48, 'I don\'t want to stay with it as to prevent its undoing itself,) she.', 'Sequi qui quo velit sit nostrum totam eum. Officiis ut ab quaerat optio mollitia nisi animi. Quisquam molestiae impedit inventore dolores.', 14, 6, 16, 1, '1', NULL, '2017-05-10 16:10:36', '2017-05-10 16:10:44'),
	(49, 'VERY unpleasant state of mind, she turned the corner, but the Gryphon.', 'A adipisci eos eum recusandae voluptate hic. Fugit ut minus est sed. Quo laudantium sint delectus consequatur vel est. Sequi dolorem ex quaerat et mollitia animi iste voluptatem.', 20, 20, 6, 1, '1', NULL, '2017-05-10 16:10:36', '2017-05-10 16:10:45'),
	(50, 'Alice looked round, eager to see it pop down a large caterpillar, that.', 'Eos ratione id dolores error. Incidunt ipsa natus voluptas et enim aspernatur quasi. Maiores voluptas sunt explicabo provident illum ullam. Beatae provident molestiae possimus sed.', 20, 5, 16, 1, '1', NULL, '2017-05-10 16:10:36', '2017-05-10 16:10:45'),
	(51, 'She was close behind it when she looked back once or twice she had put.', 'Minima labore eligendi tempora et sapiente ut. Nam nihil porro sit nobis rerum rerum ut. Unde quia perspiciatis nihil velit debitis magni aut. Accusantium quo sapiente voluptatem minus aliquam.', 19, 4, 13, 1, '1', NULL, '2017-05-10 16:10:36', '2017-05-10 16:10:45'),
	(52, 'March Hare,) \'--it was at the bottom of a candle is blown out, for she.', 'Et et atque non harum molestiae rerum. Eum natus hic recusandae repudiandae ad voluptatem. Cupiditate quaerat qui quisquam in porro.', 19, 6, 7, 1, '1', NULL, '2017-05-10 16:10:36', '2017-05-10 16:10:45'),
	(53, 'Caterpillar. \'Well, perhaps you were INSIDE, you might knock, and I don\'t.', 'Repellendus pariatur sed facere exercitationem delectus rerum aut. Perferendis qui officia aut. Vitae sed dolores dicta. Minima enim ea aperiam.', 3, 9, 14, 1, '1', NULL, '2017-05-10 16:10:36', '2017-05-10 16:10:45'),
	(54, 'It sounded an excellent plan, no doubt, and very soon finished it off..', 'Aut aut omnis et nostrum sunt. Soluta unde quo sit dolores ipsam aliquam. Ut ab alias dicta ut. Voluptas minus asperiores ipsum velit magni est.', 27, 6, 8, 1, '1', NULL, '2017-05-10 16:10:36', '2017-05-10 16:10:45'),
	(55, 'Queen\'s hedgehog just now, only it ran away when it had VERY long claws.', 'Numquam animi deleniti non sequi exercitationem qui mollitia. Aliquam et quia eos molestias eius voluptas aliquam enim. Ut facere ab quis modi molestiae qui soluta impedit.', 10, 4, 7, 1, '1', NULL, '2017-05-10 16:10:36', '2017-05-10 16:10:45'),
	(56, 'Pigeon. \'I\'m NOT a serpent, I tell you, you coward!\' and at once in a.', 'Eos similique harum mollitia id ex. Voluptatibus est facilis tempora nulla. Magnam ea odio quo ratione perferendis nihil. Praesentium beatae placeat vero.', 22, 19, 14, 1, '1', NULL, '2017-05-10 16:10:36', '2017-05-10 16:10:45'),
	(57, 'England the nearer is to France-- Then turn not pale, beloved snail, but.', 'Nihil doloribus qui aut. Ut quo architecto quia dolore. Quo odit ea nostrum vero. Quam delectus pariatur et dolorem corrupti provident officiis.', 15, 23, 2, 1, '1', NULL, '2017-05-10 16:10:36', '2017-05-10 16:10:45'),
	(58, 'How puzzling all these changes are! I\'m never sure what I\'m going to dive.', 'Impedit magnam omnis iure a natus eligendi. Ad fugit cumque eligendi sunt est eos aliquam. Et illum temporibus facere soluta. Vitae non at repellat sed eaque aspernatur et velit.', 4, 9, 18, 1, '1', NULL, '2017-05-10 16:10:36', '2017-05-10 16:10:45'),
	(59, 'The Dormouse again took a minute or two, looking for eggs, I know who I.', 'Aliquid in dolor rerum ipsam quas illo modi. In harum hic ratione rerum. Aut pariatur et qui magnam omnis quisquam repellat officia.', 12, 23, 11, 1, '1', NULL, '2017-05-10 16:10:36', '2017-05-10 16:10:45'),
	(60, 'Alice severely. \'What are you thinking of?\' \'I beg your pardon,\' said.', 'Labore corrupti consequatur fugit. Blanditiis alias recusandae tempore reiciendis temporibus dolorem voluptate. Repellendus quia dolor quia maxime eius ipsum ratione voluptate.', 19, 26, 10, 1, '1', NULL, '2017-05-10 16:10:36', '2017-05-10 16:10:45'),
	(61, 'CHAPTER IV. The Rabbit Sends in a deep voice, \'What are they made of?\'.', 'Et vel labore numquam voluptatibus unde quisquam ut. Eum incidunt doloremque earum quidem veritatis. Ut voluptas in sed. Illo odit atque ut eaque.', 27, 21, 9, 1, '1', NULL, '2017-05-10 16:10:36', '2017-05-10 16:10:45'),
	(62, 'Mabel! I\'ll try and say "Who am I to get out again. That\'s all.\' \'Thank.', 'Amet pariatur architecto neque molestiae laudantium culpa. Rem dolorem aut reprehenderit porro. Est quo et iusto et.', 14, 12, 6, 1, '1', NULL, '2017-05-10 16:10:36', '2017-05-10 16:10:45'),
	(63, 'MORE than nothing.\' \'Nobody asked YOUR opinion,\' said Alice. \'And be.', 'Blanditiis dicta nobis corrupti fugit. Consequuntur mollitia repellat ducimus aperiam dolores. Ex rerum sunt quia rerum.', 19, 3, 17, 1, '1', NULL, '2017-05-10 16:10:36', '2017-05-10 16:10:45'),
	(64, 'The Mock Turtle at last, and they sat down with one eye; \'I seem to.', 'Iure aliquam quia deserunt necessitatibus voluptates nisi. Amet molestias expedita et dolor odit omnis saepe. Cupiditate hic quam molestias voluptatum aut qui nisi.', 22, 14, 4, 1, '1', NULL, '2017-05-10 16:10:36', '2017-05-10 16:10:45'),
	(65, 'The Mock Turtle interrupted, \'if you only walk long enough.\' Alice felt a.', 'Repellendus sapiente quaerat sunt quam modi aut veniam. Magnam possimus eveniet placeat architecto neque doloremque. Et alias aut quod enim assumenda et maiores ut.', 12, 12, 10, 1, '1', NULL, '2017-05-10 16:10:36', '2017-05-10 16:10:45'),
	(66, 'Where CAN I have none, Why, I do it again and again.\' \'You are old,.', 'Nobis ea praesentium quos tempore deleniti earum. Atque fuga vero sapiente aut et atque ut aut. Inventore sapiente voluptatem in dolores rerum consequatur.', 9, 7, 19, 1, '1', NULL, '2017-05-10 16:10:37', '2017-05-10 16:10:45'),
	(67, 'Majesty,\' said the Mock Turtle with a bound into the sky. Twinkle,.', 'Est qui adipisci quis voluptatibus ut. Itaque neque sed sequi corporis qui ea in. Quia consequuntur maxime non et omnis placeat inventore. Et et velit iste non autem.', 1, 23, 15, 1, '1', NULL, '2017-05-10 16:10:37', '2017-05-10 16:10:46'),
	(68, 'Alice considered a little scream, half of anger, and tried to curtsey as.', 'Cupiditate molestiae dignissimos minus deserunt qui nisi eaque. Aut harum dolorem distinctio recusandae enim provident. Natus cum expedita et corporis.', 13, 10, 1, 1, '1', NULL, '2017-05-10 16:10:37', '2017-05-10 16:10:46'),
	(69, 'Alice; \'I might as well as if nothing had happened. \'How am I to do?\'.', 'Quam non cum cupiditate commodi veniam ut perferendis. Architecto omnis corporis ut adipisci. Aut minus saepe rerum enim aut.', 21, 6, 9, 1, '1', NULL, '2017-05-10 16:10:37', '2017-05-10 16:10:46'),
	(70, 'I wonder?\' Alice guessed who it was, and, as they lay sprawling about,.', 'Beatae totam aut libero magnam harum consequatur vero quo. Dolore et aperiam quasi in vel dolores voluptatem.', 13, 25, 4, 1, '1', NULL, '2017-05-10 16:10:37', '2017-05-10 16:10:46'),
	(71, 'MORE than nothing.\' \'Nobody asked YOUR opinion,\' said Alice. \'I\'ve read.', 'Nihil mollitia ut quas facilis itaque qui magnam ut. Enim laboriosam dicta sed quibusdam et. Eius enim ex ducimus facere cum ratione cumque.', 22, 18, 14, 1, '1', NULL, '2017-05-10 16:10:37', '2017-05-10 16:10:46'),
	(72, 'Panther received knife and fork with a sigh: \'it\'s always tea-time, and.', 'Et sed sunt consequatur fuga non rerum. Nihil fugit minus dolores tempore doloribus et aspernatur. Suscipit voluptas dolorum non ut. Aut occaecati excepturi est laudantium rem.', 9, 8, 7, 1, '1', NULL, '2017-05-10 16:10:37', '2017-05-10 16:10:46'),
	(73, 'Gryphon repeated impatiently: \'it begins "I passed by his garden."\' Alice.', 'Minus recusandae delectus animi sunt iusto. Ipsa veniam magni sint odio quae harum.', 18, 16, 3, 1, '1', NULL, '2017-05-10 16:10:37', '2017-05-10 16:10:46'),
	(74, 'Alice, in a tone of great relief. \'Now at OURS they had to sing this:--.', 'Ut est possimus eum non expedita et dolores voluptatum. Ipsam numquam itaque eius eum repellendus. Sint nihil sed reiciendis enim.', 20, 7, 3, 1, '1', NULL, '2017-05-10 16:10:37', '2017-05-10 16:10:46'),
	(75, 'Alice: \'I don\'t see how he did not notice this last word two or three.', 'Vel tempora distinctio similique dignissimos laborum nisi. Voluptatem cum autem odit ut optio sit molestiae. Nobis perferendis sunt provident cupiditate tempora.', 10, 5, 1, 1, '1', NULL, '2017-05-10 16:10:37', '2017-05-10 16:10:46'),
	(76, 'Mouse was bristling all over, and both footmen, Alice noticed, had.', 'Aut id recusandae amet consequatur. Aliquam dolore quae vel laborum eius mollitia. Neque illo ducimus placeat repellat. Est tempore accusantium doloremque in perspiciatis aperiam consequatur.', 18, 27, 15, 1, '1', NULL, '2017-05-10 16:10:37', '2017-05-10 16:10:46'),
	(77, 'Dinah, tell me the truth: did you do lessons?\' said Alice, surprised at.', 'Deleniti quam aut dolor id dolores odio cum. Impedit sint qui exercitationem et vitae molestias. Eligendi repellendus quos distinctio porro.', 15, 2, 5, 1, '1', NULL, '2017-05-10 16:10:37', '2017-05-10 16:10:46'),
	(78, 'Wonderland, though she knew she had found her head through the.', 'Quas veniam id quia tempora quam corrupti animi. A accusamus at vero rerum. Corporis quae voluptas enim rerum quasi architecto voluptatibus. Qui at fuga accusantium non.', 23, 7, 7, 1, '1', NULL, '2017-05-10 16:10:37', '2017-05-10 16:10:46'),
	(79, 'King, \'that only makes the world am I? Ah, THAT\'S the great concert given.', 'Dolores id ea cupiditate quisquam. Vitae esse dicta sed. Dignissimos molestiae qui molestiae rerum.', 12, 3, 16, 1, '1', NULL, '2017-05-10 16:10:37', '2017-05-10 16:10:46'),
	(80, 'Cat. \'I\'d nearly forgotten that I\'ve got to the shore, and then Alice put.', 'Expedita aut ut consequatur accusamus et. Molestias similique est autem dolor sint ut perferendis sunt. Asperiores et ipsam aut. Voluptatum sed quia labore mollitia et maiores odio quia.', 14, 21, 15, 1, '1', NULL, '2017-05-10 16:10:37', '2017-05-10 16:10:46'),
	(81, 'YOU, and no one else seemed inclined to say than his first remark, \'It.', 'Aut facilis quae consectetur. Sit numquam ea culpa at rem dolor voluptatem qui. Similique ea voluptas et quos est.', 25, 24, 17, 1, '1', NULL, '2017-05-10 16:10:37', '2017-05-10 16:10:46'),
	(82, 'Alice heard the Rabbit angrily. \'Here! Come and help me out of this.', 'Dolores quia laborum et ipsum possimus recusandae dolores pariatur. Omnis in ex aspernatur veritatis iure. Odio facere rem consequatur incidunt non. Odio tempora maxime laudantium sit ab ab.', 13, 6, 20, 1, '1', NULL, '2017-05-10 16:10:37', '2017-05-10 16:10:47'),
	(83, 'After a time there were three gardeners who were all in bed!\' On various.', 'Quod iste maiores veritatis. Et iusto aut dolore. Temporibus fugit nesciunt illo deserunt a temporibus sit.', 3, 18, 11, 1, '1', NULL, '2017-05-10 16:10:37', '2017-05-10 16:10:47'),
	(84, 'Bill,\' she gave one sharp kick, and waited till she was now about a foot.', 'Eum iste consequatur quis voluptas doloremque autem. Quae nostrum perferendis eos. Deserunt dolorem dolores voluptas ea hic provident optio. Molestiae atque in magni vitae qui vel.', 10, 2, 6, 1, '1', NULL, '2017-05-10 16:10:37', '2017-05-10 16:10:47'),
	(85, 'My notion was that she was looking for it, while the Mouse heard this, it.', 'Aperiam in qui temporibus. Ex nihil quibusdam alias earum vel autem. Non facilis officiis qui voluptatibus.', 22, 24, 13, 1, '1', NULL, '2017-05-10 16:10:37', '2017-05-10 16:10:47'),
	(86, 'I find a thing,\' said the Dormouse: \'not in that case I can kick a.', 'Ipsum iusto qui cum esse dolor. Voluptatum laboriosam eligendi maiores eos tempore amet et est. Vel voluptatem necessitatibus aspernatur sapiente harum fugiat. Praesentium ullam pariatur odit.', 2, 10, 11, 1, '1', NULL, '2017-05-10 16:10:37', '2017-05-10 16:10:47'),
	(87, 'The Gryphon lifted up both its paws in surprise. \'What! Never heard of.', 'Rerum similique libero temporibus possimus. Qui magni nobis aut. Quis natus nulla omnis molestias ab praesentium optio quisquam.', 21, 14, 2, 1, '1', NULL, '2017-05-10 16:10:37', '2017-05-10 16:10:47'),
	(88, 'I was, I shouldn\'t like THAT!\' \'Oh, you foolish Alice!\' she answered.', 'Incidunt sed quasi mollitia non cupiditate. Facilis eligendi quisquam autem sunt. Nisi qui doloribus qui voluptatem quia.', 27, 22, 14, 1, '1', NULL, '2017-05-10 16:10:37', '2017-05-10 16:10:47'),
	(89, 'Alice replied in an offended tone. And the executioner ran wildly up and.', 'Et voluptas voluptas dolore quia debitis a. Quos quo adipisci id a consequatur est. Odit suscipit quia provident optio aut consequuntur.', 18, 15, 6, 1, '1', NULL, '2017-05-10 16:10:38', '2017-05-10 16:10:47'),
	(90, 'March Hare was said to herself how this same little sister of hers would,.', 'Sapiente optio expedita dolorum id hic id voluptatem. Eum inventore quaerat aspernatur molestias dolores et. Dolores autem nihil alias quisquam sunt aperiam. Harum et ea minus eum fugit consequatur.', 19, 21, 6, 1, '1', NULL, '2017-05-10 16:10:38', '2017-05-10 16:10:47'),
	(91, 'Alice ventured to taste it, and behind it when she heard a little bottle.', 'Consequatur eum dolore voluptate dolore soluta aut sequi. Voluptates a minima quisquam. Aut eius ea architecto pariatur quasi velit impedit. Repellendus corporis inventore quis ipsum ea ipsum.', 5, 7, 6, 1, '1', NULL, '2017-05-10 16:10:38', '2017-05-10 16:10:47'),
	(92, 'Time!\' \'Perhaps not,\' Alice replied very politely, \'for I never.', 'Quo optio eligendi sit fuga qui. Quia quo ipsum aut occaecati at nihil officiis. Nobis voluptate inventore assumenda quibusdam. Repudiandae a voluptatem tenetur velit quidem adipisci.', 27, 18, 15, 1, '1', NULL, '2017-05-10 16:10:38', '2017-05-10 16:10:47'),
	(93, 'English); \'now I\'m opening out like the Queen?\' said the King. \'Nothing.', 'Sint rerum facilis aspernatur rerum in. Perspiciatis eligendi non et. Sapiente quas corrupti deleniti ut a. Eveniet aliquid vel qui molestias.', 11, 3, 17, 1, '1', NULL, '2017-05-10 16:10:38', '2017-05-10 16:10:47'),
	(94, 'Queen had ordered. They very soon found out that she had caught the.', 'Odio et voluptate doloribus aut quos saepe debitis. Recusandae cumque quia modi officiis consectetur eaque ab aliquam. Fugit repellendus et nam vel.', 7, 4, 4, 1, '1', NULL, '2017-05-10 16:10:38', '2017-05-10 16:10:47'),
	(95, 'I shall be punished for it was certainly English. \'I don\'t see,\' said the.', 'Aut quo molestiae illo ipsum enim. Omnis totam distinctio voluptatem sapiente exercitationem natus aut. Et molestiae mollitia accusantium recusandae dolores dolores.', 18, 24, 6, 1, '1', NULL, '2017-05-10 16:10:38', '2017-05-10 16:10:48'),
	(96, 'Alice, she went to school in the same as the March Hare interrupted in a.', 'Ut omnis expedita eum qui aut. Quaerat et consequatur ea eius suscipit est et. Maiores ut nemo sunt. Maxime possimus non ea beatae. Ipsum accusamus quia occaecati aut tenetur rerum.', 26, 9, 12, 1, '1', NULL, '2017-05-10 16:10:38', '2017-05-10 16:10:48'),
	(97, 'Besides, SHE\'S she, and I\'m I, and--oh dear, how puzzling it all seemed.', 'Praesentium blanditiis ea exercitationem dolores ea. Neque aut esse non aspernatur fugit adipisci autem labore. Non maiores occaecati officiis ut deleniti ut sunt.', 21, 25, 12, 1, '1', NULL, '2017-05-10 16:10:38', '2017-05-10 16:10:48'),
	(98, 'Gryphon. \'We can do without lobsters, you know. But do cats eat bats?\'.', 'A eos quo perspiciatis hic et. Inventore quia quaerat molestiae perspiciatis suscipit deleniti. Voluptas nulla animi voluptatem est quod. Deserunt sed qui eaque.', 24, 2, 11, 1, '1', NULL, '2017-05-10 16:10:38', '2017-05-10 16:10:48'),
	(99, 'I try the first verse,\' said the Knave, \'I didn\'t know that you\'re mad?\'.', 'Possimus quod quia laborum architecto. Nemo aperiam voluptatum provident tempora voluptatem beatae eos aut. Ut accusantium necessitatibus nesciunt dolorem harum cupiditate in.', 6, 11, 14, 1, '1', NULL, '2017-05-10 16:10:38', '2017-05-10 16:10:48'),
	(100, 'I can listen all day about it!\' and he called the Queen, who was.', 'Possimus explicabo blanditiis enim iusto sed sit porro. Dolor et et repellat minima quis. Esse quis voluptatem dolores officia architecto eum.', 17, 5, 5, 1, '1', NULL, '2017-05-10 16:10:38', '2017-05-10 16:10:48'),
	(101, 'I to get out again. That\'s all.\' \'Thank you,\' said Alice, (she had grown.', 'Voluptatem amet perferendis neque qui ab voluptate. Adipisci nesciunt aut incidunt explicabo iure. Debitis et sit vel cum. Reiciendis eum qui qui delectus inventore enim omnis.', 11, 26, 13, 1, '1', NULL, '2017-05-10 16:10:38', '2017-05-10 16:10:48'),
	(102, 'Gryphon said, in a large mushroom growing near her, she began, rather.', 'Iusto sequi occaecati totam repellat id. Eos blanditiis qui possimus quo aperiam ducimus harum.', 21, 2, 10, 1, '1', NULL, '2017-05-10 16:10:38', '2017-05-10 16:10:48'),
	(103, 'Alice. \'But you\'re so easily offended, you know!\' The Mouse gave a sudden.', 'Minima ratione quidem et ratione ullam. Maxime rerum officia deserunt non. Quo odio velit reprehenderit aut sunt.', 1, 25, 18, 1, '1', NULL, '2017-05-10 16:10:38', '2017-05-10 16:10:48'),
	(104, 'Like a tea-tray in the distance. \'Come on!\' and ran off, thinking while.', 'Cupiditate consequatur dolorem suscipit quis quaerat quaerat vitae qui. Exercitationem quod dicta laborum. Eum neque voluptas quis sit iusto odit et.', 19, 22, 3, 1, '1', NULL, '2017-05-10 16:10:38', '2017-05-10 16:10:48'),
	(105, 'Sir, With no jury or judge, would be four thousand miles down, I think--\'.', 'Sint optio quasi eum. Odio deserunt tempore numquam minima laudantium. Aut aut corrupti ut maxime et consequuntur. Maxime soluta fugiat libero deleniti.', 20, 17, 8, 1, '1', NULL, '2017-05-10 16:10:38', '2017-05-10 16:10:48'),
	(106, 'The Hatter was the White Rabbit, who said in a minute, nurse! But I\'ve.', 'Libero sunt dolor quae. Iusto omnis ad autem qui harum occaecati recusandae.\nQuo quod esse laborum iste. Est amet ex rerum non omnis aut. Eos quam error sed voluptas quod deserunt.', 17, 9, 4, 1, '1', NULL, '2017-05-10 16:10:38', '2017-05-10 16:10:48'),
	(107, 'Gryphon. \'--you advance twice--\' \'Each with a sigh. \'I only took the.', 'Et ipsum fugiat non. A dolorum esse quaerat velit laborum et totam. Minima ab et delectus minima.', 14, 19, 6, 1, '1', NULL, '2017-05-10 16:10:38', '2017-05-10 16:10:49'),
	(108, 'Hatter: \'I\'m on the bank, and of having nothing to what I was going to.', 'Ad nesciunt et ut tempore aut. Omnis ullam voluptatem eum dicta perspiciatis. Molestiae voluptatibus at quidem aliquid et. Vel perspiciatis incidunt nostrum porro quis nostrum earum.', 12, 3, 13, 1, '1', NULL, '2017-05-10 16:10:38', '2017-05-10 16:10:49'),
	(109, 'Gryphon said, in a hoarse growl, \'the world would go round and swam.', 'Ullam omnis non aspernatur adipisci vero dolorum sed. Nihil enim praesentium nihil rerum qui et quidem aspernatur.', 8, 17, 19, 1, '1', NULL, '2017-05-10 16:10:38', '2017-05-10 16:10:49'),
	(110, 'Eaglet. \'I don\'t think it\'s at all a proper way of escape, and wondering.', 'Nesciunt dolores modi hic voluptatem ipsa rerum. Velit possimus consequuntur perferendis laboriosam minima ut quam.', 8, 15, 2, 1, '1', NULL, '2017-05-10 16:10:38', '2017-05-10 16:10:49'),
	(111, 'But said I didn\'t!\' interrupted Alice. \'You must be,\' said the Hatter..', 'Occaecati aspernatur eum et. Repellat minima dolor et quisquam explicabo. Aut iusto ad ducimus ipsum accusamus. Magni dolorum nam voluptates.', 18, 26, 13, 1, '1', NULL, '2017-05-10 16:10:38', '2017-05-10 16:10:49'),
	(112, 'I ask! It\'s always six o\'clock now.\' A bright idea came into Alice\'s.', 'Aperiam eum quia quis sint aspernatur aliquid tempora. Nihil sunt praesentium dolor ab. Eaque aut animi velit voluptatem.', 14, 4, 2, 1, '1', NULL, '2017-05-10 16:10:38', '2017-05-10 16:10:49'),
	(113, 'I mentioned before, And have grown most uncommonly fat; Yet you balanced.', 'Officia veritatis eaque vel quia rerum sequi. Voluptatibus recusandae perferendis esse quo. Non molestiae ut hic aliquid. Enim rerum inventore eos sint tempore unde.', 12, 9, 20, 1, '1', NULL, '2017-05-10 16:10:39', '2017-05-10 16:10:49'),
	(114, 'Alice found at first was in confusion, getting the Dormouse followed him:.', 'Rerum quia ut exercitationem qui commodi est. Fugit id debitis quia sunt laudantium reiciendis voluptatem est. Eum incidunt repellat veritatis quis voluptatem sint. Eum voluptatem omnis aut mollitia.', 2, 10, 4, 1, '1', NULL, '2017-05-10 16:10:39', '2017-05-10 16:10:49'),
	(115, 'For anything tougher than suet; Yet you finished the goose, with the.', 'Odio et dignissimos sed iusto dolor hic rem. Omnis corporis et repellat neque. Ut dolor architecto dolorem quo autem et aut. Sit ipsam velit est maxime natus quia dolore veritatis.', 16, 20, 15, 1, '1', NULL, '2017-05-10 16:10:39', '2017-05-10 16:10:49'),
	(116, 'I needn\'t be afraid of interrupting him,) \'I\'ll give him sixpence. _I_.', 'Modi eligendi velit autem soluta alias. Earum et nulla sed beatae id. Est aut voluptates impedit quibusdam.', 15, 12, 19, 1, '1', NULL, '2017-05-10 16:10:39', '2017-05-10 16:10:49'),
	(117, 'And she\'s such a curious dream, dear, certainly: but now run in to your.', 'Ut dolorem provident optio et. Iusto sit quae eveniet aliquid. Dolorum et a explicabo vel maiores minima ab. Et minima id qui quae dolorem possimus. Magnam dicta magnam voluptatem vitae voluptatem.', 5, 22, 10, 1, '1', NULL, '2017-05-10 16:10:39', '2017-05-10 16:10:49'),
	(118, 'She drew her foot slipped, and in despair she put it. She stretched.', 'Saepe qui eveniet ea velit porro. Debitis soluta voluptates aliquid numquam ut. Qui dolores ratione voluptate consequatur voluptas error. Eum optio quia consequuntur sunt et nam.', 22, 11, 12, 1, '1', NULL, '2017-05-10 16:10:39', '2017-05-10 16:10:49'),
	(119, 'HER about it.\' \'She\'s in prison,\' the Queen to-day?\' \'I should like to.', 'Molestiae vel quaerat pariatur aliquam. Impedit error quam deserunt illo rerum. Sint et quisquam perferendis nam.', 14, 13, 14, 1, '1', NULL, '2017-05-10 16:10:39', '2017-05-10 16:10:49'),
	(120, 'Duchess sneezed occasionally; and as for the first figure,\' said the Mock.', 'Eum iste beatae qui commodi id dolorum vel. Voluptate fuga sit omnis sint ea quos et. Pariatur aut ut est qui vero. Nihil ad sit omnis ut est qui.', 17, 22, 18, 1, '1', NULL, '2017-05-10 16:10:39', '2017-05-10 16:10:49'),
	(121, 'King\'s argument was, that you never to lose YOUR temper!\' \'Hold your.', 'Incidunt corporis aut ut excepturi voluptatem labore. Sunt repudiandae et et provident magnam in. Veritatis odit voluptatem illo est est tempora quaerat.', 2, 17, 11, 1, '1', NULL, '2017-05-10 16:10:39', '2017-05-10 16:10:49'),
	(122, 'That your eye was as much as she spoke. (The unfortunate little Bill had.', 'Magni a et consequatur. Et eum et et sit laborum quam. Nostrum ut aut nam et numquam sed. Ullam et rerum unde accusamus odit molestiae architecto libero.', 17, 14, 3, 1, '1', NULL, '2017-05-10 16:10:39', '2017-05-10 16:10:49'),
	(123, 'Alice was very like a thunderstorm. \'A fine day, your Majesty!\' the.', 'Alias voluptates tenetur voluptatum inventore harum blanditiis at. Qui ut et incidunt consequatur aut eveniet iusto.', 10, 4, 6, 1, '1', NULL, '2017-05-10 16:10:39', '2017-05-10 16:10:49'),
	(124, 'Alice, they all crowded round it, panting, and asking, \'But who has won?\'.', 'Aut officia voluptatem itaque facilis facilis cum ratione. Dolor corporis suscipit non ex error. In ut aut harum quidem ex. Qui quia sed et amet sunt. Veniam enim id odit qui voluptates totam.', 3, 8, 13, 1, '1', NULL, '2017-05-10 16:10:39', '2017-05-10 16:10:49'),
	(125, 'Queen: so she began fancying the sort of people live about here?\' \'In.', 'Sequi facere sit eius. Consequatur delectus porro consequuntur est. Inventore dicta dolorem dolore repellat ut nihil laborum.', 17, 13, 17, 1, '1', NULL, '2017-05-10 16:10:39', '2017-05-10 16:10:49'),
	(126, 'I must be getting home; the night-air doesn\'t suit my throat!\' and a fan!.', 'Debitis ab enim tempore consectetur ab autem ullam. Harum similique a est. Voluptates eum consequuntur enim enim esse qui quia. Quidem deserunt dolore minima sed provident in.', 27, 14, 3, 1, '1', NULL, '2017-05-10 16:10:39', '2017-05-10 16:10:50'),
	(127, 'Ma!\' said the Hatter. \'You might just as she spoke; \'either you or your.', 'Cumque ipsa porro fuga. Reprehenderit praesentium facere facilis numquam ut sit. Reprehenderit dolore et fugiat ut dolores aut atque a.', 19, 27, 4, 1, '1', NULL, '2017-05-10 16:10:39', '2017-05-10 16:10:50'),
	(128, 'Alice. \'Come, let\'s try Geography. London is the same size: to be a great.', 'Rerum aut possimus qui officia. Ut vero enim est dolor. Eligendi nobis enim architecto aut.', 13, 18, 3, 1, '1', NULL, '2017-05-10 16:10:39', '2017-05-10 16:10:50'),
	(129, 'Alice ventured to say. \'What is his sorrow?\' she asked the Mock Turtle..', 'Dolorem soluta omnis tenetur amet aliquid quis. Ipsam saepe sit ut quis sint. Maiores quis est quas. Molestiae ratione rerum impedit placeat.', 7, 4, 18, 1, '1', NULL, '2017-05-10 16:10:39', '2017-05-10 16:10:50'),
	(130, 'Long Tale They were indeed a queer-looking party that assembled on the.', 'Non aut provident et. Et architecto rerum occaecati quis.', 18, 26, 16, 1, '1', NULL, '2017-05-10 16:10:39', '2017-05-10 16:10:50'),
	(131, 'Run home this moment, I tell you!\' said Alice. \'Well, then,\' the Gryphon.', 'Ea exercitationem expedita eius ullam. Qui eos est et recusandae ad aut. Facilis voluptatem reprehenderit quibusdam.', 20, 25, 11, 1, '1', NULL, '2017-05-10 16:10:39', '2017-05-10 16:10:50'),
	(132, 'I think?\' he said do. Alice looked all round her, calling out in a hoarse.', 'Qui delectus suscipit et facilis. Voluptate quo corporis asperiores consequatur at. Fugiat enim eaque alias.', 1, 15, 12, 1, '1', NULL, '2017-05-10 16:10:39', '2017-05-10 16:10:50'),
	(133, 'See how eagerly the lobsters to the jury, in a deep, hollow tone: \'sit.', 'Quo itaque ut facilis qui reprehenderit est. Facere voluptatem vero similique est qui asperiores vero. Impedit voluptatem sit voluptatem exercitationem excepturi dicta.', 24, 23, 10, 1, '1', NULL, '2017-05-10 16:10:39', '2017-05-10 16:10:50'),
	(134, 'I am now? That\'ll be a lesson to you to sit down without being seen, when.', 'Maiores placeat nam voluptatem. Dicta itaque incidunt magni debitis rem. Molestiae quia architecto reiciendis reprehenderit.', 1, 13, 14, 1, '1', NULL, '2017-05-10 16:10:39', '2017-05-10 16:10:50'),
	(135, 'It means much the same thing with you,\' said the Queen, who was passing.', 'Totam quia repudiandae voluptatum aut eius accusantium. Ea et quam nihil ipsa veritatis. Alias officia maiores temporibus et totam.', 12, 24, 8, 1, '1', NULL, '2017-05-10 16:10:40', '2017-05-10 16:10:50'),
	(136, 'I\'ve got to come down the chimney as she could. The next thing was to get.', 'Ea sint voluptas eum ullam porro in laboriosam. Accusamus non totam qui perspiciatis incidunt ea. Eum rerum debitis ut est aliquid consectetur dolorem. Aperiam quam est sit ut eos sint.', 12, 21, 12, 1, '1', NULL, '2017-05-10 16:10:40', '2017-05-10 16:10:50'),
	(137, 'For really this morning I\'ve nothing to what I like"!\' \'You might just as.', 'Placeat aut aut rerum consequatur qui. Aut dolorum animi quia quis iure et aut. Et voluptas est suscipit iste ut quos ducimus qui. Qui quae qui quidem sint dignissimos sunt.', 9, 23, 16, 1, '1', NULL, '2017-05-10 16:10:40', '2017-05-10 16:10:50'),
	(138, 'She felt very curious sensation, which puzzled her too much, so she felt.', 'Quia enim incidunt non omnis nisi sunt animi. Ex autem ab sapiente cumque. Est omnis aliquid aperiam ullam consequatur.', 1, 23, 15, 1, '1', NULL, '2017-05-10 16:10:40', '2017-05-10 16:10:50'),
	(139, 'Quick, now!\' And Alice was a bright brass plate with the other: the.', 'Dignissimos odit quidem ipsum voluptas laudantium quia et. Animi aut nostrum natus sit distinctio nam. Unde quia ab sint dolorum. Eum sint et at doloremque voluptatem rem.', 8, 16, 2, 1, '1', NULL, '2017-05-10 16:10:40', '2017-05-10 16:10:50'),
	(140, 'Hatter, and he hurried off. Alice thought to herself. (Alice had no idea.', 'Voluptatum nobis quo qui voluptatibus et nemo quam. Et quaerat est excepturi consequatur inventore velit. Iure ipsa eos cupiditate qui quam nemo.', 11, 3, 14, 1, '1', NULL, '2017-05-10 16:10:40', '2017-05-10 16:10:51'),
	(141, 'YOURS: I don\'t think,\' Alice went on, turning to Alice, \'Have you guessed.', 'Similique rem sequi voluptas asperiores dolor. Maxime harum dolorem enim aut culpa.', 26, 11, 15, 1, '1', NULL, '2017-05-10 16:10:40', '2017-05-10 16:10:51'),
	(142, 'BEST butter,\' the March Hare will be much the same size: to be two.', 'Qui in assumenda dolor vel ea dolor. Amet et velit quasi est sed. Sunt sunt sunt labore quo et accusamus occaecati. Placeat minima voluptas et totam atque ut.', 5, 13, 15, 1, '1', NULL, '2017-05-10 16:10:40', '2017-05-10 16:10:51'),
	(143, 'The question is, Who in the air. \'--as far out to the executioner: \'fetch.', 'Voluptatem ipsum nostrum ratione qui quo. Repellendus dolores provident ipsam quisquam qui dignissimos non. Error vero reprehenderit nihil voluptatem eum eligendi.', 17, 15, 12, 1, '1', NULL, '2017-05-10 16:10:40', '2017-05-10 16:10:51'),
	(144, 'Alice \'without pictures or conversations in it, and found herself falling.', 'Alias reprehenderit rerum ratione et fuga ipsa. Mollitia tempore amet expedita. Aut nulla culpa inventore ut.', 11, 25, 14, 1, '1', NULL, '2017-05-10 16:10:40', '2017-05-10 16:10:51'),
	(145, 'Alice thought she had looked under it, and finding it very much,\' said.', 'Perferendis consequatur minima deserunt praesentium culpa. Ut corporis totam facilis velit aut dolorem numquam. Possimus autem cumque quaerat at atque voluptas qui quia.', 25, 9, 8, 1, '1', NULL, '2017-05-10 16:10:40', '2017-05-10 16:10:51'),
	(146, 'I tell you!\' But she did so, and giving it something out of breath, and.', 'Quia et et sapiente voluptate sit repellat accusamus beatae. Voluptate voluptas libero odit et. Provident perferendis consectetur aut unde.', 23, 20, 13, 1, '1', NULL, '2017-05-10 16:10:40', '2017-05-10 16:10:51'),
	(147, 'Alice looked up, and there they are!\' said the Queen, who was beginning.', 'Dolor explicabo numquam voluptas doloremque veniam quisquam. Modi quis consequuntur assumenda sed saepe non vero ratione. Et aut corporis et ab. Libero sequi enim voluptatem ut.', 6, 9, 14, 1, '1', NULL, '2017-05-10 16:10:40', '2017-05-10 16:10:51'),
	(148, 'Dinah, and saying to her that she began thinking over other children she.', 'Id cumque eaque unde alias est ea. Earum qui pariatur dolorum est libero qui amet. Ullam voluptatem voluptates numquam ut tempora possimus consequuntur. Mollitia sint nihil earum quia dolor.', 25, 1, 13, 1, '1', NULL, '2017-05-10 16:10:40', '2017-05-10 16:10:51'),
	(149, 'It was as steady as ever; Yet you finished the first really clever thing.', 'Voluptas molestias quaerat sit cumque beatae qui est esse. Quae quae voluptatem reiciendis pariatur. Quis voluptas totam iure repellendus. A blanditiis quas quia porro non in minus.', 16, 2, 16, 1, '1', NULL, '2017-05-10 16:10:40', '2017-05-10 16:10:51'),
	(150, 'Gryphon: \'I went to work at once crowded round her, about four inches.', 'Modi dignissimos molestiae accusamus officiis. Est officiis ad animi. Harum fuga cupiditate officiis. Omnis sit quis rem.', 11, 8, 3, 1, '1', NULL, '2017-05-10 16:10:40', '2017-05-10 16:10:51'),
	(151, 'A review for an event', 'asdasd', 26, 8, 13, 5, '1', NULL, '2017-05-15 01:02:53', '2017-05-15 01:02:53'),
	(152, 'A review for an event', '', 26, 8, 12, 2, '1', NULL, '2017-05-15 01:05:07', '2017-05-15 01:05:07'),
	(153, 'A review for an event', 'asd', 26, 8, 11, 5, '1', NULL, '2017-05-15 01:05:37', '2017-05-15 01:05:37'),
	(154, 'A review for an event', 'asd', 26, 8, 13, 2, '1', NULL, '2017-05-15 01:13:09', '2017-05-15 01:13:09'),
	(155, 'A review for an event', 'asd', 26, 8, 8, 5, '1', NULL, '2017-05-15 01:13:21', '2017-05-15 01:13:21'),
	(156, 'A review for an event', 'asd', 26, 8, 13, 2, '1', NULL, '2017-05-15 01:14:34', '2017-05-15 01:14:34'),
	(157, 'A review for an event', 'asd', 26, 8, 13, 5, '1', NULL, '2017-05-15 01:14:51', '2017-05-15 01:14:51'),
	(158, 'A review for an event', 'asd', 26, 8, 13, 2, '1', NULL, '2017-05-15 01:15:02', '2017-05-15 01:15:02'),
	(159, 'A review for an event', 'asd', 26, 8, 5, 5, '1', NULL, '2017-05-15 01:15:17', '2017-05-15 01:15:17'),
	(160, 'A review for an event', 'asd', 26, 8, 13, 2, '1', NULL, '2017-05-15 01:15:42', '2017-05-15 01:15:42'),
	(161, 'A review for an event', 'asd', 26, 8, 9, 5, '1', NULL, '2017-05-15 01:15:48', '2017-05-15 01:15:48'),
	(162, 'A review for an event', 'asd', 26, 8, 13, 2, '1', NULL, '2017-05-15 01:16:12', '2017-05-15 01:16:12'),
	(163, 'A review for an event', 'asd', 26, 8, 34, 5, '1', NULL, '2017-05-15 01:16:21', '2017-05-15 01:16:21'),
	(164, 'Gryphon: \'I went to work at once crowded round her, about four inches.', 'asd', 26, 8, 13, 2, '1', NULL, '2017-05-15 01:16:43', '2017-05-15 01:16:43'),
	(167, 'A review for an event', 'asdasdasdasdasdasdasd', 26, 28, 47, 1, '1', NULL, '2017-06-04 06:30:36', '2017-06-04 06:30:36'),
	(168, 'A review for an event', 'asdasdas', 26, 28, 47, 1, '1', NULL, '2017-06-04 06:53:33', '2017-06-04 06:53:33'),
	(169, 'A review for an event', 'asdasdas', 26, 28, 47, 1, '1', NULL, '2017-06-04 06:54:06', '2017-06-04 06:54:06'),
	(170, 'A review for an event', 'asdasdas', 26, 28, 47, 1, '1', NULL, '2017-06-04 06:54:36', '2017-06-04 06:54:36');
/*!40000 ALTER TABLE `testimonials` ENABLE KEYS */;


-- Dumping structure for table occassions_pro_db.throttle
CREATE TABLE IF NOT EXISTS `throttle` (
  `id` int(10) unsigned NOT NULL AUTO_INCREMENT,
  `user_id` int(10) unsigned DEFAULT NULL,
  `type` varchar(255) COLLATE utf8_unicode_ci NOT NULL,
  `ip` varchar(255) COLLATE utf8_unicode_ci DEFAULT NULL,
  `created_at` timestamp NULL DEFAULT NULL,
  `updated_at` timestamp NULL DEFAULT NULL,
  PRIMARY KEY (`id`),
  KEY `throttle_user_id_index` (`user_id`)
) ENGINE=InnoDB AUTO_INCREMENT=43 DEFAULT CHARSET=utf8 COLLATE=utf8_unicode_ci;

-- Dumping data for table occassions_pro_db.throttle: ~38 rows (approximately)
/*!40000 ALTER TABLE `throttle` DISABLE KEYS */;
INSERT INTO `throttle` (`id`, `user_id`, `type`, `ip`, `created_at`, `updated_at`) VALUES
	(1, NULL, 'global', NULL, '2017-05-13 17:08:42', '2017-05-13 17:08:42'),
	(2, NULL, 'ip', '127.0.0.1', '2017-05-13 17:08:42', '2017-05-13 17:08:42'),
	(3, NULL, 'global', NULL, '2017-05-13 17:08:49', '2017-05-13 17:08:49'),
	(4, NULL, 'ip', '127.0.0.1', '2017-05-13 17:08:49', '2017-05-13 17:08:49'),
	(5, NULL, 'global', NULL, '2017-05-15 09:05:57', '2017-05-15 09:05:57'),
	(6, NULL, 'ip', '127.0.0.1', '2017-05-15 09:05:57', '2017-05-15 09:05:57'),
	(7, 26, 'user', NULL, '2017-05-15 09:05:57', '2017-05-15 09:05:57'),
	(8, NULL, 'global', NULL, '2017-05-15 15:55:50', '2017-05-15 15:55:50'),
	(9, NULL, 'ip', '127.0.0.1', '2017-05-15 15:55:50', '2017-05-15 15:55:50'),
	(10, 30, 'user', NULL, '2017-05-15 15:55:50', '2017-05-15 15:55:50'),
	(11, NULL, 'global', NULL, '2017-05-15 16:00:01', '2017-05-15 16:00:01'),
	(12, NULL, 'ip', '127.0.0.1', '2017-05-15 16:00:01', '2017-05-15 16:00:01'),
	(13, 30, 'user', NULL, '2017-05-15 16:00:01', '2017-05-15 16:00:01'),
	(14, NULL, 'global', NULL, '2017-05-15 16:01:07', '2017-05-15 16:01:07'),
	(15, NULL, 'ip', '127.0.0.1', '2017-05-15 16:01:07', '2017-05-15 16:01:07'),
	(16, 30, 'user', NULL, '2017-05-15 16:01:07', '2017-05-15 16:01:07'),
	(17, NULL, 'global', NULL, '2017-05-15 16:01:58', '2017-05-15 16:01:58'),
	(18, NULL, 'ip', '127.0.0.1', '2017-05-15 16:01:59', '2017-05-15 16:01:59'),
	(19, 30, 'user', NULL, '2017-05-15 16:01:59', '2017-05-15 16:01:59'),
	(20, NULL, 'global', NULL, '2017-05-15 16:02:47', '2017-05-15 16:02:47'),
	(21, NULL, 'ip', '127.0.0.1', '2017-05-15 16:02:47', '2017-05-15 16:02:47'),
	(22, 30, 'user', NULL, '2017-05-15 16:02:47', '2017-05-15 16:02:47'),
	(23, NULL, 'global', NULL, '2017-05-15 16:09:46', '2017-05-15 16:09:46'),
	(24, NULL, 'ip', '127.0.0.1', '2017-05-15 16:09:46', '2017-05-15 16:09:46'),
	(25, 31, 'user', NULL, '2017-05-15 16:09:46', '2017-05-15 16:09:46'),
	(26, NULL, 'global', NULL, '2017-05-20 20:42:18', '2017-05-20 20:42:18'),
	(27, NULL, 'ip', '127.0.0.1', '2017-05-20 20:42:18', '2017-05-20 20:42:18'),
	(28, 26, 'user', NULL, '2017-05-20 20:42:18', '2017-05-20 20:42:18'),
	(29, NULL, 'global', NULL, '2017-05-20 20:42:23', '2017-05-20 20:42:23'),
	(30, NULL, 'ip', '127.0.0.1', '2017-05-20 20:42:23', '2017-05-20 20:42:23'),
	(31, 26, 'user', NULL, '2017-05-20 20:42:23', '2017-05-20 20:42:23'),
	(32, NULL, 'global', NULL, '2017-05-26 15:41:20', '2017-05-26 15:41:20'),
	(33, NULL, 'ip', '127.0.0.1', '2017-05-26 15:41:20', '2017-05-26 15:41:20'),
	(34, NULL, 'global', NULL, '2017-05-28 05:43:58', '2017-05-28 05:43:58'),
	(35, NULL, 'ip', '127.0.0.1', '2017-05-28 05:43:58', '2017-05-28 05:43:58'),
	(36, 27, 'user', NULL, '2017-05-28 05:43:58', '2017-05-28 05:43:58'),
	(37, NULL, 'global', NULL, '2017-05-28 05:44:03', '2017-05-28 05:44:03'),
	(38, NULL, 'ip', '127.0.0.1', '2017-05-28 05:44:04', '2017-05-28 05:44:04'),
	(39, 27, 'user', NULL, '2017-05-28 05:44:04', '2017-05-28 05:44:04'),
	(40, NULL, 'global', NULL, '2017-06-04 05:27:24', '2017-06-04 05:27:24'),
	(41, NULL, 'ip', '127.0.0.1', '2017-06-04 05:27:24', '2017-06-04 05:27:24'),
	(42, 26, 'user', NULL, '2017-06-04 05:27:24', '2017-06-04 05:27:24');
/*!40000 ALTER TABLE `throttle` ENABLE KEYS */;


-- Dumping structure for table occassions_pro_db.users
CREATE TABLE IF NOT EXISTS `users` (
  `id` int(10) unsigned NOT NULL AUTO_INCREMENT,
  `email` varchar(255) COLLATE utf8_unicode_ci NOT NULL,
  `password` varchar(255) COLLATE utf8_unicode_ci NOT NULL,
  `permissions` text COLLATE utf8_unicode_ci,
  `last_login` timestamp NULL DEFAULT NULL,
  `first_name` varchar(255) COLLATE utf8_unicode_ci DEFAULT NULL,
  `last_name` varchar(255) COLLATE utf8_unicode_ci DEFAULT NULL,
  `name` varchar(255) COLLATE utf8_unicode_ci DEFAULT NULL,
  `remember_token` varchar(100) COLLATE utf8_unicode_ci DEFAULT NULL,
  `created_at` timestamp NULL DEFAULT NULL,
  `updated_at` timestamp NULL DEFAULT NULL,
  `deleted_at` timestamp NULL DEFAULT NULL,
  `uid` varchar(255) COLLATE utf8_unicode_ci NOT NULL,
  PRIMARY KEY (`id`),
  UNIQUE KEY `users_email_unique` (`email`)
) ENGINE=InnoDB AUTO_INCREMENT=33 DEFAULT CHARSET=utf8 COLLATE=utf8_unicode_ci;

-- Dumping data for table occassions_pro_db.users: ~32 rows (approximately)
/*!40000 ALTER TABLE `users` DISABLE KEYS */;
INSERT INTO `users` (`id`, `email`, `password`, `permissions`, `last_login`, `first_name`, `last_name`, `name`, `remember_token`, `created_at`, `updated_at`, `deleted_at`, `uid`) VALUES
	(1, 'kim@happyweekend.com', '$2y$10$BsTvNPpTlSyuvXXOxXlhiedhZvgnKXtfyCMBc1Zpb71RQ3kaDCdvS', NULL, '2017-06-04 05:45:07', 'Kim', 'Maravilla', 'Kim Maravilla', NULL, '2017-05-10 16:09:16', '2017-06-04 05:45:07', NULL, ''),
	(2, 'lyra@happyweekend.com', '$2y$10$ZsVmG0v9fGOGdEfFGpFcPOvff8zejsfPX3Knc2LUbix.7XbbjH.TW', NULL, NULL, 'Lyra', 'Bona-og', 'Lyra Bona-og', NULL, '2017-05-10 16:09:17', '2017-05-10 16:09:17', NULL, ''),
	(3, 'prince@happyweekend.com', '$2y$10$VgyOJ61lADGTm75F31Ak9.Nq7CHJFiBH8FFTTiAQNfoI75FfUg0FS', NULL, NULL, 'Prince', 'Gayares', 'Prince Gayares', NULL, '2017-05-10 16:09:17', '2017-05-10 16:09:17', NULL, ''),
	(4, 'janina@happyweekend.com', '$2y$10$tmyNoXwnFUIuLWvHhT2PFu7y76xvEqwuaZKi/Ze73dgEJ9.6Ms3Ze', NULL, NULL, 'Janina', 'Diesta', 'Janina Diesta', NULL, '2017-05-10 16:09:18', '2017-05-10 16:09:18', NULL, ''),
	(5, 'gidz@happyweekend.com', '$2y$10$6xjYeUIwBKuJPohgshYXAe1Ci8vK4ZA7DysEUalIEDRnz98bBWN8.', NULL, NULL, 'Gidz', 'Rivas', 'Gidz Rivas', NULL, '2017-05-10 16:09:18', '2017-05-10 16:09:18', NULL, ''),
	(6, 'admin@happyweekend.com', '$2y$10$ogxS72vYex812TkN0QpDzuk6o1xZCTMagTFmcvVeXtAG4VIqpcM7a', NULL, '2017-05-15 16:36:01', 'Admin', 'Admin', 'Admin Admin', NULL, '2017-05-10 16:09:18', '2017-05-15 16:36:01', NULL, ''),
	(7, 'developer@happyweekend.com', '$2y$10$ma3dqiEAx/7ujlVEv/vS5e3VcAWO8fP.37UzOgd9y3uGZz0QOxrEi', NULL, NULL, 'Happy', 'Developer', 'Happy Developer', NULL, '2017-05-10 16:09:19', '2017-05-10 16:09:19', NULL, ''),
	(8, 'aboyer@example.net', '$2y$10$XT58uyS2wYP6uKBG3niNH.5PRTglMkCbJ5XUbb8Bb1TMu.OW8hvKq', '{"professional":true}', NULL, 'Nolan', 'McCullough', 'Bennie Osinski', NULL, '2017-05-10 16:09:21', '2017-05-10 16:09:21', NULL, ''),
	(9, 'hand.eve@example.org', '$2y$10$EL4QegXOX94WV5pxc4LDI.otNnWEqPyQNsQo3ivGlYz.7IUsXHsc.', '{"professional":true}', '2017-05-15 12:48:08', 'Claire', 'Pfeffer', 'Abel Hickle', NULL, '2017-05-10 16:09:21', '2017-05-15 12:48:08', NULL, ''),
	(10, 'bbartell@example.net', '$2y$10$kIXev.6JIt1/bbpa9JRhSO3eUVo0ZUwx0QBb1O4Yds1ieO0Psx8jm', '{"client":true}', NULL, 'Hal', 'Watsica', 'Robbie Ebert', NULL, '2017-05-10 16:09:21', '2017-05-10 16:09:21', NULL, ''),
	(11, 'dach.lisette@example.org', '$2y$10$irNWfaxNd9uvdCXHKNNPVO147GIi14lH97f7Nl01SCOQiY6Iim4Ui', '{"professional":true}', NULL, 'Golden', 'Kutch', 'Madilyn Gerhold', NULL, '2017-05-10 16:09:21', '2017-05-10 16:09:21', NULL, ''),
	(12, 'mallory.schroeder@example.net', '$2y$10$BWU20KrN/p9PbhUtY31ARe/PLolUBt7YU6B2CD.zT7pz/RqAU.8SW', '{"client":true}', NULL, 'Gerard', 'Brakus', 'Savion Mohr', NULL, '2017-05-10 16:09:21', '2017-05-10 16:09:21', NULL, ''),
	(13, 'ellen.lockman@example.com', '$2y$10$QvUs/EmMeTuW1ynIDlc2gexqFtnOyN1X3Iu.YTBkaLvYQQ/bmUyPW', '{"client":true}', NULL, 'Greg', 'Pfannerstill', 'Alisa Johns', NULL, '2017-05-10 16:09:21', '2017-05-10 16:09:21', NULL, ''),
	(14, 'violette01@example.net', '$2y$10$eYBnQPluLVaPA/h5SLGm0.6djNN9m4aOUnD.DfnCdst5AXgZWhxQG', '{"client":true}', NULL, 'Carroll', 'Harris', 'Maida Murray', NULL, '2017-05-10 16:09:21', '2017-05-10 16:09:21', NULL, ''),
	(15, 'fspinka@example.org', '$2y$10$BfOMj3e0mmdB/WIXcYU7N.5ci2MeJFmnsFD3ZyUN2mgYg4.GCT.vm', '{"professional":true}', NULL, 'Cecil', 'Krajcik', 'Tremaine Kunde', NULL, '2017-05-10 16:09:21', '2017-05-10 16:09:21', NULL, ''),
	(16, 'hoppe.anna@example.net', '$2y$10$UrGJMvkWP5H8QbkR8TEbXeMx.M7U3J0fWcJ.Yo6bzeDEQ4NIoM6Tm', '{"professional":true}', NULL, 'Ophelia', 'Zulauf', 'Thomas Torphy', NULL, '2017-05-10 16:09:21', '2017-05-10 16:09:21', NULL, ''),
	(17, 'henri.kertzmann@example.com', '$2y$10$pFFwWxAtZdai2CIteNGfa.vjwTtDLo66HXVm7xDwMp5SOyzsk8LYm', '{"client":true}', NULL, 'Bethany', 'Robel', 'Alex Stracke', NULL, '2017-05-10 16:09:21', '2017-05-10 16:09:21', NULL, ''),
	(18, 'malachi.schumm@example.com', '$2y$10$VXCE0NV6zkyFsrEJRsruGeGMIJg5SzmirzZCvnlJb.txNOix9dI3W', '{"professional":true}', NULL, 'Franz', 'Murray', 'Wava Ruecker', NULL, '2017-05-10 16:09:21', '2017-05-10 16:09:21', NULL, ''),
	(19, 'claudie29@example.org', '$2y$10$ERBj1Uid2XiEaCVqeMbf6u4EaCT.NM5fiTA5of5c2UGoCaj/zae5e', '{"professional":true}', NULL, 'Brice', 'Casper', 'Rogers Morar', NULL, '2017-05-10 16:09:21', '2017-05-10 16:09:21', NULL, ''),
	(20, 'brock15@example.com', '$2y$10$l6VwQpguegRyqKj7CNDQfu38QVNUX3jBqfMCujq1OVFXYmzeLO1KC', '{"professional":true}', NULL, 'Solon', 'Steuber', 'Rosie Hoeger', NULL, '2017-05-10 16:09:21', '2017-05-10 16:09:21', NULL, ''),
	(21, 'alejandrin93@example.com', '$2y$10$TMG1VrKzuUe5BrmdrmNkf.DYMC1aAFg2xpt2VSajKqjNMrNI2rt6m', '{"client":true}', '2017-06-02 13:12:23', 'Darrick', 'Feil', 'Toney Baumbach', NULL, '2017-05-10 16:09:21', '2017-06-02 13:12:23', NULL, ''),
	(22, 'francisco14@example.com', '$2y$10$vbdcisuwMb1.HixKj.dOdug5STpGZiQvuEIEJv4A2naXTrgnbxe.W', '{"client":true}', NULL, 'Clinton', 'Bayer', 'Urban O\'Hara', NULL, '2017-05-10 16:09:22', '2017-05-10 16:09:22', NULL, ''),
	(23, 'abernathy.dianna@example.com', '$2y$10$1WqFHXjv2m6hq.W6ALZqWOF.gsHYtdbCFx0q76k5QMg/8bllzvhR6', '{"client":true}', NULL, 'Macie', 'Langosh', 'Denis Grady', NULL, '2017-05-10 16:09:22', '2017-05-10 16:09:22', NULL, ''),
	(24, 'hauck.raegan@example.org', '$2y$10$VJDtpIErfdtI0VBlQinTmu4mRjKLUkQE0qBpow/rviLCQN0E2lAA6', '{"client":true}', '2017-06-02 14:29:36', 'Daron', 'Heller', 'Morris Nienow', NULL, '2017-05-10 16:09:22', '2017-06-02 14:29:36', NULL, ''),
	(25, 'echamplin@example.org', '$2y$10$6V0fujuUJNiwX2QejOLwMe58KKbM2DrJknk0wE5FiDg4oiJ0Dza3.', '{"professional":true}', '2017-06-04 05:26:59', 'Alberta', 'Monahan', 'Salma Altenwerth', NULL, '2017-05-10 16:09:22', '2017-06-04 05:26:59', NULL, ''),
	(26, 'stark.chauncey@example.com', '$2y$10$KaKHNcwuhe/Bj019ZvD38OU8y45/GtzU1i8q5kGI6931XKJiPgwX.', '{"client":true}', '2017-06-04 05:27:28', 'Tess', 'Parker', 'Audie Donnelly', NULL, '2017-05-10 16:09:22', '2017-06-04 05:27:28', NULL, ''),
	(27, 'gschuster@example.org', '$2y$10$6V0fujuUJNiwX2QejOLwMe58KKbM2DrJknk0wE5FiDg4oiJ0Dza3.', '{"client":true}', '2017-05-28 05:44:13', 'Veronica', 'Jones', 'Karlie Reynolds', NULL, '2017-05-10 16:09:22', '2017-05-28 05:44:13', NULL, ''),
	(28, 'kmaravilla+123@enee.com.au', '$2y$10$55RhugdXptzXkhmcoFRoXuDZ7u106wArBeKxR0QxtHOlt2zcWyYqC', '{"professional":true}', '2017-06-04 05:49:44', 'Taya 1', 'T', 'Taya 1 T', NULL, '2017-05-12 17:02:49', '2017-06-04 05:49:44', NULL, ''),
	(29, 'kimluari+admin@gmail.com', '$2y$10$45CxLcYEPEfqMYTC1OxFj.sbNrloJs0i1HBOmHRNwXstd/sIDoV1.', '{"admin":true}', NULL, 'Kim', 'Maravilla', NULL, NULL, '2017-05-15 15:54:56', '2017-05-15 15:54:56', NULL, ''),
	(30, 'kimluari+admin2@gmail.com', '$2y$10$55RhugdXptzXkhmcoFRoXuDZ7u106wArBeKxR0QxtHOlt2zcWyYqC', '{"admin":true}', '2017-05-15 16:03:47', 'Kim', 'Maravilla', NULL, NULL, '2017-05-15 15:55:32', '2017-05-15 16:03:47', NULL, ''),
	(31, 'kimluari+admin3@gmail.com', '$2y$10$dmWN.krBDtewOO9R5xTeJe3SqiMPkjm1OugO942jMA62IITj4J6sy', NULL, NULL, 'Kim', 'Maravilla', NULL, NULL, '2017-05-15 16:09:37', '2017-05-15 16:09:37', NULL, ''),
	(32, 'kimluari+admin4@gmail.com', '$2y$10$6MevoyjK/XVyqQFc9z9Wg.LLxCtbS7LUunk/JfnnQArJT/xpyF9sa', NULL, '2017-05-15 16:12:12', 'Kim', 'Maravilla', NULL, NULL, '2017-05-15 16:12:05', '2017-05-15 16:12:12', NULL, '');
/*!40000 ALTER TABLE `users` ENABLE KEYS */;


-- Dumping structure for table occassions_pro_db.user_membership
CREATE TABLE IF NOT EXISTS `user_membership` (
  `id` int(10) unsigned NOT NULL AUTO_INCREMENT,
  `user_id` int(11) NOT NULL,
  `options` text COLLATE utf8_unicode_ci,
  `created_at` timestamp NULL DEFAULT NULL,
  `updated_at` timestamp NULL DEFAULT NULL,
  `deleted_at` timestamp NULL DEFAULT NULL,
  PRIMARY KEY (`id`)
) ENGINE=InnoDB AUTO_INCREMENT=3 DEFAULT CHARSET=utf8 COLLATE=utf8_unicode_ci;

-- Dumping data for table occassions_pro_db.user_membership: ~1 rows (approximately)
/*!40000 ALTER TABLE `user_membership` DISABLE KEYS */;
INSERT INTO `user_membership` (`id`, `user_id`, `options`, `created_at`, `updated_at`, `deleted_at`) VALUES
	(2, 28, '{"title":"Silver","max_bid":13,"max_bid_remaining":3,"max_categories":13,"max_categories_remaining":12,"max_travel_distance":200,"max_audio":6,"max_audio_remaining":6,"max_video":6,"max_video_remaining":6,"max_photos":40,"max_photos_remaining":40,"prices":{"monthly":{"amount":39.99},"quaterly":{"amount":110},"half_quaterly":{"amount":199}}}', '2017-06-03 17:55:21', '2017-06-04 07:01:34', NULL);
/*!40000 ALTER TABLE `user_membership` ENABLE KEYS */;


-- Dumping structure for table occassions_pro_db.user_settings
CREATE TABLE IF NOT EXISTS `user_settings` (
  `id` int(10) unsigned NOT NULL AUTO_INCREMENT,
  `user_id` int(11) NOT NULL,
  `type` varchar(255) COLLATE utf8_unicode_ci NOT NULL,
  `name` varchar(255) COLLATE utf8_unicode_ci NOT NULL,
  `value` varchar(255) COLLATE utf8_unicode_ci DEFAULT NULL,
  `created_at` timestamp NULL DEFAULT NULL,
  `updated_at` timestamp NULL DEFAULT NULL,
  `deleted_at` timestamp NULL DEFAULT NULL,
  PRIMARY KEY (`id`)
) ENGINE=InnoDB AUTO_INCREMENT=5 DEFAULT CHARSET=utf8 COLLATE=utf8_unicode_ci;

-- Dumping data for table occassions_pro_db.user_settings: ~4 rows (approximately)
/*!40000 ALTER TABLE `user_settings` DISABLE KEYS */;
INSERT INTO `user_settings` (`id`, `user_id`, `type`, `name`, `value`, `created_at`, `updated_at`, `deleted_at`) VALUES
	(1, 28, 'notification_settings', 'receive_important_account_alerts', '1', '2017-05-12 17:02:50', '2017-06-02 05:09:18', NULL),
	(2, 28, 'notification_settings', 'receive_lead_and_booking_alers', '1', '2017-05-12 17:02:50', '2017-06-02 05:09:18', NULL),
	(3, 28, 'notification_settings', 'receive_notifications_for_new_clients', '1', '2017-05-12 17:02:50', '2017-06-02 05:09:18', NULL),
	(4, 28, 'notification_settings', 'receiving_email', 'kmaravilla+123@enee.com.au', '2017-05-12 17:02:50', '2017-06-02 05:09:18', NULL);
/*!40000 ALTER TABLE `user_settings` ENABLE KEYS */;
/*!40101 SET SQL_MODE=IFNULL(@OLD_SQL_MODE, '') */;
/*!40014 SET FOREIGN_KEY_CHECKS=IF(@OLD_FOREIGN_KEY_CHECKS IS NULL, 1, @OLD_FOREIGN_KEY_CHECKS) */;
/*!40101 SET CHARACTER_SET_CLIENT=@OLD_CHARACTER_SET_CLIENT */;
