-- --------------------------------------------------------
-- Host:                         127.0.0.1
-- Server version:               10.1.16-MariaDB - mariadb.org binary distribution
-- Server OS:                    Win32
-- HeidiSQL Version:             9.3.0.4984
-- --------------------------------------------------------

/*!40101 SET @OLD_CHARACTER_SET_CLIENT=@@CHARACTER_SET_CLIENT */;
/*!40101 SET NAMES utf8mb4 */;
/*!40014 SET @OLD_FOREIGN_KEY_CHECKS=@@FOREIGN_KEY_CHECKS, FOREIGN_KEY_CHECKS=0 */;
/*!40101 SET @OLD_SQL_MODE=@@SQL_MODE, SQL_MODE='NO_AUTO_VALUE_ON_ZERO' */;

-- Dumping structure for table occassions_pro_db.activations
CREATE TABLE IF NOT EXISTS `activations` (
  `id` int(10) unsigned NOT NULL AUTO_INCREMENT,
  `user_id` int(10) unsigned NOT NULL,
  `code` varchar(255) COLLATE utf8_unicode_ci NOT NULL,
  `completed` tinyint(1) NOT NULL DEFAULT '0',
  `completed_at` timestamp NULL DEFAULT NULL,
  `created_at` timestamp NULL DEFAULT NULL,
  `updated_at` timestamp NULL DEFAULT NULL,
  PRIMARY KEY (`id`)
) ENGINE=InnoDB AUTO_INCREMENT=29 DEFAULT CHARSET=utf8 COLLATE=utf8_unicode_ci;

-- Dumping data for table occassions_pro_db.activations: ~30 rows (approximately)
/*!40000 ALTER TABLE `activations` DISABLE KEYS */;
INSERT INTO `activations` (`id`, `user_id`, `code`, `completed`, `completed_at`, `created_at`, `updated_at`) VALUES
	(1, 1, 'NBe2nnVVMZI2XA994Zk0N9m46ZAO19IY', 1, '2017-04-15 16:59:28', '2017-04-15 16:59:28', '2017-04-15 16:59:28'),
	(2, 2, 'f07ZXmUGmdGvt4bBeF4gxlj90xzVuJTA', 1, '2017-04-15 16:59:29', '2017-04-15 16:59:29', '2017-04-15 16:59:29'),
	(3, 3, '4CEn83wDiAKFCqDR1Wsc0kUW3bgwQudd', 1, '2017-04-15 16:59:30', '2017-04-15 16:59:30', '2017-04-15 16:59:30'),
	(4, 4, 'ULcw4af8t30fmlq8qww7AOHyF55Cb87I', 1, '2017-04-15 16:59:30', '2017-04-15 16:59:30', '2017-04-15 16:59:30'),
	(5, 5, 'pihoMN0arNJEmBUdSgv4eDtSoEbrcmux', 1, '2017-04-15 16:59:31', '2017-04-15 16:59:31', '2017-04-15 16:59:31'),
	(6, 6, 'ThgsHsm1eQOqSDTGuQpnM2QBO6UmjYWs', 1, '2017-04-15 16:59:32', '2017-04-15 16:59:32', '2017-04-15 16:59:32'),
	(7, 7, 'jlcCW6kcG1wapwylP9JVQ34EGCHJqtlg', 1, '2017-04-15 16:59:32', '2017-04-15 16:59:32', '2017-04-15 16:59:32'),
	(8, 8, 'KfhsOBm6oBy9e1DwiQSVmfW84ZKNLOeV', 1, NULL, '2017-04-15 16:59:44', '2017-04-15 16:59:45'),
	(9, 9, '6W5rjMYYj1ec3dQWKmg9MUq9EJKE9gwW', 1, NULL, '2017-04-15 16:59:49', '2017-04-15 16:59:49'),
	(10, 10, 'W626CcJnyt7fxcWFaYZMSfJ2zrNvEmQe', 1, NULL, '2017-04-15 16:59:52', '2017-04-15 16:59:52'),
	(11, 11, 'uwKIryJaq6OdlKs2J0c0LKhznX5aKIkW', 1, NULL, '2017-04-15 16:59:53', '2017-04-15 16:59:53'),
	(12, 12, 'J5UnVMzUFjCjN6YAuBooaWuMiGw1quKf', 1, NULL, '2017-04-15 16:59:54', '2017-04-15 16:59:54'),
	(13, 13, 'yfkfoEtlm6KDZEIEmgx4NrI6ZNxBygf1', 1, NULL, '2017-04-15 16:59:55', '2017-04-15 16:59:55'),
	(14, 14, 'nCNEVtmrKLXxFebwSegHsvTphSMSMadf', 1, NULL, '2017-04-15 16:59:55', '2017-04-15 16:59:55'),
	(15, 15, 'RJYNstzjobeLErsXnUMGsjeSvMx1RvlW', 1, NULL, '2017-04-15 16:59:56', '2017-04-15 16:59:56'),
	(16, 16, '385I4ZgnJ5bWG7V1wON9CJcFGOR5rvpg', 1, NULL, '2017-04-15 16:59:56', '2017-04-15 16:59:57'),
	(17, 17, 'CEThRteq1a5xfXldq5L0HJ1FnV2hmoTg', 1, NULL, '2017-04-15 16:59:57', '2017-04-15 16:59:57'),
	(18, 18, 'BpxtB8sTRR6GYzdQyIB2eDPgQAgoNN3w', 1, NULL, '2017-04-15 16:59:58', '2017-04-15 16:59:58'),
	(19, 19, 'wJib9p00gaVxbZpkDvT0cACtrCYH8bmt', 1, NULL, '2017-04-15 16:59:58', '2017-04-15 16:59:58'),
	(20, 20, 'p2b3U8bd29W6kDfP6hTaMnVWuI0wL6Sz', 1, NULL, '2017-04-15 16:59:59', '2017-04-15 16:59:59'),
	(21, 21, '3fCBhhcg7uM3i3oqwK5skxHe8DyHEfHn', 1, NULL, '2017-04-15 16:59:59', '2017-04-15 17:00:00'),
	(22, 22, 'IxRnTlzmGSOCY3Y3QbrMP8qflvdPJvZv', 1, NULL, '2017-04-15 17:00:00', '2017-04-15 17:00:00'),
	(23, 23, 'WFMAzKu8R3y4C2XNVj1bEsmr3ek6lOWb', 1, NULL, '2017-04-15 17:00:00', '2017-04-15 17:00:00'),
	(24, 24, 'XgQsqS85X2ZiEwLJeZavbqQKkGk0MPrs', 1, NULL, '2017-04-15 17:00:01', '2017-04-15 17:00:01'),
	(25, 25, 'iJ148y7nE8l9Q1di4YZIUlUIusYMUQv6', 1, NULL, '2017-04-15 17:00:02', '2017-04-15 17:00:02'),
	(26, 26, 'kvMZch2zoswdg521vJ8coCuHhWzLxsXs', 1, NULL, '2017-04-15 17:00:02', '2017-04-15 17:00:03'),
	(27, 27, 'nf9emFQ9r4ImNo0GcS2kBqNXVy98C73h', 1, NULL, '2017-04-15 17:00:03', '2017-04-15 17:00:04'),
	(28, 28, 'zlygxFyOSqfbS4Z56EWSTzBRGz1oTDV9', 1, '2017-04-15 17:10:45', '2017-04-15 17:10:45', '2017-04-15 17:10:45');
/*!40000 ALTER TABLE `activations` ENABLE KEYS */;


-- Dumping structure for table occassions_pro_db.blog_posts
CREATE TABLE IF NOT EXISTS `blog_posts` (
  `id` int(10) unsigned NOT NULL AUTO_INCREMENT,
  `uuid` char(36) COLLATE utf8_unicode_ci NOT NULL,
  `title` varchar(255) COLLATE utf8_unicode_ci NOT NULL,
  `slug` varchar(255) COLLATE utf8_unicode_ci NOT NULL,
  `featured_image` varchar(255) COLLATE utf8_unicode_ci DEFAULT NULL,
  `content` text COLLATE utf8_unicode_ci,
  `status` enum('0','1','2') COLLATE utf8_unicode_ci NOT NULL,
  `created_by` int(11) NOT NULL,
  `deleted_at` timestamp NULL DEFAULT NULL,
  `created_at` timestamp NULL DEFAULT NULL,
  `updated_at` timestamp NULL DEFAULT NULL,
  PRIMARY KEY (`id`),
  UNIQUE KEY `blog_posts_slug_unique` (`slug`)
) ENGINE=InnoDB AUTO_INCREMENT=26 DEFAULT CHARSET=utf8 COLLATE=utf8_unicode_ci;

-- Dumping data for table occassions_pro_db.blog_posts: ~25 rows (approximately)
/*!40000 ALTER TABLE `blog_posts` DISABLE KEYS */;
INSERT INTO `blog_posts` (`id`, `uuid`, `title`, `slug`, `featured_image`, `content`, `status`, `created_by`, `deleted_at`, `created_at`, `updated_at`) VALUES
	(1, 'd18a5947-34ff-384d-979c-8d574b0bd6cc', 'Queen, stamping on the top with its arms and frowning at the flowers and.', 'delectus-dignissimos-ut-ducimus', '/storage/uploads/blog-posts/d9415ec3703c4084a5e276d7f684603a.jpeg', 'Voluptates id deleniti fuga. Voluptatem mollitia omnis iusto nam dolores esse quisquam. Natus dolore quia iure officia est alias quo.', '1', 1, NULL, '2017-04-15 17:00:05', '2017-04-15 17:00:05'),
	(2, '76558cea-da8b-3894-bb23-18d64e68daf1', 'I to do it.\' (And, as you go on? It\'s by far the most confusing thing I.', 'voluptatem-quas-a-eligendi-quia-qui', '/storage/uploads/blog-posts/d9415ec3703c4084a5e276d7f684603a.jpeg', 'Voluptatem magni reprehenderit inventore rerum est minima non. Ipsam nulla dolorum magni sed illum. Molestiae corporis molestiae enim eaque eos. Placeat ut porro blanditiis minus.', '1', 1, NULL, '2017-04-15 17:00:05', '2017-04-15 17:00:05'),
	(3, '62079d1b-24e9-3c41-a2f1-e494ad3a8275', 'Mabel, for I know THAT well enough; don\'t be nervous, or I\'ll have you.', 'voluptates-minima-explicabo-voluptas-exercitationem-voluptatibus', '/storage/uploads/blog-posts/d9415ec3703c4084a5e276d7f684603a.jpeg', 'Expedita rerum velit eius aut labore eos. Nihil voluptatem repudiandae omnis sed magnam accusamus. Dolor qui nihil quia dolore. Eum ratione ut sunt laudantium aut fugiat.', '1', 1, NULL, '2017-04-15 17:00:05', '2017-04-15 17:00:05'),
	(4, '2612fc69-24bb-36ce-bd16-37f03b80ffc3', 'I shall have some fun now!\' thought Alice. \'I mean what I used to know..', 'dolor-labore-iure-nisi-cupiditate-rem', '/storage/uploads/blog-posts/d9415ec3703c4084a5e276d7f684603a.jpeg', 'In et eligendi cumque asperiores. Consequatur autem cumque labore. Enim quam repellendus qui aliquam voluptas placeat expedita voluptatibus.', '1', 1, NULL, '2017-04-15 17:00:06', '2017-04-15 17:00:06'),
	(5, '40c2a05a-9568-3ba8-a846-024facae1ca3', 'Cat remarked. \'Don\'t be impertinent,\' said the Duchess. \'I make you grow.', 'provident-quia-delectus-a-ipsum-rerum-nihil', '/storage/uploads/blog-posts/d9415ec3703c4084a5e276d7f684603a.jpeg', 'Qui aspernatur illum sint ipsa. Voluptates debitis voluptas consequatur dolorem. Iste vitae eveniet et ut. Sint laboriosam magnam aut non.', '1', 1, NULL, '2017-04-15 17:00:06', '2017-04-15 17:00:06'),
	(6, 'a027dbb9-9a80-3aba-ab19-cb3c1efa0b60', 'Gryphon. \'We can do no more, whatever happens. What WILL become of me?\'.', 'cupiditate-incidunt-laudantium-corrupti-eos-adipisci-error-aspernatur', '/storage/uploads/blog-posts/d9415ec3703c4084a5e276d7f684603a.jpeg', 'Illo magnam occaecati in et. Consequuntur ipsum blanditiis quia autem quisquam. Quod dolor magni eaque odit enim.', '1', 1, NULL, '2017-04-15 17:00:06', '2017-04-15 17:00:06'),
	(7, '1f1896c6-9375-3aea-b394-7b102ecf8ae5', 'Mouse, who was sitting next to no toys to play croquet.\' Then they both.', 'alias-est-unde-quia-magni-et', '/storage/uploads/blog-posts/d9415ec3703c4084a5e276d7f684603a.jpeg', 'Ratione alias expedita quis est. Numquam mollitia dolores commodi eius. Dolor et consectetur fugiat.', '1', 1, NULL, '2017-04-15 17:00:06', '2017-04-15 17:00:06'),
	(8, 'bd608d76-5663-37e6-9f3a-6c62af4cb5dd', 'Duchess: \'and the moral of that is--"The more there is of finding morals.', 'earum-officiis-a-non-sed', '/storage/uploads/blog-posts/d9415ec3703c4084a5e276d7f684603a.jpeg', 'Provident voluptatem qui a sed. Laborum consequatur velit pariatur. Beatae quod magnam sunt laboriosam cupiditate.', '1', 1, NULL, '2017-04-15 17:00:06', '2017-04-15 17:00:06'),
	(9, 'cfdaba09-8714-36c3-bf28-9e9df000b117', 'Hatter, and he hurried off. Alice thought she had looked under it, and.', 'autem-harum-iste-magnam-dolorum-qui-non', '/storage/uploads/blog-posts/d9415ec3703c4084a5e276d7f684603a.jpeg', 'Id voluptate asperiores quidem quo natus natus unde quia. Unde molestiae facilis placeat reprehenderit optio amet vel vel. Magnam ut odit omnis impedit minima possimus.', '1', 1, NULL, '2017-04-15 17:00:06', '2017-04-15 17:00:06'),
	(10, '8d0c9586-7cb4-364a-9c99-83b18ff1a6bf', 'So she sat down a jar from one foot to the table, but there were any.', 'pariatur-eveniet-et-facere', '/storage/uploads/blog-posts/d9415ec3703c4084a5e276d7f684603a.jpeg', 'Dolores esse in dicta. Ullam dolores et ut consequatur adipisci et delectus. Harum et rem voluptatum aperiam labore repellendus. Reprehenderit ut rerum aperiam sapiente et.', '1', 1, NULL, '2017-04-15 17:00:06', '2017-04-15 17:00:06'),
	(11, '8d169914-2f30-3225-a9ba-fc83b649f35a', 'I can\'t tell you how it was just saying to herself how she was playing.', 'qui-sequi-sunt-inventore-quas-dicta', '/storage/uploads/blog-posts/d9415ec3703c4084a5e276d7f684603a.jpeg', 'Nihil animi iusto ab amet. Ea explicabo perferendis itaque voluptatem velit dignissimos vel. Nesciunt itaque voluptas molestiae illum ut.', '1', 1, NULL, '2017-04-15 17:00:06', '2017-04-15 17:00:06'),
	(12, '47c99fd0-3e1f-3a02-a8a7-9e27c6630e6c', 'Alice, always ready to play croquet with the strange creatures of her own.', 'quis-repudiandae-porro-quia', '/storage/uploads/blog-posts/d9415ec3703c4084a5e276d7f684603a.jpeg', 'Numquam itaque eum deleniti unde officia. Hic asperiores ut nihil. Atque praesentium error corrupti aliquam. Voluptatem ex aperiam autem quia facilis dignissimos sint.', '1', 1, NULL, '2017-04-15 17:00:06', '2017-04-15 17:00:06'),
	(13, 'd5949f5f-81d4-3c9e-8c0c-48c6fd7f0495', 'Alice. \'It must have got into the open air. \'IF I don\'t know,\' he went.', 'quis-est-dolor-enim-maxime-tempora-vel-tenetur', '/storage/uploads/blog-posts/d9415ec3703c4084a5e276d7f684603a.jpeg', 'Voluptate aut aperiam ut. Ad sed omnis dolore pariatur. Et aperiam suscipit repudiandae quia sit aperiam ex et. Ut et iste blanditiis sapiente.', '1', 1, NULL, '2017-04-15 17:00:06', '2017-04-15 17:00:06'),
	(14, '154a6e44-3e63-3e07-86fb-4cc1bee58073', 'Let me see: four times five is twelve, and four times five is twelve, and.', 'quia-optio-sit-et-quibusdam-sit-voluptate', '/storage/uploads/blog-posts/d9415ec3703c4084a5e276d7f684603a.jpeg', 'Ut autem aut omnis qui quas qui aliquam. Quos necessitatibus nostrum nam magni. Soluta aut sit nemo omnis. Placeat molestiae laborum nemo quas in.', '1', 1, NULL, '2017-04-15 17:00:06', '2017-04-15 17:00:06'),
	(15, '017bfded-f294-3d48-8b72-4ef6622af627', 'Alice. \'I\'ve read that in the act of crawling away: besides all this,.', 'quis-cumque-officia-accusamus-at-quia-laudantium-doloribus-quod', '/storage/uploads/blog-posts/d9415ec3703c4084a5e276d7f684603a.jpeg', 'Blanditiis architecto ut blanditiis earum minima. Eos eius aut aliquam quibusdam et. Expedita laboriosam sunt dolore.', '1', 1, NULL, '2017-04-15 17:00:07', '2017-04-15 17:00:07'),
	(16, '1e263769-e904-3757-91ef-9d7fcc85d19d', 'King looked anxiously at the window.\' \'THAT you won\'t\' thought Alice, and.', 'sed-maxime-asperiores-cumque-debitis-quisquam-deserunt-corporis-cum', '/storage/uploads/blog-posts/d9415ec3703c4084a5e276d7f684603a.jpeg', 'Earum amet ad earum ut occaecati accusantium voluptas. Possimus eius quis excepturi voluptatem architecto est ut odit. Qui possimus deleniti sunt totam esse ipsam mollitia ab. Rem sed impedit id ab.', '1', 1, NULL, '2017-04-15 17:00:07', '2017-04-15 17:00:07'),
	(17, 'a7d3b14b-fcd0-334d-a847-3c64e3610876', 'Rabbit angrily. \'Here! Come and help me out of its mouth, and addressed.', 'voluptates-ut-corporis-eius-ex', '/storage/uploads/blog-posts/d9415ec3703c4084a5e276d7f684603a.jpeg', 'Optio sed quidem omnis eius suscipit aut earum magnam. Alias esse architecto rerum cum provident sint esse. Temporibus sapiente nam corrupti est.', '1', 1, NULL, '2017-04-15 17:00:07', '2017-04-15 17:00:07'),
	(18, 'f2d4570b-973c-3500-890d-1d6687757b3b', 'Alice, who always took a minute or two. \'They couldn\'t have done that?\'.', 'unde-non-nemo-est', '/storage/uploads/blog-posts/d9415ec3703c4084a5e276d7f684603a.jpeg', 'Quidem voluptas at sequi placeat perspiciatis. Enim molestiae et minus hic et. Facilis beatae magni quisquam et similique porro. Qui ea dolorum reprehenderit.', '1', 1, NULL, '2017-04-15 17:00:07', '2017-04-15 17:00:07'),
	(19, '1594cc73-5fd9-3a6f-8818-68a517fd9e7f', 'Alice looked very anxiously into its eyes again, to see if she were.', 'iusto-aut-mollitia-officiis-est', '/storage/uploads/blog-posts/d9415ec3703c4084a5e276d7f684603a.jpeg', 'Natus est excepturi sed sapiente et odio delectus distinctio. Voluptatem dolorem delectus facilis delectus fugiat velit odio sed.', '1', 1, NULL, '2017-04-15 17:00:07', '2017-04-15 17:00:07'),
	(20, 'f814664d-4ced-3db1-82f2-516d42d40b82', 'She was close behind it when she was walking hand in hand, in couples:.', 'voluptas-debitis-dolor-dolorum-eligendi-ab', '/storage/uploads/blog-posts/d9415ec3703c4084a5e276d7f684603a.jpeg', 'Iste eius explicabo velit sapiente. Velit aspernatur quo in et sed voluptates. Consequatur ex rerum provident distinctio amet reiciendis.', '1', 1, NULL, '2017-04-15 17:00:07', '2017-04-15 17:00:07'),
	(21, '11d593af-3145-3e44-84a3-7cdd0df91ae5', 'Mock Turtle, suddenly dropping his voice; and Alice was not going to turn.', 'velit-ut-velit-voluptas-est-sunt-doloremque', '/storage/uploads/blog-posts/d9415ec3703c4084a5e276d7f684603a.jpeg', 'Repudiandae mollitia ratione neque voluptatem ex. Quia consequuntur non dolores exercitationem alias commodi voluptatibus. Ratione magnam accusamus quas ab.', '1', 1, NULL, '2017-04-15 17:00:07', '2017-04-15 17:00:07'),
	(22, '29d176a2-58b6-3332-99fa-2316a9aa1c7d', 'Would not, could not, would not open any of them. However, on the hearth.', 'est-molestiae-voluptatibus-sed-quia', '/storage/uploads/blog-posts/d9415ec3703c4084a5e276d7f684603a.jpeg', 'Eius molestiae expedita numquam quibusdam est corporis totam. In mollitia modi provident sapiente sit nihil iusto. Eos natus voluptatem illum.', '1', 1, NULL, '2017-04-15 17:00:07', '2017-04-15 17:00:07'),
	(23, '71241ff1-f8b0-34e1-abcb-bc136408921e', 'Gryphon, \'that they WOULD put their heads down and cried. \'Come, there\'s.', 'enim-autem-ut-quidem-error', '/storage/uploads/blog-posts/d9415ec3703c4084a5e276d7f684603a.jpeg', 'Repellat aut eos beatae quasi sit non. Quos fugiat nam molestias aut eos magnam omnis. Aut accusamus deleniti rerum omnis quisquam. Quis sit fuga sunt eligendi doloribus.', '1', 1, NULL, '2017-04-15 17:00:07', '2017-04-15 17:00:07'),
	(24, '5df8b30a-4489-3ec7-820c-d6683c5ab0c9', 'I had to sing this:-- \'Beautiful Soup, so rich and green, Waiting in a.', 'ut-quam-nisi-a-porro', '/storage/uploads/blog-posts/d9415ec3703c4084a5e276d7f684603a.jpeg', 'Voluptate ipsum praesentium ipsam ut voluptatem autem. Quis molestiae earum expedita vitae molestiae eum. Sed et voluptatem sunt.', '1', 1, NULL, '2017-04-15 17:00:07', '2017-04-15 17:00:07'),
	(25, '2e4b3bfb-5714-32a0-9c70-1ee8824389dd', 'I should think it so quickly that the pebbles were all ornamented with.', 'sunt-tenetur-velit-est-consequatur-facere-occaecati-sint', '/storage/uploads/blog-posts/d9415ec3703c4084a5e276d7f684603a.jpeg', 'Quis eveniet doloremque nobis hic unde exercitationem iure. Quo molestias sint dolore et nesciunt ipsam. Ad eum minus eum esse laboriosam. Eaque qui necessitatibus rem.', '1', 1, NULL, '2017-04-15 17:00:07', '2017-04-15 17:00:07');
/*!40000 ALTER TABLE `blog_posts` ENABLE KEYS */;


-- Dumping structure for table occassions_pro_db.events_bids
CREATE TABLE IF NOT EXISTS `events_bids` (
  `id` int(10) unsigned NOT NULL AUTO_INCREMENT,
  `details` text COLLATE utf8_unicode_ci NOT NULL,
  `created_by` int(11) NOT NULL,
  `event_id` int(11) NOT NULL,
  `status` enum('0','1','2','3') COLLATE utf8_unicode_ci NOT NULL,
  `deleted_at` timestamp NULL DEFAULT NULL,
  `created_at` timestamp NULL DEFAULT NULL,
  `updated_at` timestamp NULL DEFAULT NULL,
  PRIMARY KEY (`id`)
) ENGINE=InnoDB AUTO_INCREMENT=26 DEFAULT CHARSET=utf8 COLLATE=utf8_unicode_ci;

-- Dumping data for table occassions_pro_db.events_bids: ~30 rows (approximately)
/*!40000 ALTER TABLE `events_bids` DISABLE KEYS */;
INSERT INTO `events_bids` (`id`, `details`, `created_by`, `event_id`, `status`, `deleted_at`, `created_at`, `updated_at`) VALUES
	(1, 'Voluptatibus non non mollitia quisquam voluptatem eum. Consectetur et nulla amet quis. Veritatis aut numquam dolorum consectetur sit ut. Rerum eaque similique et.', 6, 11, '0', NULL, '2017-04-15 17:00:54', '2017-04-15 17:00:56'),
	(2, 'Quia maxime modi saepe iure et voluptatum. Sit dignissimos officia eaque consequatur quam quasi id rerum. Vitae quasi praesentium eos porro.', 10, 2, '0', NULL, '2017-04-15 17:00:55', '2017-04-15 17:00:56'),
	(3, 'Aliquid et vel aut perferendis iusto soluta. Vel quas et nisi est. Tempore ipsa dolores quas iste aut quaerat dolorum.', 5, 6, '0', NULL, '2017-04-15 17:00:55', '2017-04-15 17:00:56'),
	(4, 'Mollitia ratione sint repudiandae. Illum repellendus aliquid sed voluptates molestiae repellat quia. Amet impedit ut voluptates omnis corporis temporibus. Atque ut porro eveniet ut minima non.', 4, 19, '0', NULL, '2017-04-15 17:00:55', '2017-04-15 17:00:56'),
	(5, 'Minus et accusamus provident autem impedit. Quidem omnis placeat laboriosam est dolore ea deleniti.', 5, 14, '0', NULL, '2017-04-15 17:00:55', '2017-04-15 17:00:56'),
	(6, 'Sed vero quibusdam saepe corrupti. Nisi voluptatem vero aperiam cupiditate quia corporis libero aut. Tempore beatae quo nihil ab temporibus voluptas suscipit.', 10, 4, '0', NULL, '2017-04-15 17:00:55', '2017-04-15 17:00:57'),
	(7, 'Nisi optio aut facere sunt tempore. Molestiae iure et eos. Aperiam nam et illo incidunt a commodi ipsam. Consequatur modi quasi neque sed qui voluptatibus dolorem at. Doloribus temporibus quae sit.', 2, 9, '0', NULL, '2017-04-15 17:00:55', '2017-04-15 17:00:57'),
	(8, 'Earum qui est est molestiae. Odio dolorem animi nesciunt eius illo aspernatur.', 9, 2, '0', NULL, '2017-04-15 17:00:55', '2017-04-15 17:00:57'),
	(9, 'Aspernatur repellendus fugit quis ipsa similique. Sunt qui vel autem. Aut et magni asperiores laboriosam aliquid voluptate autem fuga.', 3, 6, '0', NULL, '2017-04-15 17:00:55', '2017-04-15 17:00:57'),
	(10, 'Cum et autem aut corrupti. Corporis minima a recusandae dolor atque et sed. Rerum qui ut magnam officia consequatur quaerat. Vel iste recusandae exercitationem sunt non dicta dolorum.', 6, 9, '0', NULL, '2017-04-15 17:00:55', '2017-04-15 17:00:57'),
	(11, 'Et minima enim id itaque tempora assumenda doloremque et. Culpa ut reprehenderit tempora veritatis illum maxime. Quibusdam ea quasi ut numquam.', 5, 18, '0', NULL, '2017-04-15 17:00:55', '2017-04-15 17:00:57'),
	(12, 'Quis dolor dolorum distinctio sed ab aut nemo. Quidem aut qui inventore facere illum. Rerum cupiditate voluptatum sint iure qui eaque.', 4, 1, '0', NULL, '2017-04-15 17:00:55', '2017-04-15 17:00:55'),
	(13, 'Numquam magnam est voluptatem velit nihil eos vel. Soluta sint in quaerat voluptatem tempore eos. Vitae repudiandae a qui maiores.', 8, 20, '0', NULL, '2017-04-15 17:00:55', '2017-04-15 17:00:57'),
	(14, 'Eligendi enim qui id ut quas consequatur blanditiis. Dignissimos aspernatur aspernatur dignissimos. Maxime sit illo voluptatem eos perspiciatis. Qui veritatis eum ea voluptas omnis eius porro.', 6, 4, '0', NULL, '2017-04-15 17:00:55', '2017-04-15 17:00:57'),
	(15, 'Et et eius alias. Velit nulla et magni quibusdam soluta. Quo labore est architecto asperiores optio repellendus.', 8, 1, '0', NULL, '2017-04-15 17:00:55', '2017-04-15 17:00:55'),
	(16, 'Officia iste dolores ea qui eos et qui. Non architecto tempora recusandae sint recusandae ut delectus dolores.', 4, 12, '0', NULL, '2017-04-15 17:00:55', '2017-04-15 17:00:57'),
	(17, 'Esse ipsum assumenda quia pariatur qui repellendus ab. Alias reiciendis asperiores itaque molestiae aut. Necessitatibus impedit in occaecati ducimus alias sit ad. Voluptate ut esse ea non ut.', 9, 11, '0', NULL, '2017-04-15 17:00:55', '2017-04-15 17:00:57'),
	(18, 'Numquam quidem et incidunt laborum quo. Minus omnis enim perspiciatis necessitatibus. Nihil et cupiditate reiciendis. Iusto officia corrupti eius reprehenderit iste dolor.', 1, 4, '0', NULL, '2017-04-15 17:00:55', '2017-04-15 17:00:57'),
	(19, 'Rerum voluptatem neque eveniet voluptate laboriosam aut. Qui eius ut perferendis recusandae assumenda. Error et nemo et eum soluta delectus.', 9, 4, '0', NULL, '2017-04-15 17:00:56', '2017-04-15 17:00:57'),
	(20, 'Quisquam cumque asperiores qui doloremque sit et id aut. Quo fugit excepturi sapiente rerum. Voluptatem maxime sunt totam explicabo assumenda ut illo et.', 10, 20, '0', NULL, '2017-04-15 17:00:56', '2017-04-15 17:00:57'),
	(21, 'Consequatur ut qui tempora odio qui aut. Omnis totam eius enim ut.', 4, 16, '0', NULL, '2017-04-15 17:00:56', '2017-04-15 17:00:57'),
	(22, 'Asperiores et possimus consectetur dignissimos. Sed sint odio dolorum accusantium nulla voluptatum hic. Alias pariatur perferendis quia reiciendis aut incidunt porro.', 9, 8, '0', NULL, '2017-04-15 17:00:56', '2017-04-15 17:00:58'),
	(23, 'Impedit et at est dolore suscipit laborum blanditiis itaque. Labore sapiente autem magnam alias. Modi accusamus ducimus eveniet dolores sit doloribus.', 1, 16, '0', NULL, '2017-04-15 17:00:56', '2017-04-15 17:00:58'),
	(24, 'Voluptas minus ullam rerum placeat quia architecto. Labore aut repudiandae molestiae nobis. Facere illum qui in repellendus natus. Quia pariatur porro architecto sequi.', 5, 20, '0', NULL, '2017-04-15 17:00:56', '2017-04-15 17:00:58'),
	(25, 'Harum unde dolores expedita consectetur illo temporibus. Omnis quidem est voluptas et. Fugit odio velit eum sapiente ad.', 26, 21, '2', NULL, '2017-04-15 17:00:56', '2017-04-15 17:58:02');
/*!40000 ALTER TABLE `events_bids` ENABLE KEYS */;


-- Dumping structure for table occassions_pro_db.event_posts
CREATE TABLE IF NOT EXISTS `event_posts` (
  `id` int(10) unsigned NOT NULL AUTO_INCREMENT,
  `title` varchar(255) COLLATE utf8_unicode_ci NOT NULL,
  `slug` varchar(255) COLLATE utf8_unicode_ci NOT NULL,
  `description` text COLLATE utf8_unicode_ci NOT NULL,
  `event_type_id` int(11) NOT NULL,
  `email` varchar(255) COLLATE utf8_unicode_ci NOT NULL,
  `contact_number` varchar(255) COLLATE utf8_unicode_ci NOT NULL,
  `date` datetime NOT NULL,
  `location` varchar(255) COLLATE utf8_unicode_ci NOT NULL,
  `budget` varchar(255) COLLATE utf8_unicode_ci NOT NULL,
  `status` enum('0','1','2') COLLATE utf8_unicode_ci NOT NULL,
  `created_by` int(11) NOT NULL,
  `deleted_at` timestamp NULL DEFAULT NULL,
  `created_at` timestamp NULL DEFAULT NULL,
  `updated_at` timestamp NULL DEFAULT NULL,
  `confirmed_at` datetime DEFAULT NULL,
  PRIMARY KEY (`id`)
) ENGINE=InnoDB AUTO_INCREMENT=22 DEFAULT CHARSET=utf8 COLLATE=utf8_unicode_ci;

-- Dumping data for table occassions_pro_db.event_posts: ~75 rows (approximately)
/*!40000 ALTER TABLE `event_posts` DISABLE KEYS */;
INSERT INTO `event_posts` (`id`, `title`, `slug`, `description`, `event_type_id`, `email`, `contact_number`, `date`, `location`, `budget`, `status`, `created_by`, `deleted_at`, `created_at`, `updated_at`, `confirmed_at`) VALUES
	(1, 'Cheshire cat,\' said the Duchess; \'I never said I didn\'t!\' interrupted.', 'qui-expedita-non-quia-molestias', 'Aut ut sit recusandae dicta sunt voluptatum nulla rem. Cum et corporis voluptatibus aut eius. Iste et deleniti minus placeat error accusamus delectus.', 1, 'roob.dolly@example.net', '1-239-845-1512 x80974', '2013-03-15 03:40:41', 'Chaddbury', '4280', '1', 21, NULL, '2017-04-15 17:00:08', '2017-04-15 17:00:09', NULL),
	(2, 'And will talk in contemptuous tones of her own mind (as well as she did.', 'dolore-pariatur-error-voluptas-est', 'Possimus consequatur in dicta magnam quaerat et. Quia tenetur quo optio est. Et tenetur quas aut rerum maxime sequi consequuntur.', 1, 'maybelle74@example.net', '315.202.2199 x064', '2003-11-28 08:32:23', 'Lake Ashlyshire', '9377', '1', 7, NULL, '2017-04-15 17:00:08', '2017-04-15 17:00:09', NULL),
	(3, 'And oh, my poor hands, how is it I can\'t understand it myself to begin.', 'nostrum-nihil-dicta-distinctio-cupiditate-et', 'Sit perspiciatis ullam id id id aut aliquam voluptatem. Magnam doloribus voluptatum rem eveniet. Placeat ullam non maxime et fugiat saepe aut. Iusto eum dolorum quia nihil.', 1, 'hthiel@example.com', '1-541-507-6677 x332', '1997-11-05 16:28:30', 'Nikolausberg', '545', '1', 15, NULL, '2017-04-15 17:00:08', '2017-04-15 17:00:10', NULL),
	(4, 'Dinah, and saying "Come up again, dear!" I shall have to fly; and the.', 'dolorem-vitae-et-qui-a-magni-a-repellat', 'A provident tenetur mollitia adipisci nulla dolor necessitatibus. In dolorem ea beatae aut. Repellendus perspiciatis fuga totam sint quo. Quis rem voluptatem aut nostrum qui non.', 1, 'lori23@example.org', '513-515-5364 x991', '1997-06-11 07:30:15', 'Hoppeville', '1059', '1', 20, NULL, '2017-04-15 17:00:08', '2017-04-15 17:00:10', NULL),
	(5, 'Alice opened the door that led into a cucumber-frame, or something of the.', 'esse-perferendis-sit-voluptatibus-aut', 'Et dolore ratione pariatur corrupti. Magnam hic necessitatibus beatae quo voluptas. Corrupti culpa sit ducimus est et sit dolor.', 1, 'qkling@example.net', '+15146040997', '2001-10-29 03:06:00', 'Chaunceyland', '2729', '1', 27, NULL, '2017-04-15 17:00:08', '2017-04-15 17:00:10', NULL),
	(6, 'Alice sharply, for she felt a very difficult question. However, at last.', 'deleniti-est-vel-consequatur-molestiae-tempore', 'Omnis modi dolorum delectus. Doloremque eum hic dolore nemo. Beatae nihil et dolores. Nam eum repellat expedita accusamus voluptatibus.', 1, 'brice.flatley@example.net', '(442) 885-2742', '1995-04-23 19:30:49', 'Kundemouth', '1900', '1', 26, NULL, '2017-04-15 17:00:08', '2017-04-15 17:00:10', NULL),
	(7, 'Alice. \'I\'m glad they\'ve begun asking riddles.--I believe I can guess.', 'aut-voluptatibus-similique-odio-voluptatem', 'Impedit neque dicta incidunt unde harum nihil. Et qui officia tenetur soluta enim odit.', 1, 'rkoss@example.com', '685.701.5675 x365', '1995-02-02 06:21:33', 'Port Jazmyneberg', '9173', '1', 15, NULL, '2017-04-15 17:00:08', '2017-04-15 17:00:10', NULL),
	(8, 'Mock Turtle at last, and managed to put it to be managed? I suppose it.', 'saepe-maxime-voluptatem-dolor-nobis-et-sint-a', 'Voluptas sequi vel nihil possimus molestias voluptas consequuntur. Suscipit ea et et.', 1, 'hansen.sarina@example.net', '327-913-7047', '1983-04-24 17:55:25', 'Kennedyfurt', '4428', '1', 1, NULL, '2017-04-15 17:00:08', '2017-04-15 17:00:10', NULL),
	(9, 'THEN--she found herself at last the Caterpillar took the watch and looked.', 'asperiores-sed-alias-odio-perferendis', 'Et eaque incidunt quia ut numquam sit. Rerum aut voluptas dolorum animi voluptates quam. In numquam quae est voluptates.', 1, 'williamson.omer@example.net', '1-896-920-5117 x6209', '2007-10-11 23:47:13', 'South Glentown', '5125', '1', 9, NULL, '2017-04-15 17:00:08', '2017-04-15 17:00:10', NULL),
	(10, 'Cat remarked. \'Don\'t be impertinent,\' said the last words out loud, and.', 'eaque-fugit-non-deserunt-quo-aut', 'Aut aut natus officiis maiores dignissimos et. Voluptatibus qui omnis quisquam et voluptate. Consequuntur libero et illum sequi occaecati.', 1, 'kbailey@example.org', '(265) 739-2333 x394', '1992-07-26 09:06:38', 'East Sedrickberg', '1435', '1', 9, NULL, '2017-04-15 17:00:09', '2017-04-15 17:00:10', NULL),
	(11, 'Alice. \'Of course not,\' Alice replied eagerly, for she was surprised to.', 'quae-consequatur-dignissimos-qui-consequatur-quae-iste', 'Quibusdam sit possimus provident dignissimos. Ipsam a quam quibusdam ipsam tenetur sapiente. Consequatur voluptatem et at.', 1, 'mwyman@example.com', '542.877.0984', '1973-08-06 13:43:13', 'North Vella', '4584', '1', 19, NULL, '2017-04-15 17:00:09', '2017-04-15 17:00:10', NULL),
	(12, 'He trusts to you to get out again. That\'s all.\' \'Thank you,\' said the.', 'blanditiis-aut-in-beatae-assumenda', 'Aut ipsum autem sapiente. Dolorem et ipsum nobis. Id et eveniet quia a rerum accusantium. Corporis ad a consequatur numquam voluptatem.', 1, 'marlon.jaskolski@example.net', '643-681-3020 x71418', '2008-12-18 05:59:43', 'Pacochafort', '5831', '1', 24, NULL, '2017-04-15 17:00:09', '2017-04-15 17:00:11', NULL),
	(13, 'Trims his belt and his buttons, and turns out his toes.\' [later editions.', 'quia-aut-voluptate-repudiandae-incidunt-doloremque', 'Expedita odit possimus autem nemo sit cum unde facilis. Et provident sint doloribus modi. Aut dolorem adipisci quis molestiae dicta.', 1, 'delphine32@example.com', '652.925.9884', '1992-03-27 09:49:48', 'South Hilbertville', '7521', '1', 7, NULL, '2017-04-15 17:00:09', '2017-04-15 17:00:11', NULL),
	(14, 'Alice went on, \'and most of \'em do.\' \'I don\'t think they play at all like.', 'ut-saepe-eos-delectus-cum-modi', 'Nesciunt voluptas sed facilis sunt ut non. Nesciunt consequuntur debitis similique error in tempore labore. Recusandae cupiditate velit quia sunt. Sint voluptas quia non quod.', 1, 'kristian32@example.com', '448.457.1027 x67219', '1977-10-31 22:04:02', 'Hermanfort', '5120', '1', 6, NULL, '2017-04-15 17:00:09', '2017-04-15 17:00:11', NULL),
	(15, 'Alice was thoroughly puzzled. \'Does the boots and shoes!\' she repeated in.', 'voluptate-perferendis-fuga-aut-voluptatibus-aspernatur-rem', 'Ipsa sed velit vel. Reiciendis facilis voluptatem corporis perspiciatis quam est. Itaque quia rerum eos.', 1, 'ahirthe@example.net', '+12103251953', '2004-06-23 09:31:34', 'East Siennafurt', '1162', '1', 10, NULL, '2017-04-15 17:00:09', '2017-04-15 17:00:11', NULL),
	(16, 'King. The White Rabbit was no use in waiting by the White Rabbit,.', 'molestias-numquam-aut-nam-ut-vel-quia', 'Quam rerum molestiae velit error. Optio voluptatem non odit tempora. Dolor sit eos vero aut. Perferendis maiores minima non voluptates corporis.', 1, 'jaskolski.taryn@example.com', '804-344-4431 x88864', '1984-02-21 19:20:25', 'Emmerichland', '4695', '1', 10, NULL, '2017-04-15 17:00:09', '2017-04-15 17:00:11', NULL),
	(17, 'Cheshire Cat sitting on a little timidly, for she had been all the rest,.', 'nihil-et-molestiae-nihil-libero-laborum-illum', 'Magni facere quia sed ipsa. Quia eum possimus voluptatibus et. Tempora hic exercitationem ullam consectetur cum vitae ut.', 1, 'sidney.homenick@example.net', '+1-681-875-5139', '1993-04-15 04:32:51', 'Harberfurt', '2024', '1', 21, NULL, '2017-04-15 17:00:09', '2017-04-15 17:00:11', NULL),
	(18, 'ARE a simpleton.\' Alice did not like to hear her try and say "Who am I to.', 'enim-aut-cum-omnis-voluptas-est-sint-sit', 'Enim quae atque aut magni repudiandae. In est dolorem eveniet ratione. Laboriosam nihil corporis quo explicabo.', 1, 'pouros.sim@example.net', '1-345-244-7299', '1984-02-14 07:23:52', 'Keeganville', '5021', '1', 17, NULL, '2017-04-15 17:00:09', '2017-04-15 17:00:11', NULL),
	(19, 'While she was shrinking rapidly; so she sat still just as she could, for.', 'corporis-provident-enim-doloremque-dolores-at', 'Voluptas incidunt eum cumque voluptas libero debitis. Possimus ut recusandae ea blanditiis itaque. In iusto ipsam autem. Illum qui quis eaque distinctio iusto.', 1, 'metz.emile@example.com', '823.214.7465', '1979-11-21 22:22:27', 'South Audreanne', '5484', '1', 19, NULL, '2017-04-15 17:00:09', '2017-04-15 17:00:11', NULL),
	(20, 'Duchess. An invitation from the Queen shouted at the Footman\'s head: it.', 'qui-consequatur-quia-et-voluptas-odio-eveniet-placeat-aspernatur', 'Velit excepturi quidem natus error. Voluptatem beatae eos placeat. Voluptatem minima cum autem. Ducimus error quo veniam.', 1, 'dedric37@example.net', '(687) 896-4281 x7777', '2011-09-19 14:44:24', 'Lake Jedediah', '8391', '1', 9, NULL, '2017-04-15 17:00:09', '2017-04-15 17:00:11', NULL),
	(21, 'Birthday 123', 'birthday-123', 'Birthday 123', 3, 'kimluari+johndoe@gmail.com', '09156377576', '2017-04-22 01:30:00', 'QC', '9000.00', '0', 28, NULL, '2017-04-15 17:13:11', '2017-04-15 17:13:11', NULL);
/*!40000 ALTER TABLE `event_posts` ENABLE KEYS */;


-- Dumping structure for table occassions_pro_db.event_posts_selected_pros
CREATE TABLE IF NOT EXISTS `event_posts_selected_pros` (
  `id` int(10) unsigned NOT NULL AUTO_INCREMENT,
  `event_id` int(11) NOT NULL,
  `user_id` int(11) NOT NULL,
  `testimonial_id` int(11) DEFAULT NULL,
  `status` enum('0','1','2') COLLATE utf8_unicode_ci NOT NULL,
  `created_at` timestamp NULL DEFAULT NULL,
  `updated_at` timestamp NULL DEFAULT NULL,
  `deleted_at` timestamp NULL DEFAULT NULL,
  PRIMARY KEY (`id`)
) ENGINE=InnoDB AUTO_INCREMENT=11 DEFAULT CHARSET=utf8 COLLATE=utf8_unicode_ci;

-- Dumping data for table occassions_pro_db.event_posts_selected_pros: ~9 rows (approximately)
/*!40000 ALTER TABLE `event_posts_selected_pros` DISABLE KEYS */;
INSERT INTO `event_posts_selected_pros` (`id`, `event_id`, `user_id`, `testimonial_id`, `status`, `created_at`, `updated_at`, `deleted_at`) VALUES
	(10, 21, 26, NULL, '1', '2017-04-15 17:57:50', '2017-04-15 17:58:02', NULL);
/*!40000 ALTER TABLE `event_posts_selected_pros` ENABLE KEYS */;


-- Dumping structure for table occassions_pro_db.event_types
CREATE TABLE IF NOT EXISTS `event_types` (
  `id` int(10) unsigned NOT NULL AUTO_INCREMENT,
  `title` varchar(255) COLLATE utf8_unicode_ci NOT NULL,
  `description` text COLLATE utf8_unicode_ci NOT NULL,
  `status` enum('0','1','2') COLLATE utf8_unicode_ci NOT NULL,
  `created_at` timestamp NULL DEFAULT NULL,
  `updated_at` timestamp NULL DEFAULT NULL,
  `deleted_at` timestamp NULL DEFAULT NULL,
  PRIMARY KEY (`id`)
) ENGINE=InnoDB AUTO_INCREMENT=4 DEFAULT CHARSET=utf8 COLLATE=utf8_unicode_ci;

-- Dumping data for table occassions_pro_db.event_types: ~3 rows (approximately)
/*!40000 ALTER TABLE `event_types` DISABLE KEYS */;
INSERT INTO `event_types` (`id`, `title`, `description`, `status`, `created_at`, `updated_at`, `deleted_at`) VALUES
	(1, 'Birthday', 'Birthday', '1', '2017-04-15 17:00:12', '2017-04-15 17:00:12', NULL),
	(2, 'Wedding', 'Wedding', '1', '2017-04-15 17:00:12', '2017-04-15 17:00:12', NULL),
	(3, 'Debut', 'Debut', '1', '2017-04-15 17:00:12', '2017-04-15 17:00:12', NULL);
/*!40000 ALTER TABLE `event_types` ENABLE KEYS */;


-- Dumping structure for table occassions_pro_db.funds_history
CREATE TABLE IF NOT EXISTS `funds_history` (
  `id` int(10) unsigned NOT NULL AUTO_INCREMENT,
  `payment_transaction_code` varchar(255) COLLATE utf8_unicode_ci NOT NULL,
  `amount` double(12,2) NOT NULL,
  `owner_id` int(11) NOT NULL,
  `event_id` int(11) NOT NULL,
  `status` enum('0','1','2') COLLATE utf8_unicode_ci NOT NULL,
  `deleted_at` timestamp NULL DEFAULT NULL,
  `created_at` timestamp NULL DEFAULT NULL,
  `updated_at` timestamp NULL DEFAULT NULL,
  PRIMARY KEY (`id`)
) ENGINE=InnoDB DEFAULT CHARSET=utf8 COLLATE=utf8_unicode_ci;

-- Dumping data for table occassions_pro_db.funds_history: ~0 rows (approximately)
/*!40000 ALTER TABLE `funds_history` DISABLE KEYS */;
/*!40000 ALTER TABLE `funds_history` ENABLE KEYS */;


-- Dumping structure for table occassions_pro_db.jobs
CREATE TABLE IF NOT EXISTS `jobs` (
  `id` bigint(20) unsigned NOT NULL AUTO_INCREMENT,
  `queue` varchar(255) COLLATE utf8_unicode_ci NOT NULL,
  `payload` longtext COLLATE utf8_unicode_ci NOT NULL,
  `attempts` tinyint(3) unsigned NOT NULL,
  `reserved_at` int(10) unsigned DEFAULT NULL,
  `available_at` int(10) unsigned NOT NULL,
  `created_at` int(10) unsigned NOT NULL,
  PRIMARY KEY (`id`),
  KEY `jobs_queue_reserved_at_index` (`queue`,`reserved_at`)
) ENGINE=InnoDB DEFAULT CHARSET=utf8 COLLATE=utf8_unicode_ci;

-- Dumping data for table occassions_pro_db.jobs: ~0 rows (approximately)
/*!40000 ALTER TABLE `jobs` DISABLE KEYS */;
/*!40000 ALTER TABLE `jobs` ENABLE KEYS */;


-- Dumping structure for table occassions_pro_db.membership_packages
CREATE TABLE IF NOT EXISTS `membership_packages` (
  `id` int(10) unsigned NOT NULL AUTO_INCREMENT,
  `title` varchar(255) COLLATE utf8_unicode_ci NOT NULL,
  `description` text COLLATE utf8_unicode_ci,
  `price` double(8,2) NOT NULL DEFAULT '0.00',
  `max_bids` int(11) NOT NULL DEFAULT '0',
  `max_categories` int(11) NOT NULL DEFAULT '0',
  `created_at` timestamp NULL DEFAULT NULL,
  `updated_at` timestamp NULL DEFAULT NULL,
  `deleted_at` timestamp NULL DEFAULT NULL,
  PRIMARY KEY (`id`)
) ENGINE=InnoDB DEFAULT CHARSET=utf8 COLLATE=utf8_unicode_ci;

-- Dumping data for table occassions_pro_db.membership_packages: ~0 rows (approximately)
/*!40000 ALTER TABLE `membership_packages` DISABLE KEYS */;
/*!40000 ALTER TABLE `membership_packages` ENABLE KEYS */;


-- Dumping structure for table occassions_pro_db.migrations
CREATE TABLE IF NOT EXISTS `migrations` (
  `id` int(10) unsigned NOT NULL AUTO_INCREMENT,
  `migration` varchar(255) COLLATE utf8_unicode_ci NOT NULL,
  `batch` int(11) NOT NULL,
  PRIMARY KEY (`id`)
) ENGINE=InnoDB AUTO_INCREMENT=545 DEFAULT CHARSET=utf8 COLLATE=utf8_unicode_ci;

-- Dumping data for table occassions_pro_db.migrations: ~27 rows (approximately)
/*!40000 ALTER TABLE `migrations` DISABLE KEYS */;
INSERT INTO `migrations` (`id`, `migration`, `batch`) VALUES
	(518, '2014_07_02_230147_migration_cartalyst_sentinel', 1),
	(519, '2014_10_12_000000_create_users_table', 1),
	(520, '2014_10_12_100000_create_password_resets_table', 1),
	(521, '2014_10_12_300000_create_blog_posts_table', 1),
	(522, '2016_06_01_000001_create_oauth_auth_codes_table', 1),
	(523, '2016_06_01_000002_create_oauth_access_tokens_table', 1),
	(524, '2016_06_01_000003_create_oauth_refresh_tokens_table', 1),
	(525, '2016_06_01_000004_create_oauth_clients_table', 1),
	(526, '2016_06_01_000005_create_oauth_personal_access_clients_table', 1),
	(527, '2016_10_31_052428_create_event_posts_table', 1),
	(528, '2016_10_31_053829_create_events_bids_table', 1),
	(529, '2016_10_31_062539_create_testimonials_table', 1),
	(530, '2016_10_31_064532_create_professional_bid_events_table', 1),
	(531, '2016_10_31_071058_create_professional_information_table', 1),
	(532, '2016_10_31_102602_create_skills_categories_table', 1),
	(533, '2016_11_06_112410_create_professional_categories_table', 1),
	(534, '2016_11_12_200113_create_professional_selected_categories_table', 1),
	(535, '2017_02_14_075527_create_payment_transactions_table', 1),
	(536, '2017_02_14_080635_create_funds_history_table', 1),
	(537, '2017_03_19_105703_add_additional_service_provided_field_in_professionals_information_table', 1),
	(538, '2017_03_26_123044_add_confirmed_at_field_in_event_posts_table', 1),
	(539, '2017_04_09_142852_create_membership_packages_table', 1),
	(540, '2017_04_13_044354_add_nth_fields_to_funds_history_table', 1),
	(541, '2017_04_13_091015_create_user_settings_table', 1),
	(542, '2017_04_14_112710_create_event_posts_selected_pros_table', 1),
	(543, '2017_04_14_134116_create_event_types_table', 1),
	(544, '2017_04_15_075553_create_jobs_table', 1);
/*!40000 ALTER TABLE `migrations` ENABLE KEYS */;


-- Dumping structure for table occassions_pro_db.oauth_access_tokens
CREATE TABLE IF NOT EXISTS `oauth_access_tokens` (
  `id` varchar(100) COLLATE utf8_unicode_ci NOT NULL,
  `user_id` int(11) DEFAULT NULL,
  `client_id` int(11) NOT NULL,
  `name` varchar(255) COLLATE utf8_unicode_ci DEFAULT NULL,
  `scopes` text COLLATE utf8_unicode_ci,
  `revoked` tinyint(1) NOT NULL,
  `created_at` timestamp NULL DEFAULT NULL,
  `updated_at` timestamp NULL DEFAULT NULL,
  `expires_at` datetime DEFAULT NULL,
  PRIMARY KEY (`id`),
  KEY `oauth_access_tokens_user_id_index` (`user_id`)
) ENGINE=InnoDB DEFAULT CHARSET=utf8 COLLATE=utf8_unicode_ci;

-- Dumping data for table occassions_pro_db.oauth_access_tokens: ~0 rows (approximately)
/*!40000 ALTER TABLE `oauth_access_tokens` DISABLE KEYS */;
/*!40000 ALTER TABLE `oauth_access_tokens` ENABLE KEYS */;


-- Dumping structure for table occassions_pro_db.oauth_auth_codes
CREATE TABLE IF NOT EXISTS `oauth_auth_codes` (
  `id` varchar(100) COLLATE utf8_unicode_ci NOT NULL,
  `user_id` int(11) NOT NULL,
  `client_id` int(11) NOT NULL,
  `scopes` text COLLATE utf8_unicode_ci,
  `revoked` tinyint(1) NOT NULL,
  `expires_at` datetime DEFAULT NULL,
  PRIMARY KEY (`id`)
) ENGINE=InnoDB DEFAULT CHARSET=utf8 COLLATE=utf8_unicode_ci;

-- Dumping data for table occassions_pro_db.oauth_auth_codes: ~0 rows (approximately)
/*!40000 ALTER TABLE `oauth_auth_codes` DISABLE KEYS */;
/*!40000 ALTER TABLE `oauth_auth_codes` ENABLE KEYS */;


-- Dumping structure for table occassions_pro_db.oauth_clients
CREATE TABLE IF NOT EXISTS `oauth_clients` (
  `id` int(10) unsigned NOT NULL AUTO_INCREMENT,
  `user_id` int(11) DEFAULT NULL,
  `name` varchar(255) COLLATE utf8_unicode_ci NOT NULL,
  `secret` varchar(100) COLLATE utf8_unicode_ci NOT NULL,
  `redirect` text COLLATE utf8_unicode_ci NOT NULL,
  `personal_access_client` tinyint(1) NOT NULL,
  `password_client` tinyint(1) NOT NULL,
  `revoked` tinyint(1) NOT NULL,
  `created_at` timestamp NULL DEFAULT NULL,
  `updated_at` timestamp NULL DEFAULT NULL,
  PRIMARY KEY (`id`),
  KEY `oauth_clients_user_id_index` (`user_id`)
) ENGINE=InnoDB DEFAULT CHARSET=utf8 COLLATE=utf8_unicode_ci;

-- Dumping data for table occassions_pro_db.oauth_clients: ~0 rows (approximately)
/*!40000 ALTER TABLE `oauth_clients` DISABLE KEYS */;
/*!40000 ALTER TABLE `oauth_clients` ENABLE KEYS */;


-- Dumping structure for table occassions_pro_db.oauth_personal_access_clients
CREATE TABLE IF NOT EXISTS `oauth_personal_access_clients` (
  `id` int(10) unsigned NOT NULL AUTO_INCREMENT,
  `client_id` int(11) NOT NULL,
  `created_at` timestamp NULL DEFAULT NULL,
  `updated_at` timestamp NULL DEFAULT NULL,
  PRIMARY KEY (`id`),
  KEY `oauth_personal_access_clients_client_id_index` (`client_id`)
) ENGINE=InnoDB DEFAULT CHARSET=utf8 COLLATE=utf8_unicode_ci;

-- Dumping data for table occassions_pro_db.oauth_personal_access_clients: ~0 rows (approximately)
/*!40000 ALTER TABLE `oauth_personal_access_clients` DISABLE KEYS */;
/*!40000 ALTER TABLE `oauth_personal_access_clients` ENABLE KEYS */;


-- Dumping structure for table occassions_pro_db.oauth_refresh_tokens
CREATE TABLE IF NOT EXISTS `oauth_refresh_tokens` (
  `id` varchar(100) COLLATE utf8_unicode_ci NOT NULL,
  `access_token_id` varchar(100) COLLATE utf8_unicode_ci NOT NULL,
  `revoked` tinyint(1) NOT NULL,
  `expires_at` datetime DEFAULT NULL,
  PRIMARY KEY (`id`),
  KEY `oauth_refresh_tokens_access_token_id_index` (`access_token_id`)
) ENGINE=InnoDB DEFAULT CHARSET=utf8 COLLATE=utf8_unicode_ci;

-- Dumping data for table occassions_pro_db.oauth_refresh_tokens: ~0 rows (approximately)
/*!40000 ALTER TABLE `oauth_refresh_tokens` DISABLE KEYS */;
/*!40000 ALTER TABLE `oauth_refresh_tokens` ENABLE KEYS */;


-- Dumping structure for table occassions_pro_db.password_resets
CREATE TABLE IF NOT EXISTS `password_resets` (
  `email` varchar(255) COLLATE utf8_unicode_ci NOT NULL,
  `token` varchar(255) COLLATE utf8_unicode_ci NOT NULL,
  `created_at` timestamp NULL DEFAULT NULL,
  KEY `password_resets_email_index` (`email`),
  KEY `password_resets_token_index` (`token`)
) ENGINE=InnoDB DEFAULT CHARSET=utf8 COLLATE=utf8_unicode_ci;

-- Dumping data for table occassions_pro_db.password_resets: ~0 rows (approximately)
/*!40000 ALTER TABLE `password_resets` DISABLE KEYS */;
INSERT INTO `password_resets` (`email`, `token`, `created_at`) VALUES
	('kimluari+johndoe@gmail.com', 'b87074f41d6fcd358d9996bfb90e62ace017318340e09a8f2d8d60ade2d88fe3', '2017-04-15 17:11:00');
/*!40000 ALTER TABLE `password_resets` ENABLE KEYS */;


-- Dumping structure for table occassions_pro_db.payment_transactions
CREATE TABLE IF NOT EXISTS `payment_transactions` (
  `id` int(10) unsigned NOT NULL AUTO_INCREMENT,
  `code` varchar(255) COLLATE utf8_unicode_ci NOT NULL,
  `paid_for` int(11) NOT NULL,
  `paid_by` int(11) NOT NULL,
  `event_id` int(11) NOT NULL,
  `amount` double(12,2) NOT NULL,
  `status` enum('0','1','2') COLLATE utf8_unicode_ci NOT NULL,
  `deleted_at` timestamp NULL DEFAULT NULL,
  `created_at` timestamp NULL DEFAULT NULL,
  `updated_at` timestamp NULL DEFAULT NULL,
  PRIMARY KEY (`id`)
) ENGINE=InnoDB AUTO_INCREMENT=105 DEFAULT CHARSET=utf8 COLLATE=utf8_unicode_ci;

-- Dumping data for table occassions_pro_db.payment_transactions: ~100 rows (approximately)
/*!40000 ALTER TABLE `payment_transactions` DISABLE KEYS */;
INSERT INTO `payment_transactions` (`id`, `code`, `paid_for`, `paid_by`, `event_id`, `amount`, `status`, `deleted_at`, `created_at`, `updated_at`) VALUES
	(1, '5849366202', 11, 8, 10, 2799.00, '1', NULL, '2017-04-15 17:02:19', '2017-04-15 17:02:34'),
	(2, '3816490085', 1, 11, 20, 8231.00, '2', NULL, '2017-04-15 17:02:20', '2017-04-15 17:02:34'),
	(3, '6148098970', 17, 14, 15, 732.00, '0', NULL, '2017-04-15 17:02:20', '2017-04-15 17:02:34'),
	(4, '2587892996', 15, 7, 7, 8349.00, '1', NULL, '2017-04-15 17:02:20', '2017-04-15 17:02:34'),
	(5, '083802114X', 9, 8, 6, 5201.00, '0', NULL, '2017-04-15 17:02:21', '2017-04-15 17:02:34'),
	(6, '8999671259', 27, 23, 4, 9036.00, '2', NULL, '2017-04-15 17:02:21', '2017-04-15 17:02:34'),
	(7, '2492811867', 9, 27, 7, 7386.00, '1', NULL, '2017-04-15 17:02:21', '2017-04-15 17:02:34'),
	(8, '0548588848', 3, 20, 8, 4634.00, '0', NULL, '2017-04-15 17:02:21', '2017-04-15 17:02:34'),
	(9, '3060828776', 15, 8, 17, 6619.00, '2', NULL, '2017-04-15 17:02:21', '2017-04-15 17:02:34'),
	(10, '1775890465', 17, 27, 8, 2367.00, '2', NULL, '2017-04-15 17:02:22', '2017-04-15 17:02:34'),
	(11, '4346822835', 25, 1, 3, 1627.00, '1', NULL, '2017-04-15 17:02:22', '2017-04-15 17:02:35'),
	(12, '5763866827', 27, 4, 10, 6023.00, '0', NULL, '2017-04-15 17:02:22', '2017-04-15 17:02:35'),
	(13, '7121374315', 26, 7, 18, 4897.00, '1', NULL, '2017-04-15 17:02:22', '2017-04-15 17:02:35'),
	(14, '9134230610', 2, 15, 15, 1511.00, '1', NULL, '2017-04-15 17:02:22', '2017-04-15 17:02:35'),
	(15, '4651959520', 25, 22, 2, 7063.00, '1', NULL, '2017-04-15 17:02:23', '2017-04-15 17:02:35'),
	(16, '097168443X', 21, 15, 17, 8519.00, '1', NULL, '2017-04-15 17:02:23', '2017-04-15 17:02:35'),
	(17, '5231507857', 13, 21, 13, 5118.00, '2', NULL, '2017-04-15 17:02:23', '2017-04-15 17:02:35'),
	(18, '2804897338', 23, 18, 5, 6841.00, '0', NULL, '2017-04-15 17:02:24', '2017-04-15 17:02:35'),
	(19, '2850097764', 26, 10, 7, 3445.00, '2', NULL, '2017-04-15 17:02:24', '2017-04-15 17:02:35'),
	(20, '5851751681', 18, 19, 17, 2726.00, '1', NULL, '2017-04-15 17:02:24', '2017-04-15 17:02:36'),
	(21, '8618035130', 20, 16, 19, 4722.00, '2', NULL, '2017-04-15 17:02:24', '2017-04-15 17:02:36'),
	(22, '1662490267', 27, 5, 12, 8067.00, '1', NULL, '2017-04-15 17:02:25', '2017-04-15 17:02:36'),
	(23, '6507571601', 6, 10, 4, 2800.00, '2', NULL, '2017-04-15 17:02:25', '2017-04-15 17:02:36'),
	(24, '5278142138', 10, 8, 5, 1908.00, '1', NULL, '2017-04-15 17:02:25', '2017-04-15 17:02:36'),
	(25, '5666056441', 15, 22, 2, 3984.00, '0', NULL, '2017-04-15 17:02:25', '2017-04-15 17:02:36'),
	(26, '7769491703', 5, 20, 16, 7926.00, '1', NULL, '2017-04-15 17:02:25', '2017-04-15 17:02:36'),
	(27, '2657932509', 2, 13, 20, 1457.00, '1', NULL, '2017-04-15 17:02:25', '2017-04-15 17:02:36'),
	(28, '0224968637', 25, 8, 19, 8368.00, '2', NULL, '2017-04-15 17:02:26', '2017-04-15 17:02:36'),
	(29, '9845463363', 3, 8, 2, 3889.00, '0', NULL, '2017-04-15 17:02:26', '2017-04-15 17:02:37'),
	(30, '5503089359', 10, 10, 5, 3066.00, '0', NULL, '2017-04-15 17:02:26', '2017-04-15 17:02:37'),
	(31, '9715890032', 2, 22, 20, 7292.00, '1', NULL, '2017-04-15 17:02:26', '2017-04-15 17:02:37'),
	(32, '1972397788', 20, 6, 16, 5569.00, '0', NULL, '2017-04-15 17:02:26', '2017-04-15 17:02:37'),
	(33, '2862623873', 7, 27, 15, 1400.00, '0', NULL, '2017-04-15 17:02:26', '2017-04-15 17:02:37'),
	(34, '3171731576', 19, 26, 4, 2250.00, '2', NULL, '2017-04-15 17:02:26', '2017-04-15 17:02:37'),
	(35, '6568413992', 5, 13, 3, 6562.00, '2', NULL, '2017-04-15 17:02:26', '2017-04-15 17:02:37'),
	(36, '2223098312', 16, 3, 6, 2701.00, '1', NULL, '2017-04-15 17:02:27', '2017-04-15 17:02:37'),
	(37, '5788207533', 12, 4, 7, 4925.00, '0', NULL, '2017-04-15 17:02:27', '2017-04-15 17:02:37'),
	(38, '9405372696', 13, 10, 13, 1612.00, '2', NULL, '2017-04-15 17:02:27', '2017-04-15 17:02:37'),
	(39, '2874716480', 10, 15, 14, 6920.00, '1', NULL, '2017-04-15 17:02:27', '2017-04-15 17:02:37'),
	(40, '0188051821', 7, 18, 13, 7970.00, '0', NULL, '2017-04-15 17:02:27', '2017-04-15 17:02:38'),
	(41, '5369311242', 2, 24, 13, 1780.00, '2', NULL, '2017-04-15 17:02:27', '2017-04-15 17:02:38'),
	(42, '2592133844', 4, 24, 12, 709.00, '1', NULL, '2017-04-15 17:02:27', '2017-04-15 17:02:38'),
	(43, '3543999826', 10, 18, 9, 6480.00, '1', NULL, '2017-04-15 17:02:27', '2017-04-15 17:02:38'),
	(44, '0199886261', 5, 22, 2, 3480.00, '0', NULL, '2017-04-15 17:02:27', '2017-04-15 17:02:38'),
	(45, '1101966610', 6, 27, 19, 3339.00, '1', NULL, '2017-04-15 17:02:27', '2017-04-15 17:02:38'),
	(46, '3660797529', 3, 11, 1, 8114.00, '1', NULL, '2017-04-15 17:02:27', '2017-04-15 17:02:38'),
	(47, '2824823038', 25, 22, 3, 5411.00, '0', NULL, '2017-04-15 17:02:28', '2017-04-15 17:02:38'),
	(48, '2869478852', 24, 12, 19, 9660.00, '1', NULL, '2017-04-15 17:02:28', '2017-04-15 17:02:38'),
	(49, '3341342060', 2, 2, 1, 867.00, '1', NULL, '2017-04-15 17:02:28', '2017-04-15 17:02:39'),
	(50, '0395130883', 26, 9, 5, 4095.00, '1', NULL, '2017-04-15 17:02:28', '2017-04-15 17:02:39'),
	(51, '6269447518', 18, 24, 11, 5007.00, '0', NULL, '2017-04-15 17:02:29', '2017-04-15 17:02:39'),
	(52, '937667281X', 19, 2, 20, 5662.00, '0', NULL, '2017-04-15 17:02:29', '2017-04-15 17:02:39'),
	(53, '5459887399', 24, 6, 14, 6542.00, '0', NULL, '2017-04-15 17:02:29', '2017-04-15 17:02:39'),
	(54, '0233972366', 25, 19, 13, 5125.00, '2', NULL, '2017-04-15 17:02:29', '2017-04-15 17:02:39'),
	(55, '6552969317', 10, 13, 8, 2477.00, '1', NULL, '2017-04-15 17:02:29', '2017-04-15 17:02:39'),
	(56, '6459063370', 1, 8, 1, 1638.00, '1', NULL, '2017-04-15 17:02:29', '2017-04-15 17:02:39'),
	(57, '5896593481', 2, 1, 11, 5868.00, '2', NULL, '2017-04-15 17:02:29', '2017-04-15 17:02:39'),
	(58, '1238901247', 10, 11, 4, 983.00, '2', NULL, '2017-04-15 17:02:29', '2017-04-15 17:02:39'),
	(59, '9175432234', 27, 11, 9, 8923.00, '0', NULL, '2017-04-15 17:02:29', '2017-04-15 17:02:39'),
	(60, '2517197946', 1, 21, 5, 3221.00, '2', NULL, '2017-04-15 17:02:30', '2017-04-15 17:02:39'),
	(61, '9134758070', 7, 12, 10, 2246.00, '1', NULL, '2017-04-15 17:02:30', '2017-04-15 17:02:40'),
	(62, '7694359196', 7, 27, 12, 4010.00, '2', NULL, '2017-04-15 17:02:30', '2017-04-15 17:02:40'),
	(63, '2597767590', 15, 14, 5, 9190.00, '0', NULL, '2017-04-15 17:02:30', '2017-04-15 17:02:40'),
	(64, '8553717518', 12, 18, 12, 9517.00, '0', NULL, '2017-04-15 17:02:30', '2017-04-15 17:02:40'),
	(65, '3776472081', 22, 3, 10, 5905.00, '0', NULL, '2017-04-15 17:02:30', '2017-04-15 17:02:40'),
	(66, '5992981713', 27, 19, 18, 9448.00, '2', NULL, '2017-04-15 17:02:30', '2017-04-15 17:02:40'),
	(67, '1839387254', 19, 10, 18, 1882.00, '2', NULL, '2017-04-15 17:02:30', '2017-04-15 17:02:40'),
	(68, '266758841X', 6, 21, 19, 537.00, '2', NULL, '2017-04-15 17:02:30', '2017-04-15 17:02:40'),
	(69, '4061039547', 2, 26, 2, 1417.00, '1', NULL, '2017-04-15 17:02:30', '2017-04-15 17:02:40'),
	(70, '6026784640', 10, 24, 16, 6102.00, '1', NULL, '2017-04-15 17:02:31', '2017-04-15 17:02:41'),
	(71, '2510818295', 24, 11, 3, 9957.00, '2', NULL, '2017-04-15 17:02:31', '2017-04-15 17:02:41'),
	(72, '8821561720', 22, 10, 4, 532.00, '0', NULL, '2017-04-15 17:02:31', '2017-04-15 17:02:41'),
	(73, '6878290724', 22, 14, 2, 4466.00, '1', NULL, '2017-04-15 17:02:31', '2017-04-15 17:02:41'),
	(74, '6914211353', 22, 14, 14, 9612.00, '0', NULL, '2017-04-15 17:02:31', '2017-04-15 17:02:41'),
	(75, '3937606106', 12, 23, 16, 4281.00, '2', NULL, '2017-04-15 17:02:31', '2017-04-15 17:02:41'),
	(76, '1150867833', 20, 25, 16, 5840.00, '1', NULL, '2017-04-15 17:02:32', '2017-04-15 17:02:41'),
	(77, '7555388154', 4, 2, 17, 4317.00, '0', NULL, '2017-04-15 17:02:32', '2017-04-15 17:02:41'),
	(78, '5897159718', 24, 6, 10, 4560.00, '2', NULL, '2017-04-15 17:02:32', '2017-04-15 17:02:42'),
	(79, '2060963052', 11, 14, 6, 1825.00, '1', NULL, '2017-04-15 17:02:32', '2017-04-15 17:02:42'),
	(80, '239436551X', 9, 24, 6, 7204.00, '1', NULL, '2017-04-15 17:02:32', '2017-04-15 17:02:42'),
	(81, '8590737608', 2, 15, 5, 5635.00, '2', NULL, '2017-04-15 17:02:32', '2017-04-15 17:02:42'),
	(82, '1369286287', 8, 16, 1, 7791.00, '2', NULL, '2017-04-15 17:02:32', '2017-04-15 17:02:42'),
	(83, '8483174235', 14, 14, 14, 7895.00, '0', NULL, '2017-04-15 17:02:32', '2017-04-15 17:02:42'),
	(84, '9820519470', 14, 12, 6, 7840.00, '2', NULL, '2017-04-15 17:02:32', '2017-04-15 17:02:42'),
	(85, '9200185304', 11, 3, 18, 6999.00, '1', NULL, '2017-04-15 17:02:32', '2017-04-15 17:02:42'),
	(86, '7606169217', 9, 10, 5, 7612.00, '0', NULL, '2017-04-15 17:02:32', '2017-04-15 17:02:42'),
	(87, '8514917986', 5, 3, 16, 3558.00, '1', NULL, '2017-04-15 17:02:33', '2017-04-15 17:02:42'),
	(88, '1553836014', 6, 7, 7, 9551.00, '1', NULL, '2017-04-15 17:02:33', '2017-04-15 17:02:43'),
	(89, '4374333320', 27, 17, 2, 8024.00, '1', NULL, '2017-04-15 17:02:33', '2017-04-15 17:02:43'),
	(90, '195830770X', 17, 18, 4, 9147.00, '2', NULL, '2017-04-15 17:02:33', '2017-04-15 17:02:43'),
	(91, '3892389918', 12, 13, 14, 3281.00, '0', NULL, '2017-04-15 17:02:33', '2017-04-15 17:02:43'),
	(92, '9743012591', 18, 14, 2, 2456.00, '2', NULL, '2017-04-15 17:02:33', '2017-04-15 17:02:43'),
	(93, '5604133000', 9, 1, 10, 8562.00, '0', NULL, '2017-04-15 17:02:33', '2017-04-15 17:02:43'),
	(94, '478750553X', 26, 6, 10, 1166.00, '0', NULL, '2017-04-15 17:02:33', '2017-04-15 17:02:43'),
	(95, '3350025013', 20, 4, 20, 4202.00, '0', NULL, '2017-04-15 17:02:33', '2017-04-15 17:02:43'),
	(96, '0348479492', 24, 14, 7, 1418.00, '0', NULL, '2017-04-15 17:02:33', '2017-04-15 17:02:43'),
	(97, '3777754595', 17, 6, 12, 2536.00, '1', NULL, '2017-04-15 17:02:33', '2017-04-15 17:02:43'),
	(98, '6542042032', 1, 14, 17, 2937.00, '1', NULL, '2017-04-15 17:02:33', '2017-04-15 17:02:43'),
	(99, '9688036382', 3, 9, 7, 1784.00, '0', NULL, '2017-04-15 17:02:34', '2017-04-15 17:02:43'),
	(100, '7393507005', 17, 11, 9, 6049.00, '1', NULL, '2017-04-15 17:02:34', '2017-04-15 17:02:43'),
	(101, 'EVTCOMP101', 26, 28, 21, 9000.00, '1', NULL, '2017-04-15 17:41:33', '2017-04-15 17:42:00'),
	(102, 'EVTCOMP102', 26, 28, 21, 9000.00, '0', NULL, '2017-04-15 17:52:24', '2017-04-15 17:52:24'),
	(103, 'EVTCOMP103', 26, 28, 21, 9000.00, '0', NULL, '2017-04-15 17:56:50', '2017-04-15 17:56:50'),
	(104, 'EVTCOMP104', 26, 28, 21, 9000.00, '0', NULL, '2017-04-15 17:58:02', '2017-04-15 17:58:02');
/*!40000 ALTER TABLE `payment_transactions` ENABLE KEYS */;


-- Dumping structure for table occassions_pro_db.persistences
CREATE TABLE IF NOT EXISTS `persistences` (
  `id` int(10) unsigned NOT NULL AUTO_INCREMENT,
  `user_id` int(10) unsigned NOT NULL,
  `code` varchar(255) COLLATE utf8_unicode_ci NOT NULL,
  `created_at` timestamp NULL DEFAULT NULL,
  `updated_at` timestamp NULL DEFAULT NULL,
  PRIMARY KEY (`id`),
  UNIQUE KEY `persistences_code_unique` (`code`)
) ENGINE=InnoDB AUTO_INCREMENT=4 DEFAULT CHARSET=utf8 COLLATE=utf8_unicode_ci;

-- Dumping data for table occassions_pro_db.persistences: ~6 rows (approximately)
/*!40000 ALTER TABLE `persistences` DISABLE KEYS */;
INSERT INTO `persistences` (`id`, `user_id`, `code`, `created_at`, `updated_at`) VALUES
	(1, 28, 'ez6PjGe6DcEvJF8swb0eDTeVqLeHOXk1', '2017-04-15 17:10:47', '2017-04-15 17:10:47'),
	(2, 28, 'vcluWst03XSiv9z2t1q8Mzofj3Et3XSZ', '2017-04-15 17:11:25', '2017-04-15 17:11:25'),
	(3, 26, 'IBpStoyAY92CSYdV8Z4krIZwEaPZbUPt', '2017-04-15 17:39:27', '2017-04-15 17:39:27');
/*!40000 ALTER TABLE `persistences` ENABLE KEYS */;


-- Dumping structure for table occassions_pro_db.professional_bid_events
CREATE TABLE IF NOT EXISTS `professional_bid_events` (
  `id` int(10) unsigned NOT NULL AUTO_INCREMENT,
  `professional_id` int(11) NOT NULL,
  `event_id` int(11) NOT NULL,
  `application_status` enum('0','1','2','3') COLLATE utf8_unicode_ci NOT NULL,
  `status` enum('0','1') COLLATE utf8_unicode_ci NOT NULL,
  `deleted_at` timestamp NULL DEFAULT NULL,
  `created_at` timestamp NULL DEFAULT NULL,
  `updated_at` timestamp NULL DEFAULT NULL,
  PRIMARY KEY (`id`)
) ENGINE=InnoDB AUTO_INCREMENT=51 DEFAULT CHARSET=utf8 COLLATE=utf8_unicode_ci;

-- Dumping data for table occassions_pro_db.professional_bid_events: ~50 rows (approximately)
/*!40000 ALTER TABLE `professional_bid_events` DISABLE KEYS */;
INSERT INTO `professional_bid_events` (`id`, `professional_id`, `event_id`, `application_status`, `status`, `deleted_at`, `created_at`, `updated_at`) VALUES
	(1, 15, 14, '1', '1', NULL, '2017-04-15 17:01:31', '2017-04-15 17:01:35'),
	(2, 10, 2, '1', '1', NULL, '2017-04-15 17:01:32', '2017-04-15 17:01:35'),
	(3, 16, 8, '1', '1', NULL, '2017-04-15 17:01:32', '2017-04-15 17:01:35'),
	(4, 14, 3, '1', '1', NULL, '2017-04-15 17:01:32', '2017-04-15 17:01:35'),
	(5, 11, 15, '1', '1', NULL, '2017-04-15 17:01:32', '2017-04-15 17:01:35'),
	(6, 11, 16, '1', '1', NULL, '2017-04-15 17:01:32', '2017-04-15 17:01:35'),
	(7, 18, 16, '1', '1', NULL, '2017-04-15 17:01:32', '2017-04-15 17:01:35'),
	(8, 4, 5, '1', '1', NULL, '2017-04-15 17:01:32', '2017-04-15 17:01:36'),
	(9, 12, 15, '1', '1', NULL, '2017-04-15 17:01:32', '2017-04-15 17:01:36'),
	(10, 11, 6, '1', '1', NULL, '2017-04-15 17:01:32', '2017-04-15 17:01:36'),
	(11, 14, 11, '1', '1', NULL, '2017-04-15 17:01:32', '2017-04-15 17:01:36'),
	(12, 15, 10, '1', '1', NULL, '2017-04-15 17:01:33', '2017-04-15 17:01:36'),
	(13, 8, 9, '1', '1', NULL, '2017-04-15 17:01:33', '2017-04-15 17:01:36'),
	(14, 10, 19, '1', '1', NULL, '2017-04-15 17:01:33', '2017-04-15 17:01:36'),
	(15, 20, 9, '1', '1', NULL, '2017-04-15 17:01:33', '2017-04-15 17:01:36'),
	(16, 20, 17, '1', '1', NULL, '2017-04-15 17:01:33', '2017-04-15 17:01:36'),
	(17, 9, 6, '1', '1', NULL, '2017-04-15 17:01:33', '2017-04-15 17:01:36'),
	(18, 13, 1, '1', '1', NULL, '2017-04-15 17:01:33', '2017-04-15 17:01:37'),
	(19, 16, 20, '1', '1', NULL, '2017-04-15 17:01:33', '2017-04-15 17:01:37'),
	(20, 7, 16, '1', '1', NULL, '2017-04-15 17:01:33', '2017-04-15 17:01:37'),
	(21, 3, 8, '1', '1', NULL, '2017-04-15 17:01:33', '2017-04-15 17:01:37'),
	(22, 11, 20, '1', '1', NULL, '2017-04-15 17:01:33', '2017-04-15 17:01:37'),
	(23, 10, 12, '1', '1', NULL, '2017-04-15 17:01:33', '2017-04-15 17:01:37'),
	(24, 15, 1, '1', '1', NULL, '2017-04-15 17:01:33', '2017-04-15 17:01:37'),
	(25, 12, 13, '1', '1', NULL, '2017-04-15 17:01:33', '2017-04-15 17:01:37'),
	(26, 20, 6, '1', '1', NULL, '2017-04-15 17:01:33', '2017-04-15 17:01:38'),
	(27, 12, 6, '1', '1', NULL, '2017-04-15 17:01:33', '2017-04-15 17:01:38'),
	(28, 16, 7, '1', '1', NULL, '2017-04-15 17:01:34', '2017-04-15 17:01:38'),
	(29, 15, 11, '1', '1', NULL, '2017-04-15 17:01:34', '2017-04-15 17:01:38'),
	(30, 5, 18, '1', '1', NULL, '2017-04-15 17:01:34', '2017-04-15 17:01:38'),
	(31, 17, 18, '1', '1', NULL, '2017-04-15 17:01:34', '2017-04-15 17:01:38'),
	(32, 1, 12, '1', '1', NULL, '2017-04-15 17:01:34', '2017-04-15 17:01:38'),
	(33, 8, 6, '1', '1', NULL, '2017-04-15 17:01:34', '2017-04-15 17:01:38'),
	(34, 15, 3, '1', '1', NULL, '2017-04-15 17:01:34', '2017-04-15 17:01:38'),
	(35, 14, 14, '1', '1', NULL, '2017-04-15 17:01:34', '2017-04-15 17:01:38'),
	(36, 3, 11, '1', '1', NULL, '2017-04-15 17:01:34', '2017-04-15 17:01:38'),
	(37, 11, 6, '1', '1', NULL, '2017-04-15 17:01:34', '2017-04-15 17:01:38'),
	(38, 10, 4, '1', '1', NULL, '2017-04-15 17:01:34', '2017-04-15 17:01:38'),
	(39, 18, 4, '1', '1', NULL, '2017-04-15 17:01:34', '2017-04-15 17:01:38'),
	(40, 5, 11, '1', '1', NULL, '2017-04-15 17:01:34', '2017-04-15 17:01:39'),
	(41, 10, 19, '1', '1', NULL, '2017-04-15 17:01:34', '2017-04-15 17:01:39'),
	(42, 5, 15, '1', '1', NULL, '2017-04-15 17:01:34', '2017-04-15 17:01:39'),
	(43, 16, 7, '1', '1', NULL, '2017-04-15 17:01:34', '2017-04-15 17:01:39'),
	(44, 13, 2, '1', '1', NULL, '2017-04-15 17:01:34', '2017-04-15 17:01:39'),
	(45, 8, 14, '1', '1', NULL, '2017-04-15 17:01:35', '2017-04-15 17:01:39'),
	(46, 14, 12, '1', '1', NULL, '2017-04-15 17:01:35', '2017-04-15 17:01:39'),
	(47, 20, 17, '1', '1', NULL, '2017-04-15 17:01:35', '2017-04-15 17:01:39'),
	(48, 14, 4, '1', '1', NULL, '2017-04-15 17:01:35', '2017-04-15 17:01:39'),
	(49, 4, 5, '1', '1', NULL, '2017-04-15 17:01:35', '2017-04-15 17:01:39'),
	(50, 3, 3, '1', '1', NULL, '2017-04-15 17:01:35', '2017-04-15 17:01:39');
/*!40000 ALTER TABLE `professional_bid_events` ENABLE KEYS */;


-- Dumping structure for table occassions_pro_db.professional_categories
CREATE TABLE IF NOT EXISTS `professional_categories` (
  `id` int(10) unsigned NOT NULL AUTO_INCREMENT,
  `title` varchar(255) COLLATE utf8_unicode_ci NOT NULL,
  `deleted_at` timestamp NULL DEFAULT NULL,
  `created_at` timestamp NULL DEFAULT NULL,
  `updated_at` timestamp NULL DEFAULT NULL,
  PRIMARY KEY (`id`)
) ENGINE=InnoDB AUTO_INCREMENT=19 DEFAULT CHARSET=utf8 COLLATE=utf8_unicode_ci;

-- Dumping data for table occassions_pro_db.professional_categories: ~18 rows (approximately)
/*!40000 ALTER TABLE `professional_categories` DISABLE KEYS */;
INSERT INTO `professional_categories` (`id`, `title`, `deleted_at`, `created_at`, `updated_at`) VALUES
	(1, 'DJs', NULL, '2017-04-15 17:00:58', '2017-04-15 17:00:58'),
	(2, 'MCs', NULL, '2017-04-15 17:00:58', '2017-04-15 17:00:58'),
	(3, 'Musicians', NULL, '2017-04-15 17:00:58', '2017-04-15 17:00:58'),
	(4, 'Singers', NULL, '2017-04-15 17:00:58', '2017-04-15 17:00:58'),
	(5, 'Bands', NULL, '2017-04-15 17:00:58', '2017-04-15 17:00:58'),
	(6, 'Coordinators', NULL, '2017-04-15 17:00:59', '2017-04-15 17:00:59'),
	(7, 'Photo Booths', NULL, '2017-04-15 17:00:59', '2017-04-15 17:00:59'),
	(8, 'Photographers', NULL, '2017-04-15 17:00:59', '2017-04-15 17:00:59'),
	(9, 'Videographers', NULL, '2017-04-15 17:00:59', '2017-04-15 17:00:59'),
	(10, 'Florist', NULL, '2017-04-15 17:00:59', '2017-04-15 17:00:59'),
	(11, 'Officiant', NULL, '2017-04-15 17:00:59', '2017-04-15 17:00:59'),
	(12, 'Bartenders', NULL, '2017-04-15 17:00:59', '2017-04-15 17:00:59'),
	(13, 'Caterers', NULL, '2017-04-15 17:00:59', '2017-04-15 17:00:59'),
	(14, 'Taco Man', NULL, '2017-04-15 17:00:59', '2017-04-15 17:00:59'),
	(15, 'Magicians', NULL, '2017-04-15 17:00:59', '2017-04-15 17:00:59'),
	(16, 'Comedians', NULL, '2017-04-15 17:00:59', '2017-04-15 17:00:59'),
	(17, 'Limousines', NULL, '2017-04-15 17:00:59', '2017-04-15 17:00:59'),
	(18, 'Party Rental Companies', NULL, '2017-04-15 17:00:59', '2017-04-15 17:00:59');
/*!40000 ALTER TABLE `professional_categories` ENABLE KEYS */;


-- Dumping structure for table occassions_pro_db.professional_informations
CREATE TABLE IF NOT EXISTS `professional_informations` (
  `id` int(10) unsigned NOT NULL AUTO_INCREMENT,
  `user_id` int(11) NOT NULL,
  `first_name` varchar(255) COLLATE utf8_unicode_ci DEFAULT NULL,
  `last_name` varchar(255) COLLATE utf8_unicode_ci DEFAULT NULL,
  `profile_pic` varchar(255) COLLATE utf8_unicode_ci DEFAULT NULL,
  `countries_served` varchar(255) COLLATE utf8_unicode_ci DEFAULT NULL,
  `biography` text COLLATE utf8_unicode_ci,
  `location` text COLLATE utf8_unicode_ci,
  `contact_number` text COLLATE utf8_unicode_ci,
  `business_name` varchar(255) COLLATE utf8_unicode_ci DEFAULT NULL,
  `city_based` varchar(255) COLLATE utf8_unicode_ci DEFAULT NULL,
  `willing_distance_to_travel` varchar(255) COLLATE utf8_unicode_ci DEFAULT NULL,
  `years_of_experience` varchar(255) COLLATE utf8_unicode_ci DEFAULT NULL,
  `has_liability_insurance` varchar(255) COLLATE utf8_unicode_ci DEFAULT NULL,
  `separation_from_other_pros` text COLLATE utf8_unicode_ci,
  `reference_upon_request` varchar(255) COLLATE utf8_unicode_ci DEFAULT NULL,
  `require_deposit` varchar(255) COLLATE utf8_unicode_ci DEFAULT NULL,
  `advance_booking_amount` varchar(255) COLLATE utf8_unicode_ci DEFAULT NULL,
  `languages_can_speak` varchar(255) COLLATE utf8_unicode_ci DEFAULT NULL,
  `can_provide_cultural_services` varchar(255) COLLATE utf8_unicode_ci DEFAULT NULL,
  `media` text COLLATE utf8_unicode_ci,
  `deleted_at` timestamp NULL DEFAULT NULL,
  `created_at` timestamp NULL DEFAULT NULL,
  `updated_at` timestamp NULL DEFAULT NULL,
  `additional_services_provided` text COLLATE utf8_unicode_ci,
  PRIMARY KEY (`id`)
) ENGINE=InnoDB AUTO_INCREMENT=22 DEFAULT CHARSET=utf8 COLLATE=utf8_unicode_ci;

-- Dumping data for table occassions_pro_db.professional_informations: ~23 rows (approximately)
/*!40000 ALTER TABLE `professional_informations` DISABLE KEYS */;
INSERT INTO `professional_informations` (`id`, `user_id`, `first_name`, `last_name`, `profile_pic`, `countries_served`, `biography`, `location`, `contact_number`, `business_name`, `city_based`, `willing_distance_to_travel`, `years_of_experience`, `has_liability_insurance`, `separation_from_other_pros`, `reference_upon_request`, `require_deposit`, `advance_booking_amount`, `languages_can_speak`, `can_provide_cultural_services`, `media`, `deleted_at`, `created_at`, `updated_at`, `additional_services_provided`) VALUES
	(1, 8, 'Cathrine', 'Hettinger', '/storage/uploads/blog-posts/d9415ec3703c4084a5e276d7f684603a.jpeg', 'Canada', 'Dolorem hic sapiente facilis aut quidem harum maiores. Provident alias provident eius veritatis. Et sed quasi omnis et. Ad quaerat rerum eos quo omnis.', 'Mohammadbury', '1-607-421-2455', 'Dickens Group', 'Rosenbaumville', 'Up to 1 miles', '8 years', 'Yes', 'Cupiditate illum omnis rerum non ut id unde.', 'Yes', 'Yes', '8 week before', 'English', 'N/A', '{"images":["\\/storage\\/uploads\\/blog-posts\\/d9415ec3703c4084a5e276d7f684603a.jpeg","\\/storage\\/uploads\\/blog-posts\\/d9415ec3703c4084a5e276d7f684603a.jpeg","\\/storage\\/uploads\\/blog-posts\\/d9415ec3703c4084a5e276d7f684603a.jpeg","\\/storage\\/uploads\\/blog-posts\\/d9415ec3703c4084a5e276d7f684603a.jpeg","\\/storage\\/uploads\\/blog-posts\\/d9415ec3703c4084a5e276d7f684603a.jpeg"],"videos":["http:\\/\\/bailey.com\\/maiores-adipisci-maxime-eum-eaque-non"],"music":["http:\\/\\/larkin.com\\/omnis-in-sunt-ratione-est-dolorum-vitae-eos-et"],"social_links":{"website":"http:\\/\\/stiedemann.com\\/dolor-recusandae-vitae-ea-voluptas-eveniet-temporibus-fugit.html","facebook":"https:\\/\\/www.cormier.com\\/sapiente-nam-neque-alias-quis-similique","twitter":"http:\\/\\/bins.biz\\/quis-sunt-doloremque-est-provident-nisi-consectetur","pinterest":"https:\\/\\/okon.net\\/natus-vero-fugit-voluptatem-dicta-illo-autem-pariatur-tenetur.html","instagram":"http:\\/\\/rohan.net\\/deleniti-et-consequatur-quis-delectus-nesciunt-eos.html"}}', NULL, '2017-04-15 16:59:48', '2017-04-15 16:59:48', NULL),
	(2, 9, 'Dejon', 'Collier', '/storage/uploads/blog-posts/d9415ec3703c4084a5e276d7f684603a.jpeg', 'Philippines', 'Dolores ratione quia dolorem accusamus itaque voluptatem. Corporis ducimus rem porro nam dolores consequatur. Incidunt ab cum consequatur temporibus.', 'Ramonabury', '+14076839704', 'Jenkins, Ferry and Rutherford', 'Lake Arnold', 'Up to 1 miles', '4 years', 'Yes', 'Omnis consequatur dolorem dolorum fuga aut itaque maxime.', 'Yes', 'Yes', '2 week before', 'English', 'N/A', '{"images":["\\/storage\\/uploads\\/blog-posts\\/d9415ec3703c4084a5e276d7f684603a.jpeg","\\/storage\\/uploads\\/blog-posts\\/d9415ec3703c4084a5e276d7f684603a.jpeg","\\/storage\\/uploads\\/blog-posts\\/d9415ec3703c4084a5e276d7f684603a.jpeg","\\/storage\\/uploads\\/blog-posts\\/d9415ec3703c4084a5e276d7f684603a.jpeg","\\/storage\\/uploads\\/blog-posts\\/d9415ec3703c4084a5e276d7f684603a.jpeg"],"videos":["http:\\/\\/kozey.com\\/minima-in-vitae-quidem-nihil-ipsam-optio-quasi"],"music":["http:\\/\\/www.conn.org\\/"],"social_links":{"website":"http:\\/\\/collins.net\\/velit-itaque-est-dolore-praesentium-culpa-voluptatem-temporibus.html","facebook":"http:\\/\\/wisozk.com\\/aut-aliquam-suscipit-et-voluptatum","twitter":"http:\\/\\/www.torphy.com\\/iure-dolor-omnis-adipisci-quos-hic-natus","pinterest":"http:\\/\\/www.waters.info\\/aliquam-iure-cupiditate-vel-libero-libero","instagram":"http:\\/\\/www.pagac.com\\/aut-amet-dolor-aut-ea-quis"}}', NULL, '2017-04-15 16:59:51', '2017-04-15 16:59:51', NULL),
	(3, 10, 'Glenda', 'Kunze', '/storage/uploads/blog-posts/d9415ec3703c4084a5e276d7f684603a.jpeg', 'Philippines', 'Omnis necessitatibus enim numquam aut omnis voluptate et. Rerum omnis fugit vero fuga et saepe. Qui incidunt itaque excepturi nulla.', 'North Katheryn', '441.264.7841 x9670', 'Will-Heidenreich', 'Carmeloport', 'Up to 0 miles', '2 years', 'Yes', 'Alias voluptatem quo magnam est ducimus quam repellendus.', 'Yes', 'Yes', '9 week before', 'English', 'N/A', '{"images":["\\/storage\\/uploads\\/blog-posts\\/d9415ec3703c4084a5e276d7f684603a.jpeg","\\/storage\\/uploads\\/blog-posts\\/d9415ec3703c4084a5e276d7f684603a.jpeg","\\/storage\\/uploads\\/blog-posts\\/d9415ec3703c4084a5e276d7f684603a.jpeg","\\/storage\\/uploads\\/blog-posts\\/d9415ec3703c4084a5e276d7f684603a.jpeg","\\/storage\\/uploads\\/blog-posts\\/d9415ec3703c4084a5e276d7f684603a.jpeg"],"videos":["http:\\/\\/www.bosco.net\\/voluptatem-odit-quod-perferendis-mollitia-non.html"],"music":["https:\\/\\/gislason.net\\/neque-quia-molestiae-impedit-quis-qui-dignissimos.html"],"social_links":{"website":"http:\\/\\/www.gibson.com\\/quo-enim-veritatis-nemo","facebook":"http:\\/\\/www.ullrich.info\\/praesentium-facilis-veniam-inventore-ea","twitter":"https:\\/\\/auer.biz\\/vel-sit-sunt-occaecati-rem-suscipit.html","pinterest":"https:\\/\\/crooks.com\\/est-et-officiis-veniam-deleniti-voluptas-corrupti.html","instagram":"http:\\/\\/braun.com\\/"}}', NULL, '2017-04-15 16:59:53', '2017-04-15 16:59:53', NULL),
	(4, 11, 'Bret', 'O\'Hara', '/storage/uploads/blog-posts/d9415ec3703c4084a5e276d7f684603a.jpeg', 'Philippines', 'Officia sit aut sed at. Aut ratione distinctio consectetur fugit rem. Et necessitatibus sapiente aut sint quas et dolorem. Inventore et illum quisquam consequatur.', 'Lake Antoinette', '412-683-5558', 'Hoppe-Haag', 'North Tylerhaven', 'Up to 2 miles', '0 years', 'Yes', 'Molestias sint recusandae ut laudantium illo.', 'Yes', 'Yes', '7 week before', 'English', 'N/A', '{"images":["\\/storage\\/uploads\\/blog-posts\\/d9415ec3703c4084a5e276d7f684603a.jpeg","\\/storage\\/uploads\\/blog-posts\\/d9415ec3703c4084a5e276d7f684603a.jpeg","\\/storage\\/uploads\\/blog-posts\\/d9415ec3703c4084a5e276d7f684603a.jpeg","\\/storage\\/uploads\\/blog-posts\\/d9415ec3703c4084a5e276d7f684603a.jpeg","\\/storage\\/uploads\\/blog-posts\\/d9415ec3703c4084a5e276d7f684603a.jpeg"],"videos":["http:\\/\\/batz.info\\/vel-labore-laboriosam-mollitia-sit-nesciunt-ea"],"music":["http:\\/\\/www.lesch.org\\/tempore-quibusdam-libero-eum-non-beatae-sit"],"social_links":{"website":"http:\\/\\/www.feil.org\\/aperiam-velit-saepe-voluptatem-eveniet-nisi-nemo-voluptatem","facebook":"http:\\/\\/www.heaney.biz\\/","twitter":"http:\\/\\/kirlin.com\\/dignissimos-ullam-vel-nulla","pinterest":"http:\\/\\/nitzsche.com\\/recusandae-facere-minima-distinctio-nihil-optio-quisquam-unde-adipisci","instagram":"https:\\/\\/www.jakubowski.com\\/assumenda-repellat-possimus-odit-quia-animi-labore-nobis-placeat"}}', NULL, '2017-04-15 16:59:54', '2017-04-15 16:59:54', NULL),
	(5, 12, 'Margret', 'Lesch', '/storage/uploads/blog-posts/d9415ec3703c4084a5e276d7f684603a.jpeg', 'Canada', 'Officia qui odio omnis illo quidem odit est sunt. Quia iure repellendus autem. Eum natus velit qui mollitia laboriosam. Hic totam magnam et numquam ad nulla.', 'Ernserfurt', '1-250-986-3908', 'Steuber Ltd', 'Sethmouth', 'Up to 6 miles', '6 years', 'Yes', 'Sit reprehenderit sed itaque voluptas quis quae.', 'Yes', 'Yes', '2 week before', 'English', 'N/A', '{"images":["\\/storage\\/uploads\\/blog-posts\\/d9415ec3703c4084a5e276d7f684603a.jpeg","\\/storage\\/uploads\\/blog-posts\\/d9415ec3703c4084a5e276d7f684603a.jpeg","\\/storage\\/uploads\\/blog-posts\\/d9415ec3703c4084a5e276d7f684603a.jpeg","\\/storage\\/uploads\\/blog-posts\\/d9415ec3703c4084a5e276d7f684603a.jpeg","\\/storage\\/uploads\\/blog-posts\\/d9415ec3703c4084a5e276d7f684603a.jpeg"],"videos":["http:\\/\\/www.feeney.com\\/placeat-saepe-impedit-et-ea.html"],"music":["http:\\/\\/hoeger.com\\/repudiandae-fuga-doloribus-ullam-consequatur.html"],"social_links":{"website":"https:\\/\\/beatty.net\\/culpa-accusamus-sit-ea-occaecati-voluptatem.html","facebook":"http:\\/\\/simonis.com\\/","twitter":"http:\\/\\/www.reichert.com\\/aut-voluptatibus-tempore-deleniti-eos.html","pinterest":"http:\\/\\/www.murphy.info\\/repudiandae-commodi-ut-illum-assumenda","instagram":"http:\\/\\/www.howell.net\\/quod-libero-ut-velit-tempora-perspiciatis-voluptatibus.html"}}', NULL, '2017-04-15 16:59:55', '2017-04-15 16:59:55', NULL),
	(6, 13, 'Clare', 'Veum', '/storage/uploads/blog-posts/d9415ec3703c4084a5e276d7f684603a.jpeg', 'Canada', 'Pariatur et modi amet. Ea temporibus iure voluptatem magni exercitationem. Nesciunt et sunt aut optio. Numquam consectetur eligendi deserunt.', 'East Fiona', '219.938.2149 x2204', 'Hudson-Torp', 'New Fletcherland', 'Up to 5 miles', '5 years', 'Yes', 'Facilis reprehenderit voluptas itaque ducimus.', 'Yes', 'Yes', '7 week before', 'English', 'N/A', '{"images":["\\/storage\\/uploads\\/blog-posts\\/d9415ec3703c4084a5e276d7f684603a.jpeg","\\/storage\\/uploads\\/blog-posts\\/d9415ec3703c4084a5e276d7f684603a.jpeg","\\/storage\\/uploads\\/blog-posts\\/d9415ec3703c4084a5e276d7f684603a.jpeg","\\/storage\\/uploads\\/blog-posts\\/d9415ec3703c4084a5e276d7f684603a.jpeg","\\/storage\\/uploads\\/blog-posts\\/d9415ec3703c4084a5e276d7f684603a.jpeg"],"videos":["http:\\/\\/homenick.com\\/"],"music":["http:\\/\\/jones.com\\/ab-quis-atque-possimus-hic-neque-incidunt"],"social_links":{"website":"http:\\/\\/www.hagenes.info\\/voluptas-quia-enim-similique-soluta","facebook":"http:\\/\\/www.abshire.com\\/","twitter":"https:\\/\\/gislason.com\\/aliquid-architecto-placeat-occaecati-illum.html","pinterest":"http:\\/\\/www.kub.com\\/iusto-similique-et-commodi-exercitationem-qui-sed-maiores","instagram":"http:\\/\\/www.koelpin.com\\/aspernatur-et-deserunt-corrupti-exercitationem-recusandae"}}', NULL, '2017-04-15 16:59:55', '2017-04-15 16:59:55', NULL),
	(7, 14, 'Jimmy', 'Hansen', '/storage/uploads/blog-posts/d9415ec3703c4084a5e276d7f684603a.jpeg', 'Philippines', 'Rerum maxime veritatis quo vitae. Quae et voluptatem facilis quasi maiores quasi dolore. Ut non esse explicabo eligendi ducimus.', 'Kautzerside', '1-274-582-1734 x338', 'Boyer, Bechtelar and Bechtelar', 'Marleeberg', 'Up to 1 miles', '0 years', 'Yes', 'Illo non consectetur ut odio voluptate.', 'Yes', 'Yes', '5 week before', 'English', 'N/A', '{"images":["\\/storage\\/uploads\\/blog-posts\\/d9415ec3703c4084a5e276d7f684603a.jpeg","\\/storage\\/uploads\\/blog-posts\\/d9415ec3703c4084a5e276d7f684603a.jpeg","\\/storage\\/uploads\\/blog-posts\\/d9415ec3703c4084a5e276d7f684603a.jpeg","\\/storage\\/uploads\\/blog-posts\\/d9415ec3703c4084a5e276d7f684603a.jpeg","\\/storage\\/uploads\\/blog-posts\\/d9415ec3703c4084a5e276d7f684603a.jpeg"],"videos":["http:\\/\\/boyer.info\\/dolores-illum-earum-architecto-ut-omnis"],"music":["http:\\/\\/carter.com\\/beatae-error-quae-veritatis-nesciunt"],"social_links":{"website":"http:\\/\\/weissnat.com\\/voluptatem-vero-sunt-ipsam-aut-a-rerum-at.html","facebook":"http:\\/\\/www.bartell.com\\/consequatur-debitis-alias-quidem-dignissimos-necessitatibus","twitter":"https:\\/\\/www.homenick.org\\/maiores-consequuntur-assumenda-nam-ut-dicta-doloremque","pinterest":"http:\\/\\/www.mcclure.info\\/","instagram":"http:\\/\\/cronin.org\\/eligendi-aut-error-doloribus-accusantium-voluptatibus"}}', NULL, '2017-04-15 16:59:56', '2017-04-15 16:59:56', NULL),
	(8, 15, 'Luz', 'Larson', '/storage/uploads/blog-posts/d9415ec3703c4084a5e276d7f684603a.jpeg', 'Canada', 'Id libero minus illo id. Inventore excepturi et atque et odio. Est blanditiis delectus quos soluta quasi beatae vel.', 'South Agustina', '692.409.3406', 'Cormier and Sons', 'West Casandraport', 'Up to 9 miles', '2 years', 'Yes', 'Et impedit tempora neque asperiores nulla aut sit.', 'Yes', 'Yes', '5 week before', 'English', 'N/A', '{"images":["\\/storage\\/uploads\\/blog-posts\\/d9415ec3703c4084a5e276d7f684603a.jpeg","\\/storage\\/uploads\\/blog-posts\\/d9415ec3703c4084a5e276d7f684603a.jpeg","\\/storage\\/uploads\\/blog-posts\\/d9415ec3703c4084a5e276d7f684603a.jpeg","\\/storage\\/uploads\\/blog-posts\\/d9415ec3703c4084a5e276d7f684603a.jpeg","\\/storage\\/uploads\\/blog-posts\\/d9415ec3703c4084a5e276d7f684603a.jpeg"],"videos":["https:\\/\\/hammes.com\\/voluptatibus-alias-dignissimos-in-exercitationem-nesciunt-est-et-tenetur.html"],"music":["https:\\/\\/www.kuhn.com\\/optio-asperiores-eum-praesentium-dicta-sed-facilis-sapiente-optio"],"social_links":{"website":"https:\\/\\/cormier.com\\/delectus-voluptas-sed-eos-beatae-blanditiis-ipsa.html","facebook":"https:\\/\\/hand.com\\/dicta-cumque-est-eaque.html","twitter":"http:\\/\\/www.reinger.org\\/","pinterest":"http:\\/\\/witting.com\\/","instagram":"http:\\/\\/kuhn.com\\/autem-in-ut-aut-porro-praesentium"}}', NULL, '2017-04-15 16:59:56', '2017-04-15 16:59:56', NULL),
	(9, 16, 'Carolyn', 'Howell', '/storage/uploads/blog-posts/d9415ec3703c4084a5e276d7f684603a.jpeg', 'Philippines', 'Perferendis consectetur ut harum. Aperiam quis officiis magni aut aut dolorem est. Eaque ea quo fuga facere eos enim.', 'Kayleighport', '1-650-637-1897 x2374', 'Powlowski Group', 'South Melisa', 'Up to 2 miles', '6 years', 'Yes', 'Nesciunt qui autem totam autem et cum.', 'Yes', 'Yes', '5 week before', 'English', 'N/A', '{"images":["\\/storage\\/uploads\\/blog-posts\\/d9415ec3703c4084a5e276d7f684603a.jpeg","\\/storage\\/uploads\\/blog-posts\\/d9415ec3703c4084a5e276d7f684603a.jpeg","\\/storage\\/uploads\\/blog-posts\\/d9415ec3703c4084a5e276d7f684603a.jpeg","\\/storage\\/uploads\\/blog-posts\\/d9415ec3703c4084a5e276d7f684603a.jpeg","\\/storage\\/uploads\\/blog-posts\\/d9415ec3703c4084a5e276d7f684603a.jpeg"],"videos":["http:\\/\\/west.org\\/molestias-quasi-molestias-cum-et-sit-iure"],"music":["https:\\/\\/www.ankunding.net\\/totam-voluptate-nulla-est-distinctio"],"social_links":{"website":"https:\\/\\/www.gorczany.com\\/laboriosam-aut-vel-accusantium-est-cupiditate-enim-corporis-minima","facebook":"http:\\/\\/www.ryan.net\\/architecto-totam-qui-laudantium-dolorum","twitter":"http:\\/\\/www.pacocha.com\\/consequatur-vitae-molestias-nulla-voluptatem-nostrum-et.html","pinterest":"http:\\/\\/www.weimann.biz\\/veniam-dolor-animi-itaque-laudantium-quibusdam","instagram":"http:\\/\\/www.koch.org\\/distinctio-et-eos-vel-ab-quibusdam-qui.html"}}', NULL, '2017-04-15 16:59:57', '2017-04-15 16:59:57', NULL),
	(10, 17, 'Bessie', 'Lynch', '/storage/uploads/blog-posts/d9415ec3703c4084a5e276d7f684603a.jpeg', 'USA', 'Culpa aut qui deleniti quo ab molestiae. Beatae aperiam earum voluptatem dolore nesciunt. Iusto rem et sint magnam.', 'Michealfort', '450.930.1484 x7106', 'Robel, Kunde and O\'Reilly', 'Bartonfurt', 'Up to 0 miles', '8 years', 'Yes', 'Quia ipsam optio a voluptatem natus aut.', 'Yes', 'Yes', '8 week before', 'English', 'N/A', '{"images":["\\/storage\\/uploads\\/blog-posts\\/d9415ec3703c4084a5e276d7f684603a.jpeg","\\/storage\\/uploads\\/blog-posts\\/d9415ec3703c4084a5e276d7f684603a.jpeg","\\/storage\\/uploads\\/blog-posts\\/d9415ec3703c4084a5e276d7f684603a.jpeg","\\/storage\\/uploads\\/blog-posts\\/d9415ec3703c4084a5e276d7f684603a.jpeg","\\/storage\\/uploads\\/blog-posts\\/d9415ec3703c4084a5e276d7f684603a.jpeg"],"videos":["http:\\/\\/mcclure.com\\/et-qui-excepturi-iure-laudantium-nostrum-sit-vel.html"],"music":["http:\\/\\/www.hirthe.com\\/perspiciatis-unde-sed-minus-voluptas-id-tenetur.html"],"social_links":{"website":"https:\\/\\/abshire.com\\/dolores-voluptatem-sapiente-sequi-velit-accusantium-dolorem-ea.html","facebook":"http:\\/\\/www.satterfield.com\\/illo-eius-molestias-accusantium-autem.html","twitter":"http:\\/\\/predovic.com\\/soluta-doloremque-sunt-maxime-quisquam-facilis-harum-sed","pinterest":"http:\\/\\/hagenes.com\\/quam-officiis-optio-sit-qui-aut-aut-est","instagram":"http:\\/\\/tillman.biz\\/ipsum-ea-iure-quidem"}}', NULL, '2017-04-15 16:59:57', '2017-04-15 16:59:57', NULL),
	(11, 18, 'Paris', 'Littel', '/storage/uploads/blog-posts/d9415ec3703c4084a5e276d7f684603a.jpeg', 'USA', 'Sapiente voluptatem eaque quibusdam voluptates inventore. Itaque dolorum animi provident qui. Eius quaerat eos et dolorem. Et dolorem sunt omnis iste.', 'West Viva', '357-864-9434 x077', 'Christiansen LLC', 'Lake Quinn', 'Up to 1 miles', '4 years', 'Yes', 'Aut quam cupiditate assumenda odio.', 'Yes', 'Yes', '1 week before', 'English', 'N/A', '{"images":["\\/storage\\/uploads\\/blog-posts\\/d9415ec3703c4084a5e276d7f684603a.jpeg","\\/storage\\/uploads\\/blog-posts\\/d9415ec3703c4084a5e276d7f684603a.jpeg","\\/storage\\/uploads\\/blog-posts\\/d9415ec3703c4084a5e276d7f684603a.jpeg","\\/storage\\/uploads\\/blog-posts\\/d9415ec3703c4084a5e276d7f684603a.jpeg","\\/storage\\/uploads\\/blog-posts\\/d9415ec3703c4084a5e276d7f684603a.jpeg"],"videos":["http:\\/\\/stamm.info\\/"],"music":["http:\\/\\/gutkowski.com\\/consequuntur-illum-autem-a.html"],"social_links":{"website":"https:\\/\\/hane.com\\/repudiandae-architecto-ipsam-qui-qui-qui-temporibus.html","facebook":"http:\\/\\/kuhic.biz\\/est-occaecati-architecto-sint-aut-consectetur-velit-mollitia","twitter":"http:\\/\\/keeling.com\\/","pinterest":"http:\\/\\/greenfelder.net\\/explicabo-quasi-hic-sit-et-voluptatum-nisi","instagram":"http:\\/\\/www.hodkiewicz.info\\/"}}', NULL, '2017-04-15 16:59:58', '2017-04-15 16:59:58', NULL),
	(12, 19, 'Stephen', 'Breitenberg', '/storage/uploads/blog-posts/d9415ec3703c4084a5e276d7f684603a.jpeg', 'Philippines', 'Autem excepturi voluptatem tempora. Aut velit accusamus ut enim voluptas vero temporibus eos. Voluptatem omnis officia incidunt molestias.', 'Georgetteburgh', '(848) 829-1546', 'McClure, Maggio and Schowalter', 'North Anyafort', 'Up to 7 miles', '7 years', 'Yes', 'Provident quis minus minus aut quam iste.', 'Yes', 'Yes', '8 week before', 'English', 'N/A', '{"images":["\\/storage\\/uploads\\/blog-posts\\/d9415ec3703c4084a5e276d7f684603a.jpeg","\\/storage\\/uploads\\/blog-posts\\/d9415ec3703c4084a5e276d7f684603a.jpeg","\\/storage\\/uploads\\/blog-posts\\/d9415ec3703c4084a5e276d7f684603a.jpeg","\\/storage\\/uploads\\/blog-posts\\/d9415ec3703c4084a5e276d7f684603a.jpeg","\\/storage\\/uploads\\/blog-posts\\/d9415ec3703c4084a5e276d7f684603a.jpeg"],"videos":["http:\\/\\/bogisich.org\\/dolorem-modi-est-deserunt-dolorem-beatae.html"],"music":["https:\\/\\/willms.com\\/nesciunt-eveniet-nihil-suscipit-unde.html"],"social_links":{"website":"https:\\/\\/hauck.com\\/deleniti-eum-corrupti-reiciendis-odio-repudiandae-similique-velit-voluptates.html","facebook":"http:\\/\\/www.walsh.net\\/ad-et-et-alias-ipsa-id.html","twitter":"https:\\/\\/www.herzog.org\\/velit-animi-hic-incidunt-dolores-et-qui-modi","pinterest":"http:\\/\\/www.cassin.org\\/dolorem-omnis-reiciendis-inventore-possimus.html","instagram":"http:\\/\\/davis.com\\/voluptates-esse-sit-et-velit-perferendis-voluptatem"}}', NULL, '2017-04-15 16:59:58', '2017-04-15 16:59:58', NULL),
	(13, 20, 'Ismael', 'DuBuque', '/storage/uploads/blog-posts/d9415ec3703c4084a5e276d7f684603a.jpeg', 'Philippines', 'Quis eaque hic numquam ea omnis itaque occaecati. Deserunt quo soluta aliquid enim deleniti. Quae est et laudantium reiciendis.', 'New Heathermouth', '(990) 283-4221 x8183', 'Green, Powlowski and Crona', 'New Jerrybury', 'Up to 6 miles', '8 years', 'Yes', 'Et nemo distinctio suscipit nulla.', 'Yes', 'Yes', '6 week before', 'English', 'N/A', '{"images":["\\/storage\\/uploads\\/blog-posts\\/d9415ec3703c4084a5e276d7f684603a.jpeg","\\/storage\\/uploads\\/blog-posts\\/d9415ec3703c4084a5e276d7f684603a.jpeg","\\/storage\\/uploads\\/blog-posts\\/d9415ec3703c4084a5e276d7f684603a.jpeg","\\/storage\\/uploads\\/blog-posts\\/d9415ec3703c4084a5e276d7f684603a.jpeg","\\/storage\\/uploads\\/blog-posts\\/d9415ec3703c4084a5e276d7f684603a.jpeg"],"videos":["http:\\/\\/www.mraz.com\\/sed-voluptas-itaque-rerum-animi-maxime-quisquam"],"music":["http:\\/\\/www.swift.biz\\/repellat-rerum-sequi-voluptas-doloremque-ratione-qui-illo-rem"],"social_links":{"website":"http:\\/\\/konopelski.info\\/aperiam-rerum-quisquam-autem-culpa-et-error.html","facebook":"http:\\/\\/ondricka.com\\/aliquam-alias-quaerat-eligendi-rerum-eaque","twitter":"http:\\/\\/www.harvey.info\\/quia-voluptates-qui-ut-deserunt-dolorem-minima-quod-quo.html","pinterest":"http:\\/\\/greenfelder.info\\/fuga-quis-placeat-inventore-fugit-voluptatibus-voluptatem","instagram":"http:\\/\\/www.white.info\\/"}}', NULL, '2017-04-15 16:59:59', '2017-04-15 16:59:59', NULL),
	(14, 21, 'Eldora', 'Hane', '/storage/uploads/blog-posts/d9415ec3703c4084a5e276d7f684603a.jpeg', 'USA', 'Quo sapiente omnis aut deleniti voluptatibus ad. Corrupti dolore delectus eaque unde aut similique. Sit odit earum qui molestias.', 'Kundeville', '1-287-538-5670 x57715', 'Schulist, Stehr and Bahringer', 'North Luisafurt', 'Up to 4 miles', '8 years', 'Yes', 'Dolor totam et quae sit optio velit ut.', 'Yes', 'Yes', '8 week before', 'English', 'N/A', '{"images":["\\/storage\\/uploads\\/blog-posts\\/d9415ec3703c4084a5e276d7f684603a.jpeg","\\/storage\\/uploads\\/blog-posts\\/d9415ec3703c4084a5e276d7f684603a.jpeg","\\/storage\\/uploads\\/blog-posts\\/d9415ec3703c4084a5e276d7f684603a.jpeg","\\/storage\\/uploads\\/blog-posts\\/d9415ec3703c4084a5e276d7f684603a.jpeg","\\/storage\\/uploads\\/blog-posts\\/d9415ec3703c4084a5e276d7f684603a.jpeg"],"videos":["http:\\/\\/www.erdman.org\\/"],"music":["http:\\/\\/www.kub.com\\/"],"social_links":{"website":"http:\\/\\/www.koelpin.com\\/est-tempora-sequi-aliquam-expedita","facebook":"https:\\/\\/www.cartwright.biz\\/voluptas-consequatur-molestiae-similique-numquam-totam-perferendis","twitter":"http:\\/\\/koch.com\\/expedita-quo-molestiae-sapiente-autem-eligendi","pinterest":"http:\\/\\/www.russel.com\\/dolor-iusto-magni-officia-expedita-quia-autem","instagram":"http:\\/\\/www.quitzon.com\\/odit-pariatur-recusandae-consequuntur-dolorem-voluptatem-id"}}', NULL, '2017-04-15 17:00:00', '2017-04-15 17:00:00', NULL),
	(15, 22, 'Watson', 'Lebsack', '/storage/uploads/blog-posts/d9415ec3703c4084a5e276d7f684603a.jpeg', 'Canada', 'Eveniet ut vel facere sapiente ut. Ut omnis et aut sed optio voluptatum. Maiores officia aut sit quia. Qui minus eveniet quo illum quam at.', 'Elliechester', '326-966-4426 x0105', 'Lang and Sons', 'South Kacie', 'Up to 4 miles', '6 years', 'Yes', 'Autem dolores qui facilis molestiae nesciunt quas commodi.', 'Yes', 'Yes', '3 week before', 'English', 'N/A', '{"images":["\\/storage\\/uploads\\/blog-posts\\/d9415ec3703c4084a5e276d7f684603a.jpeg","\\/storage\\/uploads\\/blog-posts\\/d9415ec3703c4084a5e276d7f684603a.jpeg","\\/storage\\/uploads\\/blog-posts\\/d9415ec3703c4084a5e276d7f684603a.jpeg","\\/storage\\/uploads\\/blog-posts\\/d9415ec3703c4084a5e276d7f684603a.jpeg","\\/storage\\/uploads\\/blog-posts\\/d9415ec3703c4084a5e276d7f684603a.jpeg"],"videos":["https:\\/\\/ebert.com\\/et-et-aut-officiis-non.html"],"music":["http:\\/\\/cruickshank.com\\/voluptatum-blanditiis-sapiente-aut-consequatur-consequatur-ut-possimus"],"social_links":{"website":"http:\\/\\/abshire.com\\/est-non-voluptatem-rerum-accusamus-et-perferendis-reprehenderit.html","facebook":"http:\\/\\/www.lesch.org\\/","twitter":"http:\\/\\/torphy.biz\\/necessitatibus-id-molestiae-fugiat-sunt.html","pinterest":"https:\\/\\/rodriguez.com\\/dolorum-quis-omnis-rem-voluptatem-rem-omnis-et-qui.html","instagram":"http:\\/\\/gulgowski.com\\/"}}', NULL, '2017-04-15 17:00:00', '2017-04-15 17:00:00', NULL),
	(16, 23, 'Gavin', 'Braun', '/storage/uploads/blog-posts/d9415ec3703c4084a5e276d7f684603a.jpeg', 'Canada', 'Quia sit fugiat commodi iusto dolores necessitatibus eius. Expedita delectus repudiandae ut perferendis. Tenetur quaerat eos sapiente.', 'West Elvie', '(353) 787-0415', 'Durgan, Grimes and Johnston', 'Keeblerburgh', 'Up to 3 miles', '9 years', 'Yes', 'Iste accusantium delectus et et natus.', 'Yes', 'Yes', '2 week before', 'English', 'N/A', '{"images":["\\/storage\\/uploads\\/blog-posts\\/d9415ec3703c4084a5e276d7f684603a.jpeg","\\/storage\\/uploads\\/blog-posts\\/d9415ec3703c4084a5e276d7f684603a.jpeg","\\/storage\\/uploads\\/blog-posts\\/d9415ec3703c4084a5e276d7f684603a.jpeg","\\/storage\\/uploads\\/blog-posts\\/d9415ec3703c4084a5e276d7f684603a.jpeg","\\/storage\\/uploads\\/blog-posts\\/d9415ec3703c4084a5e276d7f684603a.jpeg"],"videos":["https:\\/\\/www.mayert.com\\/iste-dolore-quo-odio-et-eveniet"],"music":["https:\\/\\/conn.org\\/exercitationem-eligendi-harum-adipisci-dicta-ducimus.html"],"social_links":{"website":"http:\\/\\/www.veum.org\\/temporibus-consequuntur-occaecati-ipsam-earum-voluptatum-aliquam.html","facebook":"http:\\/\\/www.nikolaus.org\\/harum-possimus-blanditiis-doloribus-amet-perferendis-minima.html","twitter":"http:\\/\\/www.collier.com\\/","pinterest":"http:\\/\\/metz.biz\\/et-sequi-officia-veniam-ipsa","instagram":"http:\\/\\/kling.com\\/"}}', NULL, '2017-04-15 17:00:01', '2017-04-15 17:00:01', NULL),
	(17, 24, 'Antonetta', 'Wilderman', '/storage/uploads/blog-posts/d9415ec3703c4084a5e276d7f684603a.jpeg', 'Canada', 'Fuga autem ut est quis ut omnis. Porro alias sint ut exercitationem eos. Libero iure distinctio fuga asperiores.', 'Hartmannborough', '496.710.7233', 'Pfeffer, Cartwright and Goodwin', 'Sanfordchester', 'Up to 4 miles', '3 years', 'Yes', 'Alias tempore quaerat molestias exercitationem qui.', 'Yes', 'Yes', '8 week before', 'English', 'N/A', '{"images":["\\/storage\\/uploads\\/blog-posts\\/d9415ec3703c4084a5e276d7f684603a.jpeg","\\/storage\\/uploads\\/blog-posts\\/d9415ec3703c4084a5e276d7f684603a.jpeg","\\/storage\\/uploads\\/blog-posts\\/d9415ec3703c4084a5e276d7f684603a.jpeg","\\/storage\\/uploads\\/blog-posts\\/d9415ec3703c4084a5e276d7f684603a.jpeg","\\/storage\\/uploads\\/blog-posts\\/d9415ec3703c4084a5e276d7f684603a.jpeg"],"videos":["https:\\/\\/www.little.biz\\/dolor-error-illum-sed-vel-minus-laudantium-et"],"music":["http:\\/\\/sporer.info\\/"],"social_links":{"website":"http:\\/\\/www.krajcik.com\\/","facebook":"http:\\/\\/www.langosh.net\\/","twitter":"http:\\/\\/www.swift.info\\/repellendus-nulla-ut-suscipit-nesciunt-dolor-et.html","pinterest":"http:\\/\\/denesik.biz\\/","instagram":"https:\\/\\/corwin.biz\\/dolor-sed-recusandae-dolorem-alias.html"}}', NULL, '2017-04-15 17:00:01', '2017-04-15 17:00:01', NULL),
	(18, 25, 'Viviane', 'Sauer', '/storage/uploads/blog-posts/d9415ec3703c4084a5e276d7f684603a.jpeg', 'USA', 'Quo porro ut dolorem similique. Illum non modi quod molestiae. Consequatur modi ut quas voluptatibus architecto sunt perspiciatis. Et quia quia accusamus qui.', 'Torphystad', '+17475863778', 'Swift-Abernathy', 'West Jalonfort', 'Up to 3 miles', '5 years', 'Yes', 'Tempore dolor nihil rerum ab eos.', 'Yes', 'Yes', '7 week before', 'English', 'N/A', '{"images":["\\/storage\\/uploads\\/blog-posts\\/d9415ec3703c4084a5e276d7f684603a.jpeg","\\/storage\\/uploads\\/blog-posts\\/d9415ec3703c4084a5e276d7f684603a.jpeg","\\/storage\\/uploads\\/blog-posts\\/d9415ec3703c4084a5e276d7f684603a.jpeg","\\/storage\\/uploads\\/blog-posts\\/d9415ec3703c4084a5e276d7f684603a.jpeg","\\/storage\\/uploads\\/blog-posts\\/d9415ec3703c4084a5e276d7f684603a.jpeg"],"videos":["http:\\/\\/toy.info\\/"],"music":["http:\\/\\/www.hansen.com\\/enim-aut-ut-incidunt-fugiat-ut-aut"],"social_links":{"website":"http:\\/\\/www.wolff.com\\/itaque-tempora-et-consequuntur-non-dicta-aut-quos","facebook":"http:\\/\\/www.buckridge.biz\\/culpa-voluptas-corporis-iure-odit.html","twitter":"http:\\/\\/pollich.biz\\/eius-ea-aliquid-sit-ea","pinterest":"https:\\/\\/bauch.com\\/aliquam-sapiente-odit-ducimus-recusandae.html","instagram":"http:\\/\\/halvorson.com\\/odio-repellendus-ab-est-reprehenderit-nulla.html"}}', NULL, '2017-04-15 17:00:02', '2017-04-15 17:00:02', NULL),
	(19, 26, 'Eve', 'Nolan', '/storage/uploads/blog-posts/d9415ec3703c4084a5e276d7f684603a.jpeg', 'Philippines', 'In ut voluptas quos aut. Id numquam et dolorem necessitatibus voluptas nesciunt.', 'North Ricardohaven', '+1.902.985.8459', 'Beer LLC', 'Jaskolskimouth', 'Up to 9 miles', '8 years', 'Yes', 'Et doloribus quis consectetur.', 'Yes', 'Yes', '0 week before', 'English', 'N/A', '{"images":["\\/storage\\/uploads\\/blog-posts\\/d9415ec3703c4084a5e276d7f684603a.jpeg","\\/storage\\/uploads\\/blog-posts\\/d9415ec3703c4084a5e276d7f684603a.jpeg","\\/storage\\/uploads\\/blog-posts\\/d9415ec3703c4084a5e276d7f684603a.jpeg","\\/storage\\/uploads\\/blog-posts\\/d9415ec3703c4084a5e276d7f684603a.jpeg","\\/storage\\/uploads\\/blog-posts\\/d9415ec3703c4084a5e276d7f684603a.jpeg"],"videos":["https:\\/\\/www.gutkowski.net\\/repudiandae-exercitationem-accusantium-officiis-necessitatibus-non"],"music":["https:\\/\\/www.mcdermott.biz\\/maiores-natus-consequatur-et-non-molestias-debitis-ut"],"social_links":{"website":"http:\\/\\/www.haley.org\\/est-laboriosam-totam-natus-sequi-laborum-iste-ipsa","facebook":"http:\\/\\/www.stanton.com\\/minus-ut-cupiditate-deserunt-omnis-aut","twitter":"http:\\/\\/www.bogan.net\\/reiciendis-eaque-harum-esse-velit-autem-perspiciatis-ad","pinterest":"http:\\/\\/www.kessler.com\\/voluptatum-animi-debitis-numquam","instagram":"https:\\/\\/www.muller.com\\/et-velit-voluptate-excepturi-eveniet-iste"}}', NULL, '2017-04-15 17:00:03', '2017-04-15 17:00:03', NULL),
	(20, 27, 'Yvette', 'Nader', '/storage/uploads/blog-posts/d9415ec3703c4084a5e276d7f684603a.jpeg', 'USA', 'Quod sed ut ut debitis beatae. Voluptatem possimus sed ab sunt quae. Ea omnis quia harum optio est. Consectetur corporis harum ut ad.', 'Langbury', '1-520-708-7200 x625', 'Heller, Tillman and Watsica', 'Miracleberg', 'Up to 4 miles', '5 years', 'Yes', 'Impedit quibusdam voluptatibus illo quibusdam aut accusamus quia.', 'Yes', 'Yes', '5 week before', 'English', 'N/A', '{"images":["\\/storage\\/uploads\\/blog-posts\\/d9415ec3703c4084a5e276d7f684603a.jpeg","\\/storage\\/uploads\\/blog-posts\\/d9415ec3703c4084a5e276d7f684603a.jpeg","\\/storage\\/uploads\\/blog-posts\\/d9415ec3703c4084a5e276d7f684603a.jpeg","\\/storage\\/uploads\\/blog-posts\\/d9415ec3703c4084a5e276d7f684603a.jpeg","\\/storage\\/uploads\\/blog-posts\\/d9415ec3703c4084a5e276d7f684603a.jpeg"],"videos":["https:\\/\\/www.quitzon.org\\/doloribus-voluptates-alias-provident-ex"],"music":["http:\\/\\/hane.com\\/"],"social_links":{"website":"https:\\/\\/koss.com\\/ea-et-dignissimos-eos-id.html","facebook":"http:\\/\\/pollich.com\\/","twitter":"https:\\/\\/www.paucek.com\\/voluptatem-quasi-iure-unde-recusandae-aut-quos-quas","pinterest":"https:\\/\\/www.tromp.com\\/maxime-omnis-et-aperiam-ex-facilis-minus","instagram":"http:\\/\\/kuphal.net\\/"}}', NULL, '2017-04-15 17:00:04', '2017-04-15 17:00:04', NULL),
	(21, 28, 'John 2 ', 'Doe 3', NULL, NULL, NULL, 'QC', NULL, NULL, NULL, NULL, NULL, NULL, NULL, NULL, NULL, NULL, NULL, NULL, NULL, NULL, '2017-04-15 17:10:47', '2017-04-15 17:12:00', NULL);
/*!40000 ALTER TABLE `professional_informations` ENABLE KEYS */;


-- Dumping structure for table occassions_pro_db.professional_selected_categories
CREATE TABLE IF NOT EXISTS `professional_selected_categories` (
  `id` int(10) unsigned NOT NULL AUTO_INCREMENT,
  `professional_information_id` int(11) NOT NULL,
  `professional_category_id` int(11) NOT NULL,
  PRIMARY KEY (`id`)
) ENGINE=InnoDB AUTO_INCREMENT=201 DEFAULT CHARSET=utf8 COLLATE=utf8_unicode_ci;

-- Dumping data for table occassions_pro_db.professional_selected_categories: ~202 rows (approximately)
/*!40000 ALTER TABLE `professional_selected_categories` DISABLE KEYS */;
INSERT INTO `professional_selected_categories` (`id`, `professional_information_id`, `professional_category_id`) VALUES
	(1, 2, 8),
	(2, 1, 15),
	(3, 12, 11),
	(4, 1, 8),
	(5, 12, 15),
	(6, 8, 4),
	(7, 16, 15),
	(8, 10, 14),
	(9, 19, 11),
	(10, 13, 17),
	(11, 1, 14),
	(12, 12, 14),
	(13, 6, 2),
	(14, 5, 2),
	(15, 2, 3),
	(16, 12, 12),
	(17, 13, 17),
	(18, 14, 17),
	(19, 12, 13),
	(20, 9, 9),
	(21, 13, 6),
	(22, 1, 17),
	(23, 20, 11),
	(24, 2, 11),
	(25, 14, 14),
	(26, 6, 13),
	(27, 7, 17),
	(28, 3, 14),
	(29, 6, 8),
	(30, 11, 2),
	(31, 20, 13),
	(32, 4, 14),
	(33, 5, 7),
	(34, 6, 15),
	(35, 4, 11),
	(36, 3, 6),
	(37, 3, 3),
	(38, 8, 1),
	(39, 5, 12),
	(40, 18, 4),
	(41, 4, 4),
	(42, 6, 14),
	(43, 3, 14),
	(44, 2, 17),
	(45, 7, 5),
	(46, 17, 1),
	(47, 15, 17),
	(48, 10, 4),
	(49, 11, 17),
	(50, 6, 12),
	(51, 10, 18),
	(52, 8, 16),
	(53, 3, 9),
	(54, 10, 11),
	(55, 16, 17),
	(56, 12, 9),
	(57, 5, 14),
	(58, 3, 3),
	(59, 4, 13),
	(60, 6, 12),
	(61, 18, 6),
	(62, 10, 8),
	(63, 4, 12),
	(64, 19, 7),
	(65, 9, 15),
	(66, 9, 14),
	(67, 1, 1),
	(68, 10, 13),
	(69, 9, 6),
	(70, 8, 13),
	(71, 4, 15),
	(72, 10, 7),
	(73, 6, 14),
	(74, 18, 9),
	(75, 13, 7),
	(76, 8, 9),
	(77, 3, 12),
	(78, 8, 12),
	(79, 2, 3),
	(80, 7, 7),
	(81, 13, 1),
	(82, 5, 7),
	(83, 3, 15),
	(84, 18, 17),
	(85, 10, 5),
	(86, 2, 9),
	(87, 6, 7),
	(88, 7, 17),
	(89, 18, 7),
	(90, 9, 3),
	(91, 15, 17),
	(92, 4, 2),
	(93, 12, 11),
	(94, 6, 18),
	(95, 19, 18),
	(96, 18, 2),
	(97, 13, 11),
	(98, 18, 3),
	(99, 6, 2),
	(100, 10, 13),
	(101, 18, 7),
	(102, 8, 13),
	(103, 11, 10),
	(104, 2, 2),
	(105, 14, 9),
	(106, 12, 14),
	(107, 18, 4),
	(108, 20, 13),
	(109, 14, 1),
	(110, 15, 9),
	(111, 20, 17),
	(112, 9, 7),
	(113, 5, 15),
	(114, 16, 2),
	(115, 14, 17),
	(116, 13, 3),
	(117, 11, 4),
	(118, 4, 7),
	(119, 6, 13),
	(120, 11, 13),
	(121, 5, 12),
	(122, 9, 15),
	(123, 11, 12),
	(124, 2, 17),
	(125, 11, 3),
	(126, 13, 11),
	(127, 2, 16),
	(128, 8, 14),
	(129, 11, 6),
	(130, 5, 5),
	(131, 17, 7),
	(132, 20, 16),
	(133, 7, 10),
	(134, 2, 11),
	(135, 10, 18),
	(136, 13, 13),
	(137, 3, 15),
	(138, 19, 7),
	(139, 8, 17),
	(140, 19, 1),
	(141, 4, 9),
	(142, 17, 6),
	(143, 19, 14),
	(144, 13, 3),
	(145, 12, 14),
	(146, 18, 11),
	(147, 1, 2),
	(148, 14, 1),
	(149, 8, 13),
	(150, 17, 16),
	(151, 11, 2),
	(152, 4, 14),
	(153, 20, 6),
	(154, 3, 12),
	(155, 4, 8),
	(156, 2, 2),
	(157, 15, 8),
	(158, 20, 8),
	(159, 19, 12),
	(160, 15, 9),
	(161, 12, 11),
	(162, 5, 12),
	(163, 11, 14),
	(164, 8, 14),
	(165, 7, 6),
	(166, 14, 18),
	(167, 11, 11),
	(168, 12, 5),
	(169, 11, 10),
	(170, 7, 2),
	(171, 3, 13),
	(172, 13, 5),
	(173, 6, 4),
	(174, 7, 3),
	(175, 13, 8),
	(176, 3, 17),
	(177, 8, 5),
	(178, 14, 6),
	(179, 14, 16),
	(180, 15, 13),
	(181, 15, 9),
	(182, 9, 3),
	(183, 18, 12),
	(184, 1, 18),
	(185, 4, 7),
	(186, 16, 18),
	(187, 18, 8),
	(188, 11, 14),
	(189, 20, 11),
	(190, 12, 15),
	(191, 1, 10),
	(192, 19, 4),
	(193, 20, 17),
	(194, 14, 1),
	(195, 8, 11),
	(196, 20, 5),
	(197, 12, 16),
	(198, 5, 12),
	(199, 16, 18),
	(200, 5, 9);
/*!40000 ALTER TABLE `professional_selected_categories` ENABLE KEYS */;


-- Dumping structure for table occassions_pro_db.reminders
CREATE TABLE IF NOT EXISTS `reminders` (
  `id` int(10) unsigned NOT NULL AUTO_INCREMENT,
  `user_id` int(10) unsigned NOT NULL,
  `code` varchar(255) COLLATE utf8_unicode_ci NOT NULL,
  `completed` tinyint(1) NOT NULL DEFAULT '0',
  `completed_at` timestamp NULL DEFAULT NULL,
  `created_at` timestamp NULL DEFAULT NULL,
  `updated_at` timestamp NULL DEFAULT NULL,
  PRIMARY KEY (`id`)
) ENGINE=InnoDB DEFAULT CHARSET=utf8 COLLATE=utf8_unicode_ci;

-- Dumping data for table occassions_pro_db.reminders: ~0 rows (approximately)
/*!40000 ALTER TABLE `reminders` DISABLE KEYS */;
/*!40000 ALTER TABLE `reminders` ENABLE KEYS */;


-- Dumping structure for table occassions_pro_db.roles
CREATE TABLE IF NOT EXISTS `roles` (
  `id` int(10) unsigned NOT NULL AUTO_INCREMENT,
  `slug` varchar(255) COLLATE utf8_unicode_ci NOT NULL,
  `name` varchar(255) COLLATE utf8_unicode_ci NOT NULL,
  `permissions` text COLLATE utf8_unicode_ci,
  `created_at` timestamp NULL DEFAULT NULL,
  `updated_at` timestamp NULL DEFAULT NULL,
  PRIMARY KEY (`id`),
  UNIQUE KEY `roles_slug_unique` (`slug`)
) ENGINE=InnoDB AUTO_INCREMENT=5 DEFAULT CHARSET=utf8 COLLATE=utf8_unicode_ci;

-- Dumping data for table occassions_pro_db.roles: ~4 rows (approximately)
/*!40000 ALTER TABLE `roles` DISABLE KEYS */;
INSERT INTO `roles` (`id`, `slug`, `name`, `permissions`, `created_at`, `updated_at`) VALUES
	(1, 'admins', 'Admins', '{"admin":true}', '2017-04-15 16:59:25', '2017-04-15 16:59:25'),
	(2, 'users', 'Users', '{"user":true}', '2017-04-15 16:59:26', '2017-04-15 16:59:26'),
	(3, 'clients', 'Clients', '{"client":true}', '2017-04-15 16:59:26', '2017-04-15 16:59:26'),
	(4, 'professionals', 'Professionals', '{"professional":true}', '2017-04-15 16:59:27', '2017-04-15 16:59:27');
/*!40000 ALTER TABLE `roles` ENABLE KEYS */;


-- Dumping structure for table occassions_pro_db.role_users
CREATE TABLE IF NOT EXISTS `role_users` (
  `user_id` int(10) unsigned NOT NULL,
  `role_id` int(10) unsigned NOT NULL,
  `created_at` timestamp NULL DEFAULT NULL,
  `updated_at` timestamp NULL DEFAULT NULL,
  PRIMARY KEY (`user_id`,`role_id`)
) ENGINE=InnoDB DEFAULT CHARSET=utf8 COLLATE=utf8_unicode_ci;

-- Dumping data for table occassions_pro_db.role_users: ~30 rows (approximately)
/*!40000 ALTER TABLE `role_users` DISABLE KEYS */;
INSERT INTO `role_users` (`user_id`, `role_id`, `created_at`, `updated_at`) VALUES
	(1, 1, '2017-04-15 16:59:28', '2017-04-15 16:59:28'),
	(2, 1, '2017-04-15 16:59:29', '2017-04-15 16:59:29'),
	(3, 1, '2017-04-15 16:59:30', '2017-04-15 16:59:30'),
	(4, 1, '2017-04-15 16:59:30', '2017-04-15 16:59:30'),
	(5, 1, '2017-04-15 16:59:31', '2017-04-15 16:59:31'),
	(6, 1, '2017-04-15 16:59:32', '2017-04-15 16:59:32'),
	(7, 1, '2017-04-15 16:59:33', '2017-04-15 16:59:33'),
	(8, 2, '2017-04-15 16:59:48', '2017-04-15 16:59:48'),
	(9, 2, '2017-04-15 16:59:51', '2017-04-15 16:59:51'),
	(10, 2, '2017-04-15 16:59:53', '2017-04-15 16:59:53'),
	(11, 2, '2017-04-15 16:59:54', '2017-04-15 16:59:54'),
	(12, 2, '2017-04-15 16:59:55', '2017-04-15 16:59:55'),
	(13, 2, '2017-04-15 16:59:55', '2017-04-15 16:59:55'),
	(14, 2, '2017-04-15 16:59:56', '2017-04-15 16:59:56'),
	(15, 2, '2017-04-15 16:59:56', '2017-04-15 16:59:56'),
	(16, 2, '2017-04-15 16:59:57', '2017-04-15 16:59:57'),
	(17, 2, '2017-04-15 16:59:58', '2017-04-15 16:59:58'),
	(18, 2, '2017-04-15 16:59:58', '2017-04-15 16:59:58'),
	(19, 2, '2017-04-15 16:59:59', '2017-04-15 16:59:59'),
	(20, 2, '2017-04-15 16:59:59', '2017-04-15 16:59:59'),
	(21, 2, '2017-04-15 17:00:00', '2017-04-15 17:00:00'),
	(22, 2, '2017-04-15 17:00:00', '2017-04-15 17:00:00'),
	(23, 2, '2017-04-15 17:00:01', '2017-04-15 17:00:01'),
	(24, 2, '2017-04-15 17:00:01', '2017-04-15 17:00:01'),
	(25, 2, '2017-04-15 17:00:02', '2017-04-15 17:00:02'),
	(26, 2, '2017-04-15 17:00:03', '2017-04-15 17:00:03'),
	(27, 2, '2017-04-15 17:00:04', '2017-04-15 17:00:04'),
	(28, 3, '2017-04-15 17:10:46', '2017-04-15 17:10:46');
/*!40000 ALTER TABLE `role_users` ENABLE KEYS */;


-- Dumping structure for table occassions_pro_db.skills_categories
CREATE TABLE IF NOT EXISTS `skills_categories` (
  `id` int(10) unsigned NOT NULL AUTO_INCREMENT,
  `name` varchar(255) COLLATE utf8_unicode_ci NOT NULL,
  `parent` int(11) NOT NULL,
  `status` enum('0','1') COLLATE utf8_unicode_ci NOT NULL,
  `deleted_at` timestamp NULL DEFAULT NULL,
  `created_at` timestamp NULL DEFAULT NULL,
  `updated_at` timestamp NULL DEFAULT NULL,
  PRIMARY KEY (`id`)
) ENGINE=InnoDB AUTO_INCREMENT=203 DEFAULT CHARSET=utf8 COLLATE=utf8_unicode_ci;

-- Dumping data for table occassions_pro_db.skills_categories: ~211 rows (approximately)
/*!40000 ALTER TABLE `skills_categories` DISABLE KEYS */;
INSERT INTO `skills_categories` (`id`, `name`, `parent`, `status`, `deleted_at`, `created_at`, `updated_at`) VALUES
	(1, 'temporibus', 0, '1', NULL, '2017-04-15 17:00:12', '2017-04-15 17:00:12'),
	(2, 'quis', 0, '1', NULL, '2017-04-15 17:00:13', '2017-04-15 17:00:13'),
	(3, 'autem', 0, '1', NULL, '2017-04-15 17:00:13', '2017-04-15 17:00:13'),
	(4, 'aut', 0, '1', NULL, '2017-04-15 17:00:13', '2017-04-15 17:00:13'),
	(5, 'reiciendis', 0, '1', NULL, '2017-04-15 17:00:13', '2017-04-15 17:00:13'),
	(6, 'labore', 0, '1', NULL, '2017-04-15 17:00:13', '2017-04-15 17:00:13'),
	(7, 'sapiente', 0, '1', NULL, '2017-04-15 17:00:13', '2017-04-15 17:00:13'),
	(8, 'quo', 0, '1', NULL, '2017-04-15 17:00:13', '2017-04-15 17:00:13'),
	(9, 'necessitatibus', 0, '1', NULL, '2017-04-15 17:00:13', '2017-04-15 17:00:13'),
	(10, 'dolor', 0, '1', NULL, '2017-04-15 17:00:13', '2017-04-15 17:00:13'),
	(11, 'nam', 0, '1', NULL, '2017-04-15 17:00:14', '2017-04-15 17:00:14'),
	(12, 'cupiditate', 0, '1', NULL, '2017-04-15 17:00:14', '2017-04-15 17:00:14'),
	(13, 'est', 0, '1', NULL, '2017-04-15 17:00:14', '2017-04-15 17:00:14'),
	(14, 'fugiat', 0, '1', NULL, '2017-04-15 17:00:14', '2017-04-15 17:00:14'),
	(15, 'rerum', 0, '1', NULL, '2017-04-15 17:00:14', '2017-04-15 17:00:14'),
	(16, 'aliquam', 0, '1', NULL, '2017-04-15 17:00:14', '2017-04-15 17:00:14'),
	(17, 'vitae', 0, '1', NULL, '2017-04-15 17:00:14', '2017-04-15 17:00:14'),
	(18, 'quia', 0, '1', NULL, '2017-04-15 17:00:14', '2017-04-15 17:00:14'),
	(19, 'labore', 0, '1', NULL, '2017-04-15 17:00:14', '2017-04-15 17:00:14'),
	(20, 'in', 0, '1', NULL, '2017-04-15 17:00:14', '2017-04-15 17:00:14'),
	(21, 'voluptate', 0, '1', NULL, '2017-04-15 17:00:14', '2017-04-15 17:00:14'),
	(22, 'dolore', 0, '1', NULL, '2017-04-15 17:00:14', '2017-04-15 17:00:14'),
	(23, 'eveniet', 0, '1', NULL, '2017-04-15 17:00:14', '2017-04-15 17:00:14'),
	(24, 'itaque', 0, '1', NULL, '2017-04-15 17:00:14', '2017-04-15 17:00:14'),
	(25, 'quia', 0, '1', NULL, '2017-04-15 17:00:14', '2017-04-15 17:00:14'),
	(26, 'iure', 1, '1', NULL, '2017-04-15 17:00:15', '2017-04-15 17:00:15'),
	(27, 'in', 1, '1', NULL, '2017-04-15 17:00:15', '2017-04-15 17:00:15'),
	(28, 'optio', 1, '1', NULL, '2017-04-15 17:00:15', '2017-04-15 17:00:15'),
	(29, 'quo', 1, '1', NULL, '2017-04-15 17:00:15', '2017-04-15 17:00:15'),
	(30, 'maxime', 1, '1', NULL, '2017-04-15 17:00:15', '2017-04-15 17:00:15'),
	(31, 'dolorem', 1, '1', NULL, '2017-04-15 17:00:15', '2017-04-15 17:00:15'),
	(32, 'in', 1, '1', NULL, '2017-04-15 17:00:15', '2017-04-15 17:00:15'),
	(33, 'consequatur', 2, '1', NULL, '2017-04-15 17:00:16', '2017-04-15 17:00:16'),
	(34, 'qui', 2, '1', NULL, '2017-04-15 17:00:16', '2017-04-15 17:00:16'),
	(35, 'quo', 2, '1', NULL, '2017-04-15 17:00:16', '2017-04-15 17:00:16'),
	(36, 'laboriosam', 2, '1', NULL, '2017-04-15 17:00:16', '2017-04-15 17:00:16'),
	(37, 'occaecati', 2, '1', NULL, '2017-04-15 17:00:16', '2017-04-15 17:00:16'),
	(38, 'sed', 2, '1', NULL, '2017-04-15 17:00:16', '2017-04-15 17:00:16'),
	(39, 'ex', 3, '1', NULL, '2017-04-15 17:00:16', '2017-04-15 17:00:17'),
	(40, 'ducimus', 3, '1', NULL, '2017-04-15 17:00:16', '2017-04-15 17:00:17'),
	(41, 'doloremque', 3, '1', NULL, '2017-04-15 17:00:17', '2017-04-15 17:00:17'),
	(42, 'molestiae', 3, '1', NULL, '2017-04-15 17:00:17', '2017-04-15 17:00:17'),
	(43, 'dolorem', 3, '1', NULL, '2017-04-15 17:00:17', '2017-04-15 17:00:17'),
	(44, 'voluptatem', 3, '1', NULL, '2017-04-15 17:00:17', '2017-04-15 17:00:17'),
	(45, 'magnam', 3, '1', NULL, '2017-04-15 17:00:17', '2017-04-15 17:00:18'),
	(46, 'iste', 4, '1', NULL, '2017-04-15 17:00:18', '2017-04-15 17:00:26'),
	(47, 'est', 4, '1', NULL, '2017-04-15 17:00:25', '2017-04-15 17:00:26'),
	(48, 'animi', 4, '1', NULL, '2017-04-15 17:00:25', '2017-04-15 17:00:26'),
	(49, 'quidem', 4, '1', NULL, '2017-04-15 17:00:26', '2017-04-15 17:00:26'),
	(50, 'fugit', 4, '1', NULL, '2017-04-15 17:00:26', '2017-04-15 17:00:27'),
	(51, 'laudantium', 5, '1', NULL, '2017-04-15 17:00:27', '2017-04-15 17:00:27'),
	(52, 'eum', 5, '1', NULL, '2017-04-15 17:00:27', '2017-04-15 17:00:27'),
	(53, 'accusantium', 5, '1', NULL, '2017-04-15 17:00:27', '2017-04-15 17:00:27'),
	(54, 'iste', 5, '1', NULL, '2017-04-15 17:00:27', '2017-04-15 17:00:28'),
	(55, 'voluptatum', 5, '1', NULL, '2017-04-15 17:00:27', '2017-04-15 17:00:28'),
	(56, 'voluptatem', 5, '1', NULL, '2017-04-15 17:00:27', '2017-04-15 17:00:28'),
	(57, 'voluptatem', 5, '1', NULL, '2017-04-15 17:00:27', '2017-04-15 17:00:28'),
	(58, 'tempora', 5, '1', NULL, '2017-04-15 17:00:27', '2017-04-15 17:00:28'),
	(59, 'libero', 6, '1', NULL, '2017-04-15 17:00:28', '2017-04-15 17:00:29'),
	(60, 'voluptatum', 6, '1', NULL, '2017-04-15 17:00:28', '2017-04-15 17:00:29'),
	(61, 'maiores', 6, '1', NULL, '2017-04-15 17:00:28', '2017-04-15 17:00:29'),
	(62, 'corporis', 6, '1', NULL, '2017-04-15 17:00:28', '2017-04-15 17:00:29'),
	(63, 'laudantium', 6, '1', NULL, '2017-04-15 17:00:28', '2017-04-15 17:00:29'),
	(64, 'expedita', 6, '1', NULL, '2017-04-15 17:00:28', '2017-04-15 17:00:29'),
	(65, 'ea', 6, '1', NULL, '2017-04-15 17:00:28', '2017-04-15 17:00:29'),
	(66, 'tenetur', 6, '1', NULL, '2017-04-15 17:00:28', '2017-04-15 17:00:29'),
	(67, 'esse', 7, '1', NULL, '2017-04-15 17:00:30', '2017-04-15 17:00:30'),
	(68, 'quas', 7, '1', NULL, '2017-04-15 17:00:30', '2017-04-15 17:00:31'),
	(69, 'sed', 7, '1', NULL, '2017-04-15 17:00:30', '2017-04-15 17:00:31'),
	(70, 'ipsum', 7, '1', NULL, '2017-04-15 17:00:30', '2017-04-15 17:00:31'),
	(71, 'rerum', 7, '1', NULL, '2017-04-15 17:00:30', '2017-04-15 17:00:31'),
	(72, 'et', 7, '1', NULL, '2017-04-15 17:00:30', '2017-04-15 17:00:31'),
	(73, 'quisquam', 7, '1', NULL, '2017-04-15 17:00:30', '2017-04-15 17:00:31'),
	(74, 'aut', 7, '1', NULL, '2017-04-15 17:00:30', '2017-04-15 17:00:31'),
	(75, 'similique', 8, '1', NULL, '2017-04-15 17:00:31', '2017-04-15 17:00:32'),
	(76, 'dolorem', 8, '1', NULL, '2017-04-15 17:00:32', '2017-04-15 17:00:32'),
	(77, 'omnis', 8, '1', NULL, '2017-04-15 17:00:32', '2017-04-15 17:00:32'),
	(78, 'aspernatur', 8, '1', NULL, '2017-04-15 17:00:32', '2017-04-15 17:00:32'),
	(79, 'et', 8, '1', NULL, '2017-04-15 17:00:32', '2017-04-15 17:00:33'),
	(80, 'libero', 8, '1', NULL, '2017-04-15 17:00:32', '2017-04-15 17:00:33'),
	(81, 'incidunt', 9, '1', NULL, '2017-04-15 17:00:33', '2017-04-15 17:00:34'),
	(82, 'asperiores', 9, '1', NULL, '2017-04-15 17:00:33', '2017-04-15 17:00:34'),
	(83, 'esse', 9, '1', NULL, '2017-04-15 17:00:33', '2017-04-15 17:00:34'),
	(84, 'voluptas', 9, '1', NULL, '2017-04-15 17:00:34', '2017-04-15 17:00:34'),
	(85, 'deleniti', 9, '1', NULL, '2017-04-15 17:00:34', '2017-04-15 17:00:34'),
	(86, 'quia', 9, '1', NULL, '2017-04-15 17:00:34', '2017-04-15 17:00:34'),
	(87, 'corrupti', 9, '1', NULL, '2017-04-15 17:00:34', '2017-04-15 17:00:34'),
	(88, 'cum', 10, '1', NULL, '2017-04-15 17:00:35', '2017-04-15 17:00:36'),
	(89, 'saepe', 10, '1', NULL, '2017-04-15 17:00:35', '2017-04-15 17:00:36'),
	(90, 'sit', 10, '1', NULL, '2017-04-15 17:00:35', '2017-04-15 17:00:36'),
	(91, 'assumenda', 10, '1', NULL, '2017-04-15 17:00:35', '2017-04-15 17:00:36'),
	(92, 'voluptate', 10, '1', NULL, '2017-04-15 17:00:35', '2017-04-15 17:00:36'),
	(93, 'ea', 10, '1', NULL, '2017-04-15 17:00:35', '2017-04-15 17:00:36'),
	(94, 'harum', 10, '1', NULL, '2017-04-15 17:00:35', '2017-04-15 17:00:37'),
	(95, 'rerum', 10, '1', NULL, '2017-04-15 17:00:35', '2017-04-15 17:00:37'),
	(96, 'temporibus', 10, '1', NULL, '2017-04-15 17:00:35', '2017-04-15 17:00:37'),
	(97, 'excepturi', 10, '1', NULL, '2017-04-15 17:00:35', '2017-04-15 17:00:37'),
	(98, 'animi', 11, '1', NULL, '2017-04-15 17:00:37', '2017-04-15 17:00:38'),
	(99, 'aut', 11, '1', NULL, '2017-04-15 17:00:37', '2017-04-15 17:00:38'),
	(100, 'vel', 11, '1', NULL, '2017-04-15 17:00:37', '2017-04-15 17:00:38'),
	(101, 'inventore', 11, '1', NULL, '2017-04-15 17:00:37', '2017-04-15 17:00:38'),
	(102, 'exercitationem', 11, '1', NULL, '2017-04-15 17:00:37', '2017-04-15 17:00:38'),
	(103, 'quaerat', 11, '1', NULL, '2017-04-15 17:00:37', '2017-04-15 17:00:38'),
	(104, 'consectetur', 11, '1', NULL, '2017-04-15 17:00:37', '2017-04-15 17:00:38'),
	(105, 'at', 11, '1', NULL, '2017-04-15 17:00:37', '2017-04-15 17:00:38'),
	(106, 'eos', 11, '1', NULL, '2017-04-15 17:00:38', '2017-04-15 17:00:39'),
	(107, 'aliquam', 12, '1', NULL, '2017-04-15 17:00:39', '2017-04-15 17:00:39'),
	(108, 'tempore', 12, '1', NULL, '2017-04-15 17:00:39', '2017-04-15 17:00:39'),
	(109, 'et', 12, '1', NULL, '2017-04-15 17:00:39', '2017-04-15 17:00:39'),
	(110, 'et', 12, '1', NULL, '2017-04-15 17:00:39', '2017-04-15 17:00:39'),
	(111, 'eos', 12, '1', NULL, '2017-04-15 17:00:39', '2017-04-15 17:00:40'),
	(112, 'cum', 12, '1', NULL, '2017-04-15 17:00:39', '2017-04-15 17:00:40'),
	(113, 'veritatis', 12, '1', NULL, '2017-04-15 17:00:39', '2017-04-15 17:00:40'),
	(114, 'animi', 12, '1', NULL, '2017-04-15 17:00:39', '2017-04-15 17:00:40'),
	(115, 'ipsam', 13, '1', NULL, '2017-04-15 17:00:40', '2017-04-15 17:00:40'),
	(116, 'et', 13, '1', NULL, '2017-04-15 17:00:40', '2017-04-15 17:00:40'),
	(117, 'facilis', 13, '1', NULL, '2017-04-15 17:00:40', '2017-04-15 17:00:41'),
	(118, 'dolore', 13, '1', NULL, '2017-04-15 17:00:40', '2017-04-15 17:00:41'),
	(119, 'et', 13, '1', NULL, '2017-04-15 17:00:40', '2017-04-15 17:00:41'),
	(120, 'nam', 13, '1', NULL, '2017-04-15 17:00:40', '2017-04-15 17:00:41'),
	(121, 'voluptatem', 14, '1', NULL, '2017-04-15 17:00:41', '2017-04-15 17:00:41'),
	(122, 'praesentium', 14, '1', NULL, '2017-04-15 17:00:41', '2017-04-15 17:00:41'),
	(123, 'dicta', 14, '1', NULL, '2017-04-15 17:00:41', '2017-04-15 17:00:42'),
	(124, 'ut', 14, '1', NULL, '2017-04-15 17:00:41', '2017-04-15 17:00:42'),
	(125, 'rerum', 14, '1', NULL, '2017-04-15 17:00:41', '2017-04-15 17:00:42'),
	(126, 'sint', 14, '1', NULL, '2017-04-15 17:00:41', '2017-04-15 17:00:42'),
	(127, 'quisquam', 14, '1', NULL, '2017-04-15 17:00:41', '2017-04-15 17:00:42'),
	(128, 'voluptatem', 14, '1', NULL, '2017-04-15 17:00:41', '2017-04-15 17:00:42'),
	(129, 'accusantium', 15, '1', NULL, '2017-04-15 17:00:42', '2017-04-15 17:00:43'),
	(130, 'voluptas', 15, '1', NULL, '2017-04-15 17:00:42', '2017-04-15 17:00:43'),
	(131, 'rerum', 15, '1', NULL, '2017-04-15 17:00:42', '2017-04-15 17:00:43'),
	(132, 'voluptas', 15, '1', NULL, '2017-04-15 17:00:42', '2017-04-15 17:00:43'),
	(133, 'dolorum', 15, '1', NULL, '2017-04-15 17:00:42', '2017-04-15 17:00:43'),
	(134, 'sequi', 15, '1', NULL, '2017-04-15 17:00:42', '2017-04-15 17:00:43'),
	(135, 'provident', 16, '1', NULL, '2017-04-15 17:00:43', '2017-04-15 17:00:44'),
	(136, 'neque', 16, '1', NULL, '2017-04-15 17:00:43', '2017-04-15 17:00:44'),
	(137, 'id', 16, '1', NULL, '2017-04-15 17:00:44', '2017-04-15 17:00:44'),
	(138, 'sequi', 16, '1', NULL, '2017-04-15 17:00:44', '2017-04-15 17:00:44'),
	(139, 'vero', 16, '1', NULL, '2017-04-15 17:00:44', '2017-04-15 17:00:44'),
	(140, 'aut', 16, '1', NULL, '2017-04-15 17:00:44', '2017-04-15 17:00:44'),
	(141, 'ab', 17, '1', NULL, '2017-04-15 17:00:44', '2017-04-15 17:00:45'),
	(142, 'numquam', 17, '1', NULL, '2017-04-15 17:00:44', '2017-04-15 17:00:45'),
	(143, 'nihil', 17, '1', NULL, '2017-04-15 17:00:44', '2017-04-15 17:00:45'),
	(144, 'voluptatem', 17, '1', NULL, '2017-04-15 17:00:45', '2017-04-15 17:00:45'),
	(145, 'est', 17, '1', NULL, '2017-04-15 17:00:45', '2017-04-15 17:00:45'),
	(146, 'quis', 18, '1', NULL, '2017-04-15 17:00:45', '2017-04-15 17:00:45'),
	(147, 'sequi', 18, '1', NULL, '2017-04-15 17:00:45', '2017-04-15 17:00:45'),
	(148, 'beatae', 18, '1', NULL, '2017-04-15 17:00:45', '2017-04-15 17:00:45'),
	(149, 'reiciendis', 18, '1', NULL, '2017-04-15 17:00:45', '2017-04-15 17:00:45'),
	(150, 'non', 18, '1', NULL, '2017-04-15 17:00:45', '2017-04-15 17:00:46'),
	(151, 'ut', 19, '1', NULL, '2017-04-15 17:00:46', '2017-04-15 17:00:46'),
	(152, 'ad', 19, '1', NULL, '2017-04-15 17:00:46', '2017-04-15 17:00:46'),
	(153, 'molestiae', 19, '1', NULL, '2017-04-15 17:00:46', '2017-04-15 17:00:46'),
	(154, 'est', 19, '1', NULL, '2017-04-15 17:00:46', '2017-04-15 17:00:46'),
	(155, 'nisi', 19, '1', NULL, '2017-04-15 17:00:46', '2017-04-15 17:00:46'),
	(156, 'ut', 19, '1', NULL, '2017-04-15 17:00:46', '2017-04-15 17:00:47'),
	(157, 'praesentium', 19, '1', NULL, '2017-04-15 17:00:46', '2017-04-15 17:00:47'),
	(158, 'quia', 19, '1', NULL, '2017-04-15 17:00:46', '2017-04-15 17:00:47'),
	(159, 'est', 20, '1', NULL, '2017-04-15 17:00:47', '2017-04-15 17:00:47'),
	(160, 'officiis', 20, '1', NULL, '2017-04-15 17:00:47', '2017-04-15 17:00:47'),
	(161, 'fugit', 20, '1', NULL, '2017-04-15 17:00:47', '2017-04-15 17:00:47'),
	(162, 'numquam', 20, '1', NULL, '2017-04-15 17:00:47', '2017-04-15 17:00:48'),
	(163, 'facere', 20, '1', NULL, '2017-04-15 17:00:47', '2017-04-15 17:00:48'),
	(164, 'consequatur', 21, '1', NULL, '2017-04-15 17:00:48', '2017-04-15 17:00:48'),
	(165, 'aperiam', 21, '1', NULL, '2017-04-15 17:00:48', '2017-04-15 17:00:48'),
	(166, 'autem', 21, '1', NULL, '2017-04-15 17:00:48', '2017-04-15 17:00:49'),
	(167, 'aut', 21, '1', NULL, '2017-04-15 17:00:48', '2017-04-15 17:00:49'),
	(168, 'est', 21, '1', NULL, '2017-04-15 17:00:48', '2017-04-15 17:00:49'),
	(169, 'mollitia', 21, '1', NULL, '2017-04-15 17:00:48', '2017-04-15 17:00:49'),
	(170, 'porro', 22, '1', NULL, '2017-04-15 17:00:49', '2017-04-15 17:00:50'),
	(171, 'dicta', 22, '1', NULL, '2017-04-15 17:00:49', '2017-04-15 17:00:50'),
	(172, 'ea', 22, '1', NULL, '2017-04-15 17:00:49', '2017-04-15 17:00:50'),
	(173, 'enim', 22, '1', NULL, '2017-04-15 17:00:49', '2017-04-15 17:00:50'),
	(174, 'eum', 22, '1', NULL, '2017-04-15 17:00:49', '2017-04-15 17:00:50'),
	(175, 'incidunt', 22, '1', NULL, '2017-04-15 17:00:49', '2017-04-15 17:00:50'),
	(176, 'eos', 22, '1', NULL, '2017-04-15 17:00:49', '2017-04-15 17:00:50'),
	(177, 'excepturi', 22, '1', NULL, '2017-04-15 17:00:49', '2017-04-15 17:00:50'),
	(178, 'modi', 23, '1', NULL, '2017-04-15 17:00:50', '2017-04-15 17:00:51'),
	(179, 'harum', 23, '1', NULL, '2017-04-15 17:00:50', '2017-04-15 17:00:51'),
	(180, 'at', 23, '1', NULL, '2017-04-15 17:00:50', '2017-04-15 17:00:51'),
	(181, 'ratione', 23, '1', NULL, '2017-04-15 17:00:50', '2017-04-15 17:00:51'),
	(182, 'sed', 23, '1', NULL, '2017-04-15 17:00:50', '2017-04-15 17:00:51'),
	(183, 'aliquam', 23, '1', NULL, '2017-04-15 17:00:51', '2017-04-15 17:00:51'),
	(184, 'eius', 23, '1', NULL, '2017-04-15 17:00:51', '2017-04-15 17:00:51'),
	(185, 'vero', 24, '1', NULL, '2017-04-15 17:00:51', '2017-04-15 17:00:52'),
	(186, 'provident', 24, '1', NULL, '2017-04-15 17:00:51', '2017-04-15 17:00:52'),
	(187, 'dolores', 24, '1', NULL, '2017-04-15 17:00:51', '2017-04-15 17:00:52'),
	(188, 'sapiente', 24, '1', NULL, '2017-04-15 17:00:51', '2017-04-15 17:00:52'),
	(189, 'tempore', 24, '1', NULL, '2017-04-15 17:00:51', '2017-04-15 17:00:52'),
	(190, 'et', 24, '1', NULL, '2017-04-15 17:00:52', '2017-04-15 17:00:52'),
	(191, 'et', 24, '1', NULL, '2017-04-15 17:00:52', '2017-04-15 17:00:52'),
	(192, 'similique', 24, '1', NULL, '2017-04-15 17:00:52', '2017-04-15 17:00:52'),
	(193, 'in', 25, '1', NULL, '2017-04-15 17:00:52', '2017-04-15 17:00:53'),
	(194, 'architecto', 25, '1', NULL, '2017-04-15 17:00:52', '2017-04-15 17:00:53'),
	(195, 'non', 25, '1', NULL, '2017-04-15 17:00:53', '2017-04-15 17:00:53'),
	(196, 'eaque', 25, '1', NULL, '2017-04-15 17:00:53', '2017-04-15 17:00:54'),
	(197, 'dolorem', 25, '1', NULL, '2017-04-15 17:00:53', '2017-04-15 17:00:54'),
	(198, 'deleniti', 25, '1', NULL, '2017-04-15 17:00:53', '2017-04-15 17:00:54'),
	(199, 'provident', 25, '1', NULL, '2017-04-15 17:00:53', '2017-04-15 17:00:54'),
	(200, 'perferendis', 25, '1', NULL, '2017-04-15 17:00:53', '2017-04-15 17:00:54'),
	(201, 'velit', 25, '1', NULL, '2017-04-15 17:00:53', '2017-04-15 17:00:54'),
	(202, 'rerum', 25, '1', NULL, '2017-04-15 17:00:53', '2017-04-15 17:00:54');
/*!40000 ALTER TABLE `skills_categories` ENABLE KEYS */;


-- Dumping structure for table occassions_pro_db.testimonials
CREATE TABLE IF NOT EXISTS `testimonials` (
  `id` int(10) unsigned NOT NULL AUTO_INCREMENT,
  `title` varchar(255) COLLATE utf8_unicode_ci NOT NULL,
  `feedback` text COLLATE utf8_unicode_ci NOT NULL,
  `created_by` int(11) NOT NULL,
  `created_for` int(11) NOT NULL,
  `event_id` int(11) NOT NULL,
  `rating` int(11) NOT NULL,
  `status` enum('0','1') COLLATE utf8_unicode_ci NOT NULL,
  `deleted_at` timestamp NULL DEFAULT NULL,
  `created_at` timestamp NULL DEFAULT NULL,
  `updated_at` timestamp NULL DEFAULT NULL,
  PRIMARY KEY (`id`)
) ENGINE=InnoDB AUTO_INCREMENT=151 DEFAULT CHARSET=utf8 COLLATE=utf8_unicode_ci;

-- Dumping data for table occassions_pro_db.testimonials: ~150 rows (approximately)
/*!40000 ALTER TABLE `testimonials` DISABLE KEYS */;
INSERT INTO `testimonials` (`id`, `title`, `feedback`, `created_by`, `created_for`, `event_id`, `rating`, `status`, `deleted_at`, `created_at`, `updated_at`) VALUES
	(1, 'Soup! Soup of the legs of the Gryphon, \'that they WOULD not remember ever.', 'Sit est a quas quae excepturi est neque. Aut et quia praesentium tempore. Id tenetur qui eos quas reiciendis alias.', 18, 26, 18, 1, '1', NULL, '2017-04-15 17:01:40', '2017-04-15 17:01:57'),
	(2, 'Mock Turtle, \'Drive on, old fellow! Don\'t be all day about it!\' Last came.', 'Commodi nostrum est culpa voluptatibus ut voluptas esse. Rerum sequi qui voluptatem cupiditate aut.', 18, 20, 6, 1, '1', NULL, '2017-04-15 17:01:40', '2017-04-15 17:01:58'),
	(3, 'Caterpillar, just as she could see her after the birds! Why, she\'ll eat a.', 'Sit quo qui quo pariatur possimus porro at mollitia. Qui doloremque est voluptatem autem. Non in fugit ut unde corporis.', 20, 17, 19, 1, '1', NULL, '2017-04-15 17:01:40', '2017-04-15 17:01:58'),
	(4, 'I COULD NOT SWIM--" you can\'t take more.\' \'You mean you can\'t help it,\'.', 'Voluptas error fugiat eum sint voluptates. Velit esse voluptatem praesentium.', 2, 17, 5, 1, '1', NULL, '2017-04-15 17:01:40', '2017-04-15 17:01:58'),
	(5, 'I almost wish I hadn\'t gone down that rabbit-hole--and yet--and yet--it\'s.', 'Voluptas illo iusto cumque aut molestias id vel. Dolorem quisquam accusamus delectus laudantium et magnam quibusdam. Nesciunt quis omnis sunt voluptatem.', 5, 11, 2, 1, '1', NULL, '2017-04-15 17:01:40', '2017-04-15 17:01:58'),
	(6, 'Alice had no very clear notion how long ago anything had happened.) So.', 'Porro placeat et aut sit nesciunt. Assumenda sequi id et quo architecto et. Et voluptatem quam maxime sed non veritatis ut magni. Minus sed quia dolorum in vitae.', 10, 23, 14, 1, '1', NULL, '2017-04-15 17:01:40', '2017-04-15 17:01:58'),
	(7, 'Yet you turned a corner, \'Oh my ears and the baby joined):-- \'Wow! wow!.', 'Totam qui ducimus in corporis sed. Et rem quis consectetur modi suscipit officia consequatur est. At expedita laudantium et est. Quis similique saepe quod alias animi expedita temporibus.', 8, 1, 16, 1, '1', NULL, '2017-04-15 17:01:40', '2017-04-15 17:01:58'),
	(8, 'Alice, and she ran off at once, and ran till she was playing against.', 'Debitis architecto facere soluta vel et exercitationem ducimus. Libero dolore maiores omnis et minima voluptatibus blanditiis aliquid. Est et qui et ab.', 8, 27, 2, 1, '1', NULL, '2017-04-15 17:01:40', '2017-04-15 17:01:59'),
	(9, 'Queen,\' and she went on, taking first one side and up the other, looking.', 'Doloribus sint vero explicabo quia eos maiores voluptas id. Ratione quae et et.', 5, 2, 15, 1, '1', NULL, '2017-04-15 17:01:40', '2017-04-15 17:01:59'),
	(10, 'However, the Multiplication Table doesn\'t signify: let\'s try Geography..', 'Reiciendis quo blanditiis vel provident minima dolores hic. Incidunt sed consequatur occaecati nulla at esse omnis. Earum fuga natus nihil non nemo. Est quia architecto veniam ut ut.', 6, 3, 2, 1, '1', NULL, '2017-04-15 17:01:40', '2017-04-15 17:01:59'),
	(11, 'I wonder what CAN have happened to you? Tell us all about as much as she.', 'Dolores a voluptates labore officiis ut ducimus consequatur. Quis a aspernatur ex minus est. Expedita commodi corrupti aspernatur ipsum sit voluptate aut.', 7, 5, 12, 1, '1', NULL, '2017-04-15 17:01:40', '2017-04-15 17:01:59'),
	(12, 'Mock Turtle, and to stand on their slates, and she tried hard to whistle.', 'Animi et accusamus qui autem aut. Et aliquam nulla doloribus deleniti.', 27, 8, 10, 1, '1', NULL, '2017-04-15 17:01:40', '2017-04-15 17:01:59'),
	(13, 'Alice would not join the dance? Will you, won\'t you, will you, won\'t you,.', 'Id cum aperiam quisquam dolorem et harum. Distinctio pariatur magnam est dolore. Non minus ut ut nostrum explicabo quidem quia. Quidem voluptas est laboriosam quibusdam aliquam fuga dignissimos.', 5, 2, 14, 1, '1', NULL, '2017-04-15 17:01:40', '2017-04-15 17:01:59'),
	(14, 'Hatter. \'He won\'t stand beating. Now, if you were down here till I\'m.', 'Amet aliquid necessitatibus molestias animi. Pariatur repudiandae aspernatur magni sunt voluptate recusandae et doloremque. Rerum quia tempora est saepe sequi fugiat.', 27, 21, 13, 1, '1', NULL, '2017-04-15 17:01:41', '2017-04-15 17:01:59'),
	(15, 'Do you think you\'re changed, do you?\' \'I\'m afraid I don\'t believe there\'s.', 'Ut alias dolor doloribus harum. Tenetur repudiandae et dolores. Numquam qui voluptates quo nihil sint dolores aliquid.', 7, 17, 20, 1, '1', NULL, '2017-04-15 17:01:41', '2017-04-15 17:01:59'),
	(16, 'Duchess sneezed occasionally; and as Alice could speak again. In a minute.', 'Id modi laudantium tempore dolorum. Quos doloribus tenetur vel nam et deleniti.', 13, 27, 14, 1, '1', NULL, '2017-04-15 17:01:41', '2017-04-15 17:02:00'),
	(17, 'Mouse replied rather impatiently: \'any shrimp could have been a RED.', 'Id aut incidunt ullam dolorem aspernatur libero. Minima enim adipisci aut assumenda qui. Sint expedita repellat voluptatem.', 26, 23, 17, 1, '1', NULL, '2017-04-15 17:01:41', '2017-04-15 17:02:00'),
	(18, 'March Hare went \'Sh! sh!\' and the Mock Turtle: \'nine the next, and so.', 'Quia nihil dolorem qui est dolorem et vero. Corporis repudiandae sapiente molestiae quia. Ullam alias voluptas autem vero ut.', 18, 15, 7, 1, '1', NULL, '2017-04-15 17:01:41', '2017-04-15 17:02:00'),
	(19, 'I\'ll manage better this time,\' she said to herself, \'Why, they\'re only a.', 'Unde rerum dolorum pariatur quae exercitationem vel. Omnis quam voluptatem nulla sed nihil ut. Voluptatum explicabo laudantium sed voluptas rerum ipsam.', 26, 25, 17, 1, '1', NULL, '2017-04-15 17:01:41', '2017-04-15 17:02:00'),
	(20, 'Alice crouched down among the leaves, which she had hurt the poor little.', 'Commodi sed repellat ex voluptatibus ducimus rerum temporibus sunt. Dicta aliquam qui et quibusdam. Aut odit officiis delectus. Tempora inventore ut a in et vel magnam.', 15, 18, 6, 1, '1', NULL, '2017-04-15 17:01:41', '2017-04-15 17:02:00'),
	(21, 'Come on!\' \'Everybody says "come on!" here,\' thought Alice, \'shall I NEVER.', 'Molestiae sit iste incidunt voluptates id vel qui. Voluptas expedita id iusto est nostrum non dicta vel. Cupiditate tempora et sit voluptatem.', 20, 16, 9, 1, '1', NULL, '2017-04-15 17:01:41', '2017-04-15 17:02:00'),
	(22, 'Mouse, who was beginning to write out a race-course, in a piteous tone..', 'Voluptas et aliquam aut aut ex consequatur temporibus. In in sapiente sunt perferendis voluptatem. Quidem sed tempore officia delectus.', 16, 8, 4, 1, '1', NULL, '2017-04-15 17:01:41', '2017-04-15 17:02:00'),
	(23, 'Twinkle, twinkle--"\' Here the Queen ordering off her knowledge, as there.', 'Ipsum suscipit officiis error aut rerum. Eos odit ea assumenda aliquid officia. Vero aut eum voluptatibus aliquid id eius voluptatibus aut. Qui ut et non.', 8, 8, 20, 1, '1', NULL, '2017-04-15 17:01:41', '2017-04-15 17:02:01'),
	(24, 'I must have a trial: For really this morning I\'ve nothing to what I say,\'.', 'Odio minima et ea sit perspiciatis atque doloremque. Praesentium quia et et qui cum aperiam. Dolor velit debitis distinctio rerum et dolores.', 21, 19, 13, 1, '1', NULL, '2017-04-15 17:01:41', '2017-04-15 17:02:01'),
	(25, 'She drew her foot slipped, and in another moment down went Alice like the.', 'Dolorem pariatur modi explicabo quos consequatur. Corporis facere explicabo repudiandae. Facilis ipsam adipisci ipsa ut amet dolorem id. Placeat consequatur temporibus sapiente dolores rerum.', 1, 10, 8, 1, '1', NULL, '2017-04-15 17:01:41', '2017-04-15 17:02:01'),
	(26, 'Lobster Quadrille, that she let the Dormouse say?\' one of the house, and.', 'Temporibus omnis est dolores sunt culpa reprehenderit deserunt. Corrupti facilis delectus delectus libero deleniti. Commodi odit aspernatur explicabo ut. Debitis et voluptatum ea nihil officiis.', 14, 17, 13, 1, '1', NULL, '2017-04-15 17:01:41', '2017-04-15 17:02:01'),
	(27, 'Alice, very earnestly. \'I\'ve had nothing else to say a word, but slowly.', 'Voluptates quia voluptatem sequi autem quos aspernatur vel. Autem et sit et et quidem. Sed deleniti expedita quaerat. Dolores laborum eos nostrum.', 14, 14, 10, 1, '1', NULL, '2017-04-15 17:01:41', '2017-04-15 17:02:01'),
	(28, 'And how odd the directions will look! ALICE\'S RIGHT FOOT, ESQ. HEARTHRUG,.', 'Numquam ea harum hic ratione cumque ut. Similique qui cum nostrum et. Sequi debitis laboriosam in.', 15, 25, 16, 1, '1', NULL, '2017-04-15 17:01:41', '2017-04-15 17:02:01'),
	(29, 'Mock Turtle. \'Certainly not!\' said Alice to herself. \'I dare say there.', 'Aliquid qui quia aspernatur aspernatur autem voluptas. Est et nulla quia rerum laboriosam reprehenderit est. Fugiat veniam est veniam expedita ipsum sit.', 27, 26, 19, 1, '1', NULL, '2017-04-15 17:01:41', '2017-04-15 17:02:01'),
	(30, 'MINE.\' The Queen turned angrily away from him, and said anxiously to.', 'Ut aut laboriosam et voluptatum aliquam soluta. Molestias qui enim illo nam asperiores et. Doloribus soluta ea labore harum dolor distinctio.', 2, 26, 9, 1, '1', NULL, '2017-04-15 17:01:41', '2017-04-15 17:02:01'),
	(31, 'King. \'I can\'t explain MYSELF, I\'m afraid, sir\' said Alice, \'and why it.', 'Sit minima ipsa quia nisi recusandae rerum. Doloribus voluptatem voluptatibus vel rerum voluptatem.', 25, 2, 16, 1, '1', NULL, '2017-04-15 17:01:41', '2017-04-15 17:02:02'),
	(32, 'Footman, \'and that for the end of the Nile On every golden scale! \'How.', 'Cum molestiae aut exercitationem voluptas deleniti. Rerum harum accusantium saepe incidunt corporis ut. Accusantium aut saepe eveniet quo sit omnis.', 21, 3, 16, 1, '1', NULL, '2017-04-15 17:01:42', '2017-04-15 17:02:02'),
	(33, 'Alice! when she had felt quite strange at first; but she heard her.', 'Qui tenetur est optio quis velit doloribus quaerat. Minus exercitationem provident quidem et corporis. Numquam et unde aliquid molestiae labore.', 3, 15, 19, 1, '1', NULL, '2017-04-15 17:01:42', '2017-04-15 17:02:02'),
	(34, 'Alice started to her head, she tried to speak, but for a great deal to.', 'Quod nam modi tenetur quaerat et. Qui impedit sequi odit non. Aut doloribus pariatur et officiis omnis mollitia.', 13, 14, 20, 1, '1', NULL, '2017-04-15 17:01:42', '2017-04-15 17:02:02'),
	(35, 'You MUST have meant some mischief, or else you\'d have signed your name.', 'Possimus id nesciunt necessitatibus deleniti sequi asperiores. Consequatur aut molestiae corrupti veritatis at alias fuga. Deleniti molestias soluta accusamus porro numquam quasi.', 24, 9, 17, 1, '1', NULL, '2017-04-15 17:01:42', '2017-04-15 17:02:02'),
	(36, 'Alice. \'And where HAVE my shoulders got to? And oh, I wish you were or.', 'Odio laborum laboriosam necessitatibus vero provident voluptatibus. Earum ea et et molestiae iusto fuga. Voluptatem explicabo neque provident illo ut non assumenda.', 26, 9, 8, 1, '1', NULL, '2017-04-15 17:01:42', '2017-04-15 17:02:02'),
	(37, 'Gryphon interrupted in a deep, hollow tone: \'sit down, both of you, and.', 'Tempore error dolorem sit animi dolor eum sint quae. Voluptas ut iusto et qui aut. Earum voluptas repellat aut accusantium. Fugiat molestiae sunt voluptatibus est dolore et sunt.', 24, 22, 17, 1, '1', NULL, '2017-04-15 17:01:42', '2017-04-15 17:02:02'),
	(38, 'Where CAN I have done that?\' she thought. \'I must be a letter, after all:.', 'Sapiente natus dolore ducimus est voluptas. Velit porro eos debitis blanditiis aut ipsum quam. Sit sit reiciendis ullam sit qui quia qui. Inventore iste esse ipsam veritatis.', 25, 15, 8, 1, '1', NULL, '2017-04-15 17:01:42', '2017-04-15 17:02:03'),
	(39, 'When I used to queer things happening. While she was surprised to find my.', 'Dolor odit amet sint odio nostrum dolore. Est tempora itaque voluptatem in.', 6, 26, 8, 1, '1', NULL, '2017-04-15 17:01:42', '2017-04-15 17:02:03'),
	(40, 'And the executioner myself,\' said the Lory hastily. \'I don\'t know much,\'.', 'Occaecati et voluptatem sapiente qui aut aliquam. Repellendus nobis quae perspiciatis. Vel deserunt at necessitatibus est. Sequi id occaecati voluptatem non nobis.', 9, 23, 4, 1, '1', NULL, '2017-04-15 17:01:42', '2017-04-15 17:02:03'),
	(41, 'Gryphon, the squeaking of the other side of the what?\' said the King..', 'In deserunt rerum accusantium pariatur porro. Voluptas ut totam non deserunt pariatur ut vel. Eos totam commodi sunt est doloribus.', 1, 11, 14, 1, '1', NULL, '2017-04-15 17:01:42', '2017-04-15 17:02:03'),
	(42, 'I can\'t take more.\' \'You mean you can\'t swim, can you?\' he added, turning.', 'Facilis ut excepturi possimus in possimus sunt iure. Hic sed laboriosam iure amet et provident possimus. Aut officiis ipsam et possimus quo.', 22, 24, 4, 1, '1', NULL, '2017-04-15 17:01:42', '2017-04-15 17:02:03'),
	(43, 'King: \'however, it may kiss my hand if it had been. But her sister on the.', 'Deleniti repudiandae aut repellendus eius molestiae accusantium. Eum magni voluptates et rerum optio optio. Sed aut sed qui occaecati tempora nemo. Commodi qui incidunt quasi.', 3, 10, 18, 1, '1', NULL, '2017-04-15 17:01:42', '2017-04-15 17:02:03'),
	(44, 'Alice, \'how am I to get out at all a pity. I said "What for?"\' \'She boxed.', 'Praesentium autem at porro dolores. Qui et temporibus ab et et. Adipisci doloremque harum dolore reiciendis eum est.', 25, 8, 5, 1, '1', NULL, '2017-04-15 17:01:43', '2017-04-15 17:02:04'),
	(45, 'Crab took the regular course.\' \'What was that?\' inquired Alice. \'Reeling.', 'Dolorum consequatur inventore non ut facilis. Porro debitis id enim. Quaerat eligendi vitae cum facilis.', 19, 1, 2, 1, '1', NULL, '2017-04-15 17:01:43', '2017-04-15 17:02:04'),
	(46, 'I hadn\'t quite finished my tea when I was a large ring, with the Queen,\'.', 'Aut dicta pariatur dolorem consequatur natus. Quae soluta earum sint quia minima. Suscipit laboriosam ab sed non ut voluptatem officiis earum. Quo praesentium dolores maiores.', 9, 22, 18, 1, '1', NULL, '2017-04-15 17:01:43', '2017-04-15 17:02:04'),
	(47, 'King. The next thing was waving its tail when it\'s angry, and wags its.', 'Velit dolorum sit sed. Ut at beatae omnis voluptas doloremque. Cum aut tempora officia velit.', 7, 6, 9, 1, '1', NULL, '2017-04-15 17:01:43', '2017-04-15 17:02:04'),
	(48, 'Alice guessed in a helpless sort of way to fly up into hers--she could.', 'Omnis nemo cumque enim non fugiat aut unde. Illo voluptates excepturi sint nobis voluptatem. Dolorem a quaerat maiores placeat voluptas voluptatem voluptas.', 4, 17, 7, 1, '1', NULL, '2017-04-15 17:01:43', '2017-04-15 17:02:04'),
	(49, 'So she went on, \'--likely to win, that it\'s hardly worth while finishing.', 'Rerum sed doloribus labore exercitationem ipsum. Error est illo soluta modi voluptatem qui. Quisquam id architecto velit officia et autem velit repellendus.', 11, 26, 15, 1, '1', NULL, '2017-04-15 17:01:43', '2017-04-15 17:02:04'),
	(50, 'I\'m never sure what I\'m going to turn into a tree. \'Did you speak?\' \'Not.', 'Ipsum omnis quia placeat asperiores sit. Ratione dolores itaque harum sed.', 18, 24, 8, 1, '1', NULL, '2017-04-15 17:01:43', '2017-04-15 17:02:04'),
	(51, 'Alice, swallowing down her flamingo, and began to get very tired of.', 'Consequuntur ipsam dolorum eligendi velit et atque. Et quo rerum vel quia error ea necessitatibus. Tempore soluta sunt cupiditate.', 26, 26, 10, 1, '1', NULL, '2017-04-15 17:01:44', '2017-04-15 17:02:04'),
	(52, 'No, it\'ll never do to ask: perhaps I shall remember it in the chimney as.', 'Provident modi neque in error amet. Vero quo est aut alias. Totam ab consectetur nemo voluptatem et quisquam quisquam.', 14, 6, 3, 1, '1', NULL, '2017-04-15 17:01:44', '2017-04-15 17:02:05'),
	(53, 'Mock Turtle sighed deeply, and began, in a hurried nervous manner,.', 'Natus quasi est delectus minima aperiam possimus. Voluptatem sit illum optio et omnis. Incidunt tempora ut repudiandae ab labore.', 2, 17, 16, 1, '1', NULL, '2017-04-15 17:01:44', '2017-04-15 17:02:05'),
	(54, 'This was not a regular rule: you invented it just missed her. Alice.', 'Sint dolore vero aliquid sapiente. Cupiditate facere dolorem est doloribus harum cumque. Ab ut perferendis qui.\nOdio ut et sit. Repellat fuga sunt facere.', 22, 23, 12, 1, '1', NULL, '2017-04-15 17:01:44', '2017-04-15 17:02:05'),
	(55, 'Mock Turtle sang this, very slowly and sadly:-- \'"Will you walk a little.', 'Aliquid odit nesciunt omnis cum quo. Quibusdam nisi atque at doloremque ut id. Et porro aut est dolorum qui quibusdam consequuntur assumenda.', 7, 6, 20, 1, '1', NULL, '2017-04-15 17:01:44', '2017-04-15 17:02:05'),
	(56, 'White Rabbit put on her face in some alarm. This time Alice waited a.', 'Vel accusantium voluptatibus nam placeat. Vero temporibus tempora officiis perspiciatis voluptatum rerum ipsa sunt. Dolores officiis omnis hic quam. Culpa velit et et.', 7, 14, 12, 1, '1', NULL, '2017-04-15 17:01:44', '2017-04-15 17:02:05'),
	(57, 'Eaglet. \'I don\'t see,\' said the Queen. \'Can you play croquet with the.', 'Voluptates a voluptatem mollitia omnis illo sit. Impedit ea dolores debitis est atque adipisci error est. Quas dolor nihil aperiam sequi. Recusandae fugiat veniam sint nihil aperiam.', 19, 16, 3, 1, '1', NULL, '2017-04-15 17:01:44', '2017-04-15 17:02:05'),
	(58, 'Then followed the Knave of Hearts, carrying the King\'s crown on a little.', 'In magnam sunt dicta excepturi eligendi recusandae ut. Quam id dicta similique ex quis officiis.', 12, 5, 19, 1, '1', NULL, '2017-04-15 17:01:44', '2017-04-15 17:02:06'),
	(59, 'They were indeed a queer-looking party that assembled on the slate..', 'Et deserunt ipsam esse qui voluptatibus. Id eum quo molestias quas eaque. Consequuntur quo sed ipsam odit. Eos quisquam perspiciatis qui aperiam ipsum quia expedita.', 11, 1, 17, 1, '1', NULL, '2017-04-15 17:01:44', '2017-04-15 17:02:06'),
	(60, 'Queen was to get through the door, she found it made Alice quite jumped;.', 'Dolorem similique est vel nihil aut sint. Deleniti quasi eaque molestias quidem blanditiis iure. Amet sit veritatis recusandae.', 21, 5, 20, 1, '1', NULL, '2017-04-15 17:01:45', '2017-04-15 17:02:06'),
	(61, 'However, it was as much as she heard her voice sounded hoarse and.', 'Sint aut officia aut est similique quo. Dolorem distinctio sit autem natus quidem. Nostrum dolor harum assumenda necessitatibus ipsam consectetur perspiciatis.', 19, 14, 6, 1, '1', NULL, '2017-04-15 17:01:45', '2017-04-15 17:02:07'),
	(62, 'The Fish-Footman began by taking the little thing was waving its right.', 'Et iure sed aspernatur sequi quo recusandae. In quo dolor voluptatem omnis id. At voluptatem eligendi eum natus omnis ad.', 26, 21, 17, 1, '1', NULL, '2017-04-15 17:01:45', '2017-04-15 17:02:07'),
	(63, 'It doesn\'t look like it?\' he said, turning to Alice, they all crowded.', 'Quos consequatur velit veritatis ducimus vel. Repellat error iusto cumque quo est provident. Nulla est ex labore nihil id iusto. Rerum perspiciatis molestiae in.', 17, 5, 4, 1, '1', NULL, '2017-04-15 17:01:45', '2017-04-15 17:02:07'),
	(64, 'He was an old conger-eel, that used to it in less than a rat-hole: she.', 'Nobis repellendus est quo labore neque ratione. Asperiores perferendis eum sed. Rerum veritatis tempore ad excepturi. Et atque et rem incidunt officiis dolorem laboriosam.', 15, 11, 11, 1, '1', NULL, '2017-04-15 17:01:45', '2017-04-15 17:02:07'),
	(65, 'I would talk on such a thing as "I sleep when I got up and throw us, with.', 'Quam sit optio molestias ea ut. Autem iusto enim eum pariatur aliquam maiores expedita. At et molestiae exercitationem vel atque ut. Temporibus ex nesciunt similique ut at voluptas.', 19, 6, 12, 1, '1', NULL, '2017-04-15 17:01:45', '2017-04-15 17:02:07'),
	(66, 'You\'re mad.\' \'How do you call it purring, not growling,\' said Alice..', 'Et sunt et animi ut aut occaecati similique. Iure impedit molestias libero vitae consequatur vel. Reiciendis dolores accusantium illum.', 15, 15, 1, 1, '1', NULL, '2017-04-15 17:01:45', '2017-04-15 17:02:07'),
	(67, 'Alice. \'And be quick about it,\' said Alice indignantly, and she soon made.', 'Sit aut libero sit ut hic nihil et. Et odit autem porro dolor quis quisquam. Velit laudantium repellendus facere iusto sed id odio.', 15, 1, 17, 1, '1', NULL, '2017-04-15 17:01:46', '2017-04-15 17:02:07'),
	(68, 'Alice whispered, \'that it\'s done by everybody minding their own.', 'Maxime adipisci ut odit necessitatibus distinctio. Sapiente mollitia iure nihil ea. Quam molestiae voluptatem ab veritatis. Doloremque rem repellat sint.', 4, 20, 20, 1, '1', NULL, '2017-04-15 17:01:46', '2017-04-15 17:02:08'),
	(69, 'Gryphon, \'that they WOULD not remember the simple and loving heart of her.', 'At quod ut qui blanditiis. Voluptatem saepe velit id fugiat. Cumque adipisci aut harum sequi temporibus.', 1, 19, 13, 1, '1', NULL, '2017-04-15 17:01:46', '2017-04-15 17:02:08'),
	(70, 'French mouse, come over with diamonds, and walked off; the Dormouse.', 'Voluptatem quas nobis placeat nihil adipisci illo sit cupiditate. Rerum illum est temporibus tenetur consequatur et delectus. Sint reprehenderit possimus vel ducimus.', 6, 16, 4, 1, '1', NULL, '2017-04-15 17:01:46', '2017-04-15 17:02:08'),
	(71, 'Hatter. Alice felt so desperate that she was quite pleased to have got in.', 'Aut est vitae facilis sint architecto iure. Est nostrum et totam. Possimus non voluptas voluptatem numquam quia dolor vel cumque. Maiores aut vel in facilis rem enim.', 12, 19, 7, 1, '1', NULL, '2017-04-15 17:01:46', '2017-04-15 17:02:08'),
	(72, 'Dodo suddenly called out \'The Queen! The Queen!\' and the poor little.', 'Id est illo id. Sequi quaerat et hic consequuntur magnam est saepe. Voluptates dolor consequuntur dolorem impedit molestias et. Similique rerum vitae quos. Doloremque ad labore est aut dolore.', 3, 6, 16, 1, '1', NULL, '2017-04-15 17:01:46', '2017-04-15 17:02:08'),
	(73, 'I should think you\'ll feel it a violent shake at the moment, \'My dear! I.', 'Recusandae tempora et corrupti consequatur. Quisquam eveniet perspiciatis ut error corporis voluptas. Aut deleniti totam dolore et.', 10, 14, 3, 1, '1', NULL, '2017-04-15 17:01:46', '2017-04-15 17:02:08'),
	(74, 'Alice said very politely, \'for I never understood what it might tell her.', 'Impedit veniam tempora voluptatem perspiciatis recusandae. Voluptas dolore est commodi amet culpa quia maiores.', 1, 14, 18, 1, '1', NULL, '2017-04-15 17:01:46', '2017-04-15 17:02:08'),
	(75, 'And here poor Alice in a hurry that she remained the same as they came.', 'Soluta unde delectus velit deleniti enim eaque. Eum quaerat laborum doloribus repellendus. Officiis debitis reiciendis sunt excepturi.', 14, 23, 3, 1, '1', NULL, '2017-04-15 17:01:46', '2017-04-15 17:02:09'),
	(76, 'Mock Turtle. \'Hold your tongue!\' added the Gryphon, and the whole she.', 'Nisi qui esse ipsum corporis perferendis harum. Doloribus unde sint earum molestiae qui. Delectus error blanditiis aut aut sint nulla.', 23, 24, 15, 1, '1', NULL, '2017-04-15 17:01:47', '2017-04-15 17:02:09'),
	(77, 'Duchess, who seemed too much frightened that she was now the right way to.', 'Aliquid amet ut dolorum modi. Suscipit dicta quo quas qui facilis. Veniam modi harum eius dolorem id non. Qui dolores non nostrum ea non.', 9, 13, 3, 1, '1', NULL, '2017-04-15 17:01:47', '2017-04-15 17:02:09'),
	(78, 'Morcar, the earls of Mercia and Northumbria, declared for him: and even.', 'Dolorem qui facere minus enim ea. Voluptas repudiandae beatae ut itaque qui voluptatum aperiam. Asperiores officia iste blanditiis aliquam quo qui. Quae est commodi et cumque qui et.', 10, 16, 7, 1, '1', NULL, '2017-04-15 17:01:47', '2017-04-15 17:02:09'),
	(79, 'I should think!\' (Dinah was the Hatter. \'I told you butter wouldn\'t suit.', 'Molestias cupiditate eos praesentium ex sit. Blanditiis aperiam beatae deserunt blanditiis. Unde mollitia minus fugit quaerat commodi animi esse.', 13, 27, 2, 1, '1', NULL, '2017-04-15 17:01:47', '2017-04-15 17:02:09'),
	(80, 'Queen?\' said the Cat, and vanished again. Alice waited a little, and then.', 'Dolorem est aut qui molestiae. Dicta voluptatem maxime sed accusantium.', 15, 19, 4, 1, '1', NULL, '2017-04-15 17:01:47', '2017-04-15 17:02:09'),
	(81, 'At last the Mouse, who was reading the list of the cakes, and was.', 'Velit est id accusantium perspiciatis. Quae amet dolores sapiente saepe. Labore quasi vel enim in quis non repudiandae. Inventore molestiae et natus perferendis vel itaque aperiam.', 13, 5, 10, 1, '1', NULL, '2017-04-15 17:01:47', '2017-04-15 17:02:09'),
	(82, 'CHAPTER VI. Pig and Pepper For a minute or two, looking for it, she found.', 'Et excepturi sit quaerat molestiae. Mollitia eaque ab consectetur est nisi aspernatur nostrum. Aut et voluptatem architecto rerum pariatur et explicabo laudantium.', 13, 13, 16, 1, '1', NULL, '2017-04-15 17:01:47', '2017-04-15 17:02:10'),
	(83, 'White Rabbit returning, splendidly dressed, with a little different. But.', 'Dicta quas quo itaque ullam ipsum quia dolorem. Quis ullam quibusdam eum voluptates et nostrum perspiciatis.', 15, 22, 17, 1, '1', NULL, '2017-04-15 17:01:47', '2017-04-15 17:02:10'),
	(84, 'Dodo suddenly called out as loud as she swam nearer to watch them, and.', 'At ab iure quia ipsum. Molestiae qui ut rerum nesciunt. Vitae facere expedita non occaecati sit. Cupiditate sit totam quis dolore alias.', 4, 1, 18, 1, '1', NULL, '2017-04-15 17:01:48', '2017-04-15 17:02:10'),
	(85, 'LESS,\' said the Duchess, \'and that\'s the queerest thing about it.\' \'She\'s.', 'Dolore autem optio culpa vero provident optio. Maxime delectus labore itaque voluptas. Fuga cupiditate qui est. Autem tenetur qui sit.', 14, 12, 4, 1, '1', NULL, '2017-04-15 17:01:48', '2017-04-15 17:02:10'),
	(86, 'I\'ll try and say "Who am I to get through was more than that, if you.', 'Accusantium aut voluptas aut vero enim. Totam aliquam molestiae dolorem aut eos. Accusamus laborum eius quia dolore repudiandae fugit. Distinctio enim et nihil consectetur dolores vel maxime.', 19, 16, 4, 1, '1', NULL, '2017-04-15 17:01:48', '2017-04-15 17:02:10'),
	(87, 'I must be what he did with the words a little, and then keep tight hold.', 'Molestiae commodi dolorem ut nobis iure a. Cumque quos est eius magni sequi rerum aut. Quisquam totam et vero eaque.', 18, 14, 11, 1, '1', NULL, '2017-04-15 17:01:48', '2017-04-15 17:02:10'),
	(88, 'Alice. \'I\'m a--I\'m a--\' \'Well! WHAT are you?\' And then a great hurry;.', 'Officiis illo similique dolorem. Sint saepe in doloribus eveniet molestias. Quas ut distinctio dolor at voluptatem ab.', 3, 27, 1, 1, '1', NULL, '2017-04-15 17:01:48', '2017-04-15 17:02:11'),
	(89, 'His voice has a timid and tremulous sound.] \'That\'s different from what I.', 'Deleniti optio fugiat non quasi quia. Neque sed nihil incidunt porro.\nDolores earum itaque nemo corporis. Nisi ut labore et eveniet nesciunt maiores. Aut debitis voluptas similique omnis dolores.', 7, 2, 20, 1, '1', NULL, '2017-04-15 17:01:49', '2017-04-15 17:02:11'),
	(90, 'When she got into the air off all its feet at the March Hare..', 'Ut et minus aperiam corrupti placeat. Vitae et magni itaque doloremque facere ea. Labore voluptates vel quod perferendis facere qui deserunt. Officia dolore omnis ab commodi.', 7, 5, 10, 1, '1', NULL, '2017-04-15 17:01:49', '2017-04-15 17:02:11'),
	(91, 'I\'m not the smallest notice of her sharp little chin into Alice\'s head..', 'Ex enim non recusandae aut aperiam modi. Id et sed suscipit necessitatibus qui nisi. Dolores non accusamus voluptate aut.', 24, 5, 5, 1, '1', NULL, '2017-04-15 17:01:49', '2017-04-15 17:02:11'),
	(92, 'Duchess, \'as pigs have to ask his neighbour to tell you--all I know all.', 'Deleniti commodi saepe omnis. Aut vero non cumque. Atque repellendus velit perferendis consequatur laudantium nobis. Enim consequatur dolor qui architecto qui commodi est.', 11, 20, 7, 1, '1', NULL, '2017-04-15 17:01:49', '2017-04-15 17:02:11'),
	(93, 'Oh dear! I shall have to go with the end of the party sat silent and.', 'Sint id quos dolorem ducimus voluptatem. Beatae illum ad voluptates at a distinctio et velit. Minima autem veniam ea in distinctio vero corporis.', 18, 26, 4, 1, '1', NULL, '2017-04-15 17:01:49', '2017-04-15 17:02:11'),
	(94, 'Rabbit, and had just begun to think about stopping herself before she.', 'Consequatur odio animi sit consequatur excepturi. Necessitatibus quis repellat sit. Dolore veniam eveniet labore molestias id et laboriosam et.', 14, 15, 1, 1, '1', NULL, '2017-04-15 17:01:50', '2017-04-15 17:02:11'),
	(95, 'AND QUEEN OF HEARTS. Alice was not easy to take the place where it had.', 'Ut debitis qui placeat nam minus consequuntur. Magni ipsam est deserunt tempore omnis. Et nostrum voluptas sed voluptatem. Aperiam dolor esse fuga qui rerum.', 7, 22, 11, 1, '1', NULL, '2017-04-15 17:01:50', '2017-04-15 17:02:11'),
	(96, 'And mentioned me to introduce some other subject of conversation. While.', 'Hic ut eum molestias non magni sed perspiciatis. At vel quia aut aut perspiciatis aliquam.', 23, 19, 1, 1, '1', NULL, '2017-04-15 17:01:50', '2017-04-15 17:02:12'),
	(97, 'And she went slowly after it: \'I never went to work shaking him and.', 'Nobis officiis suscipit incidunt et consequatur debitis. Accusamus recusandae natus delectus. Molestias saepe blanditiis omnis ut aut.', 23, 7, 13, 1, '1', NULL, '2017-04-15 17:01:50', '2017-04-15 17:02:12'),
	(98, 'I am in the pool rippling to the end: then stop.\' These were the two.', 'Ex dicta aut voluptatem consequatur numquam voluptatum atque sed. Est ex consequatur eos voluptas. Aut et vel sunt architecto. Hic iste et tenetur corporis omnis et molestiae.', 23, 11, 1, 1, '1', NULL, '2017-04-15 17:01:50', '2017-04-15 17:02:12'),
	(99, 'First, she tried her best to climb up one of its mouth, and its great.', 'Non tenetur nulla ut illum aut quis. Enim id illo ut. Quo non ratione quo eaque. Voluptatem sunt dolorum sed quam aut. Veniam sit et optio.', 16, 11, 6, 1, '1', NULL, '2017-04-15 17:01:50', '2017-04-15 17:02:12'),
	(100, 'I can\'t put it in asking riddles that have no answers.\' \'If you can\'t be.', 'Ut quis sint assumenda quod harum. Qui non eius facere at cumque repellendus eum. Et ut soluta nisi necessitatibus quos est.', 1, 7, 15, 1, '1', NULL, '2017-04-15 17:01:51', '2017-04-15 17:02:12'),
	(101, 'Hare went on. \'Or would you tell me,\' said Alice, swallowing down her.', 'Voluptas culpa distinctio et impedit eum occaecati eos. Debitis quasi impedit maiores corrupti rerum. Sint enim iste voluptas at et et facere velit.', 5, 2, 18, 1, '1', NULL, '2017-04-15 17:01:51', '2017-04-15 17:02:12'),
	(102, 'THEN--she found herself in a game of play with a yelp of delight, and.', 'Et ipsa cum reiciendis in hic minus tempore. Et sit expedita dicta sapiente eum voluptas. Quasi dicta vel animi consequatur. Voluptas dicta facilis aspernatur omnis quidem.', 16, 1, 4, 1, '1', NULL, '2017-04-15 17:01:51', '2017-04-15 17:02:12'),
	(103, 'There was a little bit of the doors of the bill, "French, music, AND.', 'Est eos occaecati omnis ut ipsum. Laudantium modi ut aut. Iste architecto placeat qui et libero necessitatibus.', 23, 6, 13, 1, '1', NULL, '2017-04-15 17:01:51', '2017-04-15 17:02:12'),
	(104, 'Dodo could not remember ever having seen such a thing before, but she got.', 'Dicta quia qui id nesciunt fugiat. Qui ut et omnis rerum. Necessitatibus atque nobis numquam ipsam non. Voluptas ratione voluptatibus sit.', 4, 6, 18, 1, '1', NULL, '2017-04-15 17:01:51', '2017-04-15 17:02:12'),
	(105, 'For instance, if you cut your finger VERY deeply with a smile. There was.', 'Cum incidunt vel aliquam non ipsam consequatur. Porro et eveniet animi quidem harum sunt est. Eos adipisci mollitia nulla molestiae iure suscipit deserunt.', 10, 22, 8, 1, '1', NULL, '2017-04-15 17:01:51', '2017-04-15 17:02:13'),
	(106, 'WOULD twist itself round and look up in such confusion that she did not.', 'Qui maxime et est voluptas quis sed. Et exercitationem sit fuga repellendus atque totam provident.', 24, 13, 5, 1, '1', NULL, '2017-04-15 17:01:52', '2017-04-15 17:02:13'),
	(107, 'Queen, turning purple. \'I won\'t!\' said Alice. \'It goes on, you know,\' the.', 'Impedit non corporis ut recusandae. Odio ipsam natus consequatur hic. Sint autem perferendis quia harum autem.', 13, 12, 9, 1, '1', NULL, '2017-04-15 17:01:52', '2017-04-15 17:02:13'),
	(108, 'How puzzling all these changes are! I\'m never sure what I\'m going to turn.', 'Tempore ex voluptates est sint corrupti aliquid at. Aliquid maxime reiciendis sint repellendus. Quaerat ducimus quia aut quo. Ut recusandae similique sed id.', 15, 14, 4, 1, '1', NULL, '2017-04-15 17:01:52', '2017-04-15 17:02:13'),
	(109, 'I know. Silence all round, if you could manage it?) \'And what an ignorant.', 'Repudiandae ea sed provident voluptas sed eligendi cumque quia. Deleniti impedit alias neque et maiores culpa. Impedit quas sit dolorum perferendis.', 15, 13, 21, 1, '1', NULL, '2017-04-15 17:01:52', '2017-04-15 17:02:13'),
	(110, 'Latin Grammar, \'A mouse--of a mouse--to a mouse--a mouse--O mouse!\') The.', 'Assumenda rem numquam fuga fugit. Est velit et a et facere cupiditate ipsa reiciendis. Omnis autem fugiat aspernatur vitae voluptas atque.', 17, 25, 15, 1, '1', NULL, '2017-04-15 17:01:52', '2017-04-15 17:02:13'),
	(111, 'I must have been was not a regular rule: you invented it just now.\' \'It\'s.', 'Voluptas earum iure doloremque ipsum. Voluptatem est aut libero dolores nihil quo. Voluptatem quia nostrum ex quo.\nPerferendis velit fuga cum. Voluptatem velit recusandae eaque. A qui id est nemo.', 17, 4, 18, 1, '1', NULL, '2017-04-15 17:01:52', '2017-04-15 17:02:13'),
	(112, 'Hatter began, in a sulky tone, as it went, as if it makes me grow larger,.', 'Voluptate libero voluptatem vitae. Repellat sunt ab officia deleniti laudantium repellat incidunt omnis. Incidunt eveniet eaque exercitationem animi.', 13, 4, 14, 1, '1', NULL, '2017-04-15 17:01:52', '2017-04-15 17:02:13'),
	(113, 'Gryphon. \'They can\'t have anything to say, she simply bowed, and took the.', 'Optio similique harum sed quia est cupiditate asperiores. Rerum dolor deserunt soluta inventore aliquam aliquam id. Minima ut ut earum dolores.', 27, 2, 9, 1, '1', NULL, '2017-04-15 17:01:52', '2017-04-15 17:02:13'),
	(114, 'THE.', 'Quod enim rerum nemo est rerum ut eaque. Deleniti velit quia quia et sit. Harum aut rerum dolores eum optio. Voluptatem autem vel tempora asperiores fuga quasi commodi asperiores.', 24, 19, 9, 1, '1', NULL, '2017-04-15 17:01:52', '2017-04-15 17:02:14'),
	(115, 'Alice thought over all the time she heard a little now and then, \'we went.', 'Consequuntur et atque unde. Omnis excepturi provident eos consequatur. Rerum non occaecati pariatur consequatur quaerat. Quisquam soluta suscipit et unde.', 17, 23, 10, 1, '1', NULL, '2017-04-15 17:01:52', '2017-04-15 17:02:14'),
	(116, 'Gryphon: and Alice looked round, eager to see you any more!\' And here.', 'Sit quaerat sit sed eum rerum. Voluptas et quia et explicabo. Aut eius vitae dolor placeat laborum blanditiis corporis. Porro cumque ullam molestiae tempora.', 26, 20, 8, 1, '1', NULL, '2017-04-15 17:01:53', '2017-04-15 17:02:14'),
	(117, 'I--\' \'Oh, don\'t talk about cats or dogs either, if you only walk long.', 'Et natus aut sed. Dolorem eos animi adipisci dolorem harum. Iure ratione non voluptas hic quia. Omnis consequatur itaque quisquam ut.\nCupiditate qui placeat eum. Est eos a id quasi est.', 19, 1, 14, 1, '1', NULL, '2017-04-15 17:01:53', '2017-04-15 17:02:14'),
	(118, 'VERY unpleasant state of mind, she turned the corner, but the Dormouse.', 'Repellendus sunt animi odio quis. Ut qui excepturi excepturi quidem labore dicta necessitatibus. Voluptatem odio sapiente fugit temporibus non. Asperiores nam et incidunt.', 18, 14, 19, 1, '1', NULL, '2017-04-15 17:01:53', '2017-04-15 17:02:14'),
	(119, 'I\'m angry. Therefore I\'m mad.\' \'I call it purring, not growling,\' said.', 'Aliquam quam cum unde quo eos ut perspiciatis. Mollitia reprehenderit sit occaecati corporis doloremque est et. Ut at sit odio a reprehenderit possimus dolorem sit.', 4, 15, 15, 1, '1', NULL, '2017-04-15 17:01:53', '2017-04-15 17:02:14'),
	(120, 'Gryphon. \'How the creatures argue. It\'s enough to get an opportunity of.', 'Facilis quibusdam alias dolore aut mollitia atque ut. Nihil placeat iste aliquam odio cumque. Magni tenetur iure veritatis animi saepe.', 8, 15, 20, 1, '1', NULL, '2017-04-15 17:01:53', '2017-04-15 17:02:15'),
	(121, 'Alice. \'Then it ought to have wondered at this, but at any rate,\' said.', 'Odit consequuntur dolorem ipsam eaque. Qui eveniet optio ducimus impedit. Velit sed sit omnis asperiores. Corrupti impedit velit ducimus harum.', 9, 22, 14, 1, '1', NULL, '2017-04-15 17:01:53', '2017-04-15 17:02:15'),
	(122, 'Panther received knife and fork with a sigh: \'it\'s always tea-time, and.', 'Quasi sunt sint repellendus qui dolores fugiat. Vel sit sit cupiditate et. Placeat sit optio est repellat illo ut.', 9, 11, 10, 1, '1', NULL, '2017-04-15 17:01:53', '2017-04-15 17:02:15'),
	(123, 'So she went on, \'if you only kept on puzzling about it in a twinkling!.', 'Laborum veritatis dolores sit qui voluptas et tempora quis. Sit voluptatibus excepturi in aut. Maxime voluptas qui et in. Velit voluptatibus quod itaque corrupti ut saepe.', 10, 16, 1, 1, '1', NULL, '2017-04-15 17:01:53', '2017-04-15 17:02:15'),
	(124, 'Queen. \'Can you play croquet with the clock. For instance, if you cut.', 'Quam dolores iure qui accusamus. Possimus amet blanditiis reprehenderit voluptatem rerum molestiae unde quo. Laudantium velit eos itaque quis est dolorem commodi.', 21, 7, 19, 1, '1', NULL, '2017-04-15 17:01:53', '2017-04-15 17:02:15'),
	(125, 'I\'d been the whiting,\' said Alice, who was reading the list of singers..', 'Perferendis qui velit facere. Ab necessitatibus quis eos laudantium. Temporibus sunt voluptatem soluta est quia iure in. Eum praesentium repellendus in id.', 11, 27, 17, 1, '1', NULL, '2017-04-15 17:01:53', '2017-04-15 17:02:15'),
	(126, 'Alice; \'that\'s not at all anxious to have been a holiday?\' \'Of course.', 'Et rem laborum sit alias nisi similique. A exercitationem dolores odit adipisci ducimus. Aperiam pariatur nisi vitae quas laboriosam autem.', 21, 25, 6, 1, '1', NULL, '2017-04-15 17:01:53', '2017-04-15 17:02:15'),
	(127, 'The executioner\'s argument was, that anything that had slipped in like.', 'Repudiandae sunt in voluptatibus nemo sit. Quas quia et pariatur. Ut qui labore repudiandae debitis. Mollitia id odio nam eum.', 19, 7, 13, 1, '1', NULL, '2017-04-15 17:01:53', '2017-04-15 17:02:15'),
	(128, 'When I used to call him Tortoise, if he would not join the dance? Will.', 'Libero quidem adipisci sed sed eveniet et veniam. Fuga veritatis sint ratione harum ab eius. Rerum voluptas incidunt ipsum tempore vel dolore. Non aut animi sint illo quos.', 19, 22, 8, 1, '1', NULL, '2017-04-15 17:01:53', '2017-04-15 17:02:16'),
	(129, 'Queen, and in his sleep, \'that "I like what I could show you our cat.', 'Facilis nulla natus eaque distinctio. Vel autem voluptatem itaque nemo eos provident. Et quos rerum repellendus quia distinctio dicta iure.', 11, 9, 16, 1, '1', NULL, '2017-04-15 17:01:53', '2017-04-15 17:02:16'),
	(130, 'Alice caught the baby at her own ears for having missed their turns, and.', 'Occaecati id a eos quia quia quam. Non incidunt ab pariatur. Qui quae ut delectus.\nEaque tempora accusamus fugiat qui tempore. Molestiae est optio unde et. Ex sunt omnis corporis dolor vel.', 2, 21, 12, 1, '1', NULL, '2017-04-15 17:01:53', '2017-04-15 17:02:16'),
	(131, 'Gryphon. \'Well, I hardly know--No more, thank ye; I\'m better now--but I\'m.', 'Enim at et delectus. Ratione debitis aut consectetur dolore. Explicabo error velit voluptatibus vel velit numquam voluptas. Commodi quia amet sed et beatae nesciunt.', 21, 26, 17, 1, '1', NULL, '2017-04-15 17:01:53', '2017-04-15 17:02:16'),
	(132, 'Queen said to herself in the direction it pointed to, without trying to.', 'Quasi quibusdam recusandae aut delectus mollitia. Voluptatibus reprehenderit sint magnam eum. Ut corporis sit et. Debitis quis omnis voluptatem repellat vero reiciendis dolorem quia.', 17, 8, 9, 1, '1', NULL, '2017-04-15 17:01:53', '2017-04-15 17:02:16'),
	(133, 'This was not quite sure whether it would be the use of a bottle. They all.', 'Nostrum minima similique modi in inventore enim ipsum nam. Pariatur eaque id iure debitis tenetur. Non nihil est deserunt totam. Vel ratione ut et aut aut dolor eaque a.', 5, 8, 9, 1, '1', NULL, '2017-04-15 17:01:53', '2017-04-15 17:02:16'),
	(134, 'I don\'t remember where.\' \'Well, it must make me grow smaller, I can guess.', 'Quasi enim repudiandae earum enim. Explicabo aut sapiente consequuntur eveniet. Odit eius omnis placeat earum labore aliquid consequuntur. Atque hic exercitationem nostrum exercitationem voluptas.', 8, 6, 1, 1, '1', NULL, '2017-04-15 17:01:54', '2017-04-15 17:02:16'),
	(135, 'Lizard, who seemed to her great disappointment it was quite pleased to.', 'Modi temporibus sint aut. Sint ea et hic recusandae. Quae hic perferendis quod ullam ullam nesciunt qui. Tenetur quo similique voluptas.', 10, 25, 4, 1, '1', NULL, '2017-04-15 17:01:54', '2017-04-15 17:02:16'),
	(136, 'SAID was, \'Why is a raven like a frog; and both footmen, Alice noticed,.', 'Quia magni commodi tempore asperiores velit. Occaecati omnis suscipit et ut. Ut reiciendis sequi modi.', 11, 26, 6, 1, '1', NULL, '2017-04-15 17:01:54', '2017-04-15 17:02:16'),
	(137, 'Mock Turtle said: \'I\'m too stiff. And the Eaglet bent down its head.', 'Temporibus eos recusandae rerum saepe qui ratione quia. Non ut quia quos quae sit consequatur ut. Ab iusto earum doloremque molestias est sunt. Sunt architecto illum ea quaerat minus porro sed.', 18, 18, 3, 1, '1', NULL, '2017-04-15 17:01:54', '2017-04-15 17:02:17'),
	(138, 'The Duchess took her choice, and was just in time to wash the things get.', 'Sed sit dolorem modi ad omnis reiciendis. Numquam voluptas libero voluptatum libero odit soluta omnis.', 3, 19, 9, 1, '1', NULL, '2017-04-15 17:01:54', '2017-04-15 17:02:17'),
	(139, 'Alice a little pattering of feet on the twelfth?\' Alice went on so long.', 'Voluptatem ullam dicta architecto illum consequuntur reiciendis. Iure omnis eveniet rem sint sunt. Modi nobis cupiditate reiciendis placeat tempora.', 14, 14, 16, 1, '1', NULL, '2017-04-15 17:01:54', '2017-04-15 17:02:17'),
	(140, 'For really this morning I\'ve nothing to do: once or twice, half hoping.', 'Dolorum eos blanditiis commodi ducimus qui assumenda sed. Dolore iure officiis ut aliquam qui. Eaque consequuntur delectus consequuntur. Harum quaerat ipsa deleniti qui.', 13, 14, 10, 1, '1', NULL, '2017-04-15 17:01:55', '2017-04-15 17:02:17'),
	(141, 'Mock Turtle said: \'advance twice, set to partners--\' \'--change lobsters,.', 'Asperiores incidunt in occaecati voluptatem ipsam exercitationem. Commodi illo veritatis voluptatem possimus voluptatem quas laborum. Voluptas nobis aut doloremque quisquam.', 18, 23, 11, 1, '1', NULL, '2017-04-15 17:01:55', '2017-04-15 17:02:17'),
	(142, 'After these came the royal children; there were any tears. No, there were.', 'Aut id dolor molestias expedita architecto possimus. Et rem mollitia necessitatibus aut sit. Qui alias ut id praesentium et qui aut omnis. Cum error dolorem voluptatem quam.', 14, 24, 5, 1, '1', NULL, '2017-04-15 17:01:55', '2017-04-15 17:02:17'),
	(143, 'Some of the sea.\' \'I couldn\'t help it,\' said Alice, in a great hurry. An.', 'Error laudantium fugiat omnis excepturi a qui. Laborum aliquam dolor soluta aut consequatur excepturi illo alias.', 5, 3, 20, 1, '1', NULL, '2017-04-15 17:01:55', '2017-04-15 17:02:17'),
	(144, 'Alice had never done such a puzzled expression that she knew she had sat.', 'Nesciunt eos voluptatibus eum ad sit molestias sint. Fuga quia velit itaque fugit velit sunt. Tempora optio magni repellat beatae.', 1, 20, 2, 1, '1', NULL, '2017-04-15 17:01:56', '2017-04-15 17:02:18'),
	(145, 'Majesty,\' said Alice indignantly. \'Let me alone!\' \'Serpent, I say again!\'.', 'Non eius sit qui repellendus sunt. Sequi sed odio enim omnis. Corrupti quibusdam quas quam aliquam non est ea. Labore voluptatem dolorum esse. Modi voluptates optio quod voluptatem culpa quam.', 15, 14, 6, 1, '1', NULL, '2017-04-15 17:01:56', '2017-04-15 17:02:18'),
	(146, 'Some of the crowd below, and there she saw them, they set to work, and.', 'Hic aliquam adipisci autem sunt mollitia impedit. Quasi consectetur quia doloremque totam sunt. Veniam autem corrupti blanditiis perferendis quia.', 20, 11, 2, 1, '1', NULL, '2017-04-15 17:01:56', '2017-04-15 17:02:18'),
	(147, 'However, I\'ve got to go after that into a large pool all round the court.', 'Accusantium necessitatibus corporis ipsam iusto autem cupiditate quaerat. Placeat qui illo eligendi delectus deleniti dicta. Cupiditate cumque ea sint soluta ullam earum unde.', 2, 5, 2, 1, '1', NULL, '2017-04-15 17:01:56', '2017-04-15 17:02:18'),
	(148, 'March.\' As she said to Alice. \'What IS the same thing as a cushion,.', 'Cum optio impedit eum cupiditate. Consequatur ea aut repudiandae nisi voluptatibus a voluptas. Eveniet eaque repellat adipisci aspernatur voluptas hic adipisci.', 2, 19, 16, 1, '1', NULL, '2017-04-15 17:01:56', '2017-04-15 17:02:19'),
	(149, 'Alice, as she said to herself, \'whenever I eat or drink something or.', 'Voluptas modi veritatis reiciendis ullam eos sed ipsum quaerat. Reiciendis voluptas debitis qui nihil. Iure autem ipsum ipsam commodi. Fuga quo reprehenderit ut nulla autem.', 28, 27, 2, 1, '1', NULL, '2017-04-15 17:01:57', '2017-04-15 17:02:19'),
	(150, 'In the very middle of the game, the Queen in a very little way off, and.', 'Ut ut vel aut asperiores a sunt. Omnis suscipit voluptate dicta id reprehenderit ducimus repellat. Voluptatibus incidunt et veritatis omnis qui libero.', 11, 15, 21, 1, '1', NULL, '2017-04-15 17:01:57', '2017-04-15 17:02:19');
/*!40000 ALTER TABLE `testimonials` ENABLE KEYS */;


-- Dumping structure for table occassions_pro_db.throttle
CREATE TABLE IF NOT EXISTS `throttle` (
  `id` int(10) unsigned NOT NULL AUTO_INCREMENT,
  `user_id` int(10) unsigned DEFAULT NULL,
  `type` varchar(255) COLLATE utf8_unicode_ci NOT NULL,
  `ip` varchar(255) COLLATE utf8_unicode_ci DEFAULT NULL,
  `created_at` timestamp NULL DEFAULT NULL,
  `updated_at` timestamp NULL DEFAULT NULL,
  PRIMARY KEY (`id`),
  KEY `throttle_user_id_index` (`user_id`)
) ENGINE=InnoDB AUTO_INCREMENT=4 DEFAULT CHARSET=utf8 COLLATE=utf8_unicode_ci;

-- Dumping data for table occassions_pro_db.throttle: ~11 rows (approximately)
/*!40000 ALTER TABLE `throttle` DISABLE KEYS */;
INSERT INTO `throttle` (`id`, `user_id`, `type`, `ip`, `created_at`, `updated_at`) VALUES
	(1, NULL, 'global', NULL, '2017-04-15 17:39:12', '2017-04-15 17:39:12'),
	(2, NULL, 'ip', '127.0.0.1', '2017-04-15 17:39:12', '2017-04-15 17:39:12'),
	(3, 26, 'user', NULL, '2017-04-15 17:39:12', '2017-04-15 17:39:12');
/*!40000 ALTER TABLE `throttle` ENABLE KEYS */;


-- Dumping structure for table occassions_pro_db.users
CREATE TABLE IF NOT EXISTS `users` (
  `id` int(10) unsigned NOT NULL AUTO_INCREMENT,
  `email` varchar(255) COLLATE utf8_unicode_ci NOT NULL,
  `password` varchar(255) COLLATE utf8_unicode_ci NOT NULL,
  `permissions` text COLLATE utf8_unicode_ci,
  `last_login` timestamp NULL DEFAULT NULL,
  `first_name` varchar(255) COLLATE utf8_unicode_ci DEFAULT NULL,
  `last_name` varchar(255) COLLATE utf8_unicode_ci DEFAULT NULL,
  `name` varchar(255) COLLATE utf8_unicode_ci DEFAULT NULL,
  `remember_token` varchar(100) COLLATE utf8_unicode_ci DEFAULT NULL,
  `created_at` timestamp NULL DEFAULT NULL,
  `updated_at` timestamp NULL DEFAULT NULL,
  `deleted_at` timestamp NULL DEFAULT NULL,
  PRIMARY KEY (`id`),
  UNIQUE KEY `users_email_unique` (`email`)
) ENGINE=InnoDB AUTO_INCREMENT=29 DEFAULT CHARSET=utf8 COLLATE=utf8_unicode_ci;

-- Dumping data for table occassions_pro_db.users: ~30 rows (approximately)
/*!40000 ALTER TABLE `users` DISABLE KEYS */;
INSERT INTO `users` (`id`, `email`, `password`, `permissions`, `last_login`, `first_name`, `last_name`, `name`, `remember_token`, `created_at`, `updated_at`, `deleted_at`) VALUES
	(1, 'kim@happyweekend.com', '$2y$10$rqjcKwkGMYel3IvSIyo1Xusw0qcad4e7wOt382vlMkW377a56ifx2', NULL, NULL, 'Kim', 'Maravilla', 'Kim Maravilla', NULL, '2017-04-15 16:59:27', '2017-04-15 16:59:27', NULL),
	(2, 'lyra@happyweekend.com', '$2y$10$7dQ8/5323soiiXpdPj0HsO3XNYtQA1dRpdKSH3gNkD3PLFXy.r7sa', NULL, NULL, 'Lyra', 'Bona-og', 'Lyra Bona-og', NULL, '2017-04-15 16:59:29', '2017-04-15 16:59:29', NULL),
	(3, 'prince@happyweekend.com', '$2y$10$.axMJ6vvjcU6n8bEV5V7JuIyDStCeyCnWPI/Q8Csn5Z3gwM1v0cFi', NULL, NULL, 'Prince', 'Gayares', 'Prince Gayares', NULL, '2017-04-15 16:59:29', '2017-04-15 16:59:29', NULL),
	(4, 'janina@happyweekend.com', '$2y$10$ax8uTfRqn.1QcA22xetAK.u9H5sccoCc3sOM7bEHH2yyU1tKiDZ3q', NULL, NULL, 'Janina', 'Diesta', 'Janina Diesta', NULL, '2017-04-15 16:59:30', '2017-04-15 16:59:30', NULL),
	(5, 'gidz@happyweekend.com', '$2y$10$nqOEOJctY/eIpIPtoQ7I5OdVtjP.QBKWaVAuKAErGFrHQwm4CVVU6', NULL, NULL, 'Gidz', 'Rivas', 'Gidz Rivas', NULL, '2017-04-15 16:59:31', '2017-04-15 16:59:31', NULL),
	(6, 'admin@happyweekend.com', '$2y$10$xTilkIZT/QHBqDMEKDVNA.RYV1968fZ1z0RjsM9U6pnw67qE0Sf2G', NULL, NULL, 'Admin', 'Admin', 'Admin Admin', NULL, '2017-04-15 16:59:32', '2017-04-15 16:59:32', NULL),
	(7, 'developer@happyweekend.com', '$2y$10$28xVfzh5AEaVFQwm05DihODcnYknnct7GAl.j.CVDq4H1kXsfbo66', NULL, NULL, 'Happy', 'Developer', 'Happy Developer', NULL, '2017-04-15 16:59:32', '2017-04-15 16:59:32', NULL),
	(8, 'odell62@example.net', '$2y$10$k2AesOsigxu17Kyd.Tr4J.envZtm9S1GUAdWimr4ryoOH4cKF7ov6', '{"client":true}', NULL, 'Cathrine', 'Hettinger', 'Rhiannon Bernier', NULL, '2017-04-15 16:59:39', '2017-04-15 16:59:39', NULL),
	(9, 'king.jorge@example.org', '$2y$10$zR8QF/6XX1/8aEud8sZOtOIWbclKiHObYrip0bmdU14K80hLfBJ06', '{"client":true}', NULL, 'Dejon', 'Collier', 'Alyce Howell', NULL, '2017-04-15 16:59:39', '2017-04-15 16:59:39', NULL),
	(10, 'orn.albert@example.org', '$2y$10$1zwFrWz8pN8081gJe9Hfbenaussv1dO7XaDVK0YdLz/M4ezuca0u.', '{"client":true}', NULL, 'Glenda', 'Kunze', 'Belle Kirlin', NULL, '2017-04-15 16:59:39', '2017-04-15 16:59:39', NULL),
	(11, 'tsmitham@example.org', '$2y$10$mkj4dRUtUEwMouG9BaGYPuI6SL8DHbFc7lhktwhU9x81VZhd7nx02', '{"professional":true}', NULL, 'Bret', 'O\'Hara', 'Mallie Denesik', NULL, '2017-04-15 16:59:40', '2017-04-15 16:59:40', NULL),
	(12, 'jake.homenick@example.net', '$2y$10$DeQtkNmBA9bIKv7l52PEBOnjA0oEkns.JyI6cdzw6.v68.XM4kAZS', '{"professional":true}', NULL, 'Margret', 'Lesch', 'Carlo Homenick', NULL, '2017-04-15 16:59:40', '2017-04-15 16:59:40', NULL),
	(13, 'schaden.christine@example.net', '$2y$10$D4is3oZ0DsFp3V222X13Tenl0cxy3.21zxHvVo74EKVMdqPfymZ5y', '{"professional":true}', NULL, 'Clare', 'Veum', 'Charlotte Brakus', NULL, '2017-04-15 16:59:40', '2017-04-15 16:59:40', NULL),
	(14, 'arunte@example.com', '$2y$10$ed6TbFNYj3KEvgmulqgIDOKMQJ0TQadl/luViMUY0.J0c2IOFXfj2', '{"professional":true}', NULL, 'Jimmy', 'Hansen', 'Erica Heidenreich', NULL, '2017-04-15 16:59:41', '2017-04-15 16:59:41', NULL),
	(15, 'langosh.margaretta@example.org', '$2y$10$q./BUGakFd7Sk/HDm9J.OeyOI76r9/MY7TUn1iigp9dr6Pgqo5Axe', '{"professional":true}', NULL, 'Luz', 'Larson', 'Sydnie Hoppe', NULL, '2017-04-15 16:59:41', '2017-04-15 16:59:41', NULL),
	(16, 'njacobi@example.net', '$2y$10$1E6wFSw1GO4Y.YhMcptDJ.gypfn.5.awhqduP7yc1edSSqL0OOuiW', '{"professional":true}', NULL, 'Carolyn', 'Howell', 'Sunny D\'Amore', NULL, '2017-04-15 16:59:41', '2017-04-15 16:59:41', NULL),
	(17, 'twindler@example.org', '$2y$10$rBk8XRcTNC97rirX4t4gRuDmB5dcyRug/8ACmXOzSSbHy5Nt7sVPG', '{"client":true}', NULL, 'Bessie', 'Lynch', 'Lilyan Lowe', NULL, '2017-04-15 16:59:41', '2017-04-15 16:59:41', NULL),
	(18, 'okey37@example.net', '$2y$10$AHkpbfrvWdxDQiGBHKNHlOtPkouA2MO/rTtGJSlws72Id1ZrNwUcm', '{"professional":true}', NULL, 'Paris', 'Littel', 'Arlie Friesen', NULL, '2017-04-15 16:59:42', '2017-04-15 16:59:42', NULL),
	(19, 'desiree.schaefer@example.com', '$2y$10$FeUmB9VfibVbzgF3kNoJKO/x4fZ8H4iOyZWeIycdtEfEMBKTD2M6G', '{"professional":true}', NULL, 'Stephen', 'Breitenberg', 'Reinhold Larkin', NULL, '2017-04-15 16:59:42', '2017-04-15 16:59:42', NULL),
	(20, 'kasey76@example.org', '$2y$10$RuOYZDF23jyu7OHO5fLUbu11ttvNchUJh8JHKerrLCQedbzMkQd3W', '{"client":true}', NULL, 'Ismael', 'DuBuque', 'Estelle Beer', NULL, '2017-04-15 16:59:42', '2017-04-15 16:59:42', NULL),
	(21, 'litzy98@example.net', '$2y$10$.ZbPhnj5fnIEg.jObuTEjuQDWoyxp029qsP6K.nbyGp8Kmd1BPECi', '{"client":true}', NULL, 'Eldora', 'Hane', 'Marlon Quigley', NULL, '2017-04-15 16:59:43', '2017-04-15 16:59:43', NULL),
	(22, 'carter.kyla@example.org', '$2y$10$4k0lVbZJCNfwNExfuyYxZeKum0HgAc3MHNcpV44t80TDSKbd41BCK', '{"professional":true}', NULL, 'Watson', 'Lebsack', 'Alva Shields', NULL, '2017-04-15 16:59:43', '2017-04-15 16:59:43', NULL),
	(23, 'hammes.lane@example.org', '$2y$10$Z/W7x18iZDGQYJTrF3vk7.yfWvuur6w9wWzKvO0VFWsISCstpNu0q', '{"client":true}', NULL, 'Gavin', 'Braun', 'Raphael Langosh', NULL, '2017-04-15 16:59:43', '2017-04-15 16:59:43', NULL),
	(24, 'name29@example.com', '$2y$10$KYyNZiAqEgsG7o0vWKFaCOHuTi7HXMbiFChkoof/u2RF4bRC8ztSi', '{"client":true}', NULL, 'Antonetta', 'Wilderman', 'Chelsie Conn', NULL, '2017-04-15 16:59:43', '2017-04-15 16:59:43', NULL),
	(25, 'esmeralda91@example.net', '$2y$10$1kCSTifjwnjTHe04M0aQOe/VWNY52TK8qgvNufllicS.GU6DPWIQy', '{"client":true}', NULL, 'Viviane', 'Sauer', 'Arnoldo Boyle', NULL, '2017-04-15 16:59:43', '2017-04-15 16:59:43', NULL),
	(26, 'marguerite.von@example.net', '$2y$10$eJwdjGDKAj85d7Uh0r95WuxHEHwQELjkd3NscY1ilHsq4F7HHT/By', '{"professional":true}', '2017-04-15 17:39:27', 'Eve', 'Nolan', 'Daphnee Willms', NULL, '2017-04-15 16:59:44', '2017-04-15 17:39:27', NULL),
	(27, 'junior88@example.org', '$2y$10$M8FCqtU4/X6h9VBt2I08ZeztEIFXt7Nr8WQfFJVwh5VO25zxbp0xK', '{"client":true}', NULL, 'Yvette', 'Nader', 'Erick Walter', NULL, '2017-04-15 16:59:44', '2017-04-15 16:59:44', NULL),
	(28, 'kimluari+johndoe@gmail.com', '$2y$10$.bw/maz/4cwSzDtMWuUwquc41q48uZts3I.o7eydGwHDqOjjrHm6.', '{"client":true}', '2017-04-15 17:11:25', 'John 2 ', 'Doe 3', 'John Doe', NULL, '2017-04-15 17:10:45', '2017-04-15 17:12:00', NULL);
/*!40000 ALTER TABLE `users` ENABLE KEYS */;


-- Dumping structure for table occassions_pro_db.user_settings
CREATE TABLE IF NOT EXISTS `user_settings` (
  `id` int(10) unsigned NOT NULL AUTO_INCREMENT,
  `user_id` int(11) NOT NULL,
  `type` varchar(255) COLLATE utf8_unicode_ci NOT NULL,
  `name` varchar(255) COLLATE utf8_unicode_ci NOT NULL,
  `value` varchar(255) COLLATE utf8_unicode_ci DEFAULT NULL,
  `created_at` timestamp NULL DEFAULT NULL,
  `updated_at` timestamp NULL DEFAULT NULL,
  `deleted_at` timestamp NULL DEFAULT NULL,
  PRIMARY KEY (`id`)
) ENGINE=InnoDB DEFAULT CHARSET=utf8 COLLATE=utf8_unicode_ci;

-- Dumping data for table occassions_pro_db.user_settings: ~8 rows (approximately)
/*!40000 ALTER TABLE `user_settings` DISABLE KEYS */;
/*!40000 ALTER TABLE `user_settings` ENABLE KEYS */;
/*!40101 SET SQL_MODE=IFNULL(@OLD_SQL_MODE, '') */;
/*!40014 SET FOREIGN_KEY_CHECKS=IF(@OLD_FOREIGN_KEY_CHECKS IS NULL, 1, @OLD_FOREIGN_KEY_CHECKS) */;
/*!40101 SET CHARACTER_SET_CLIENT=@OLD_CHARACTER_SET_CLIENT */;
